nohup: ignoring input
=== GPU智能监控脚本已启动 ===
监控配置：GPU占用低于 20% 持续 180 秒后发送通知
通知后：将再持续监控 100 秒，若依旧空闲则关机
=========================
[Mon Jan 12 23:12:09 CST 2026] [监控中] 等待 30 秒...
[Mon Jan 12 23:12:40 CST 2026] [监控中] 当前最高GPU占用: 95%
[Mon Jan 12 23:12:40 CST 2026] [监控中] 等待 30 秒...
[Mon Jan 12 23:13:10 CST 2026] [监控中] 当前最高GPU占用: 100%
[Mon Jan 12 23:13:10 CST 2026] [监控中] 等待 30 秒...
[Mon Jan 12 23:13:40 CST 2026] [监控中] 当前最高GPU占用: 95%
[Mon Jan 12 23:13:40 CST 2026] [监控中] 等待 30 秒...
[Mon Jan 12 23:14:10 CST 2026] [监控中] 当前最高GPU占用: 93%
[Mon Jan 12 23:14:10 CST 2026] [监控中] 等待 30 秒...
[Mon Jan 12 23:14:40 CST 2026] [监控中] 当前最高GPU占用: 71%
[Mon Jan 12 23:14:40 CST 2026] [监控中] 等待 30 秒...
[Mon Jan 12 23:15:10 CST 2026] [监控中] 当前最高GPU占用: 95%
[Mon Jan 12 23:15:10 CST 2026] [监控中] 等待 30 秒...
[Mon Jan 12 23:15:40 CST 2026] [监控中] 当前最高GPU占用: 95%
[Mon Jan 12 23:15:40 CST 2026] [监控中] 等待 30 秒...
[Mon Jan 12 23:16:10 CST 2026] [监控中] 当前最高GPU占用: 78%
[Mon Jan 12 23:16:10 CST 2026] [监控中] 等待 30 秒...
[Mon Jan 12 23:16:40 CST 2026] [监控中] 当前最高GPU占用: 95%
[Mon Jan 12 23:16:40 CST 2026] [监控中] 等待 30 秒...
[Mon Jan 12 23:17:10 CST 2026] [监控中] 当前最高GPU占用: 100%
[Mon Jan 12 23:17:10 CST 2026] [监控中] 等待 30 秒...
[Mon Jan 12 23:17:40 CST 2026] [监控中] 当前最高GPU占用: 67%
[Mon Jan 12 23:17:40 CST 2026] [监控中] 等待 30 秒...
[Mon Jan 12 23:18:11 CST 2026] [监控中] 当前最高GPU占用: 96%
[Mon Jan 12 23:18:11 CST 2026] [监控中] 等待 30 秒...
[Mon Jan 12 23:18:41 CST 2026] [监控中] 当前最高GPU占用: 95%
[Mon Jan 12 23:18:41 CST 2026] [监控中] 等待 30 秒...
[Mon Jan 12 23:19:11 CST 2026] [监控中] 当前最高GPU占用: 95%
[Mon Jan 12 23:19:11 CST 2026] [监控中] 等待 30 秒...
[Mon Jan 12 23:19:41 CST 2026] [监控中] 当前最高GPU占用: 63%
[Mon Jan 12 23:19:41 CST 2026] [监控中] 等待 30 秒...
[Mon Jan 12 23:20:11 CST 2026] [监控中] 当前最高GPU占用: 84%
[Mon Jan 12 23:20:11 CST 2026] [监控中] 等待 30 秒...
[Mon Jan 12 23:20:41 CST 2026] [监控中] 当前最高GPU占用: 100%
[Mon Jan 12 23:20:41 CST 2026] [监控中] 等待 30 秒...
[Mon Jan 12 23:21:11 CST 2026] [监控中] 当前最高GPU占用: 69%
[Mon Jan 12 23:21:11 CST 2026] [监控中] 等待 30 秒...
[Mon Jan 12 23:21:41 CST 2026] [监控中] 当前最高GPU占用: 66%
[Mon Jan 12 23:21:41 CST 2026] [监控中] 等待 30 秒...
[Mon Jan 12 23:22:11 CST 2026] [监控中] 当前最高GPU占用: 89%
[Mon Jan 12 23:22:11 CST 2026] [监控中] 等待 30 秒...
[Mon Jan 12 23:22:41 CST 2026] [监控中] 当前最高GPU占用: 75%
[Mon Jan 12 23:22:41 CST 2026] [监控中] 等待 30 秒...
[Mon Jan 12 23:23:12 CST 2026] [监控中] 当前最高GPU占用: 100%
[Mon Jan 12 23:23:12 CST 2026] [监控中] 等待 30 秒...
[Mon Jan 12 23:23:42 CST 2026] [监控中] 当前最高GPU占用: 100%
[Mon Jan 12 23:23:42 CST 2026] [监控中] 等待 30 秒...
[Mon Jan 12 23:24:12 CST 2026] [监控中] 当前最高GPU占用: 95%
[Mon Jan 12 23:24:12 CST 2026] [监控中] 等待 30 秒...
[Mon Jan 12 23:24:42 CST 2026] [监控中] 当前最高GPU占用: 100%
[Mon Jan 12 23:24:42 CST 2026] [监控中] 等待 30 秒...
[Mon Jan 12 23:25:12 CST 2026] [监控中] 当前最高GPU占用: 100%
[Mon Jan 12 23:25:12 CST 2026] [监控中] 等待 30 秒...
[Mon Jan 12 23:25:42 CST 2026] [监控中] 当前最高GPU占用: 95%
[Mon Jan 12 23:25:42 CST 2026] [监控中] 等待 30 秒...
[Mon Jan 12 23:26:12 CST 2026] [监控中] 当前最高GPU占用: 95%
[Mon Jan 12 23:26:12 CST 2026] [监控中] 等待 30 秒...
[Mon Jan 12 23:26:42 CST 2026] [监控中] 当前最高GPU占用: 66%
[Mon Jan 12 23:26:42 CST 2026] [监控中] 等待 30 秒...
[Mon Jan 12 23:27:12 CST 2026] [监控中] 当前最高GPU占用: 94%
[Mon Jan 12 23:27:12 CST 2026] [监控中] 等待 30 秒...
[Mon Jan 12 23:27:42 CST 2026] [监控中] 当前最高GPU占用: 95%
[Mon Jan 12 23:27:42 CST 2026] [监控中] 等待 30 秒...
[Mon Jan 12 23:28:13 CST 2026] [监控中] 当前最高GPU占用: 68%
[Mon Jan 12 23:28:13 CST 2026] [监控中] 等待 30 秒...
[Mon Jan 12 23:28:43 CST 2026] [监控中] 当前最高GPU占用: 95%
[Mon Jan 12 23:28:43 CST 2026] [监控中] 等待 30 秒...
[Mon Jan 12 23:29:13 CST 2026] [监控中] 当前最高GPU占用: 79%
[Mon Jan 12 23:29:13 CST 2026] [监控中] 等待 30 秒...
[Mon Jan 12 23:29:43 CST 2026] [监控中] 当前最高GPU占用: 94%
[Mon Jan 12 23:29:43 CST 2026] [监控中] 等待 30 秒...
[Mon Jan 12 23:30:13 CST 2026] [监控中] 当前最高GPU占用: 67%
[Mon Jan 12 23:30:13 CST 2026] [监控中] 等待 30 秒...
[Mon Jan 12 23:30:43 CST 2026] [监控中] 当前最高GPU占用: 78%
[Mon Jan 12 23:30:43 CST 2026] [监控中] 等待 30 秒...
[Mon Jan 12 23:31:13 CST 2026] [监控中] 当前最高GPU占用: 65%
[Mon Jan 12 23:31:13 CST 2026] [监控中] 等待 30 秒...
[Mon Jan 12 23:31:43 CST 2026] [监控中] 当前最高GPU占用: 94%
[Mon Jan 12 23:31:43 CST 2026] [监控中] 等待 30 秒...
[Mon Jan 12 23:32:13 CST 2026] [监控中] 当前最高GPU占用: 100%
[Mon Jan 12 23:32:13 CST 2026] [监控中] 等待 30 秒...
[Mon Jan 12 23:32:44 CST 2026] [监控中] 当前最高GPU占用: 96%
[Mon Jan 12 23:32:44 CST 2026] [监控中] 等待 30 秒...
[Mon Jan 12 23:33:14 CST 2026] [监控中] 当前最高GPU占用: 67%
[Mon Jan 12 23:33:14 CST 2026] [监控中] 等待 30 秒...
[Mon Jan 12 23:33:44 CST 2026] [监控中] 当前最高GPU占用: 81%
[Mon Jan 12 23:33:44 CST 2026] [监控中] 等待 30 秒...
[Mon Jan 12 23:34:14 CST 2026] [监控中] 当前最高GPU占用: 75%
[Mon Jan 12 23:34:14 CST 2026] [监控中] 等待 30 秒...
[Mon Jan 12 23:34:44 CST 2026] [监控中] 当前最高GPU占用: 100%
[Mon Jan 12 23:34:44 CST 2026] [监控中] 等待 30 秒...
[Mon Jan 12 23:35:14 CST 2026] [监控中] 当前最高GPU占用: 100%
[Mon Jan 12 23:35:14 CST 2026] [监控中] 等待 30 秒...
[Mon Jan 12 23:35:44 CST 2026] [监控中] 当前最高GPU占用: 95%
[Mon Jan 12 23:35:44 CST 2026] [监控中] 等待 30 秒...
[Mon Jan 12 23:36:14 CST 2026] [监控中] 当前最高GPU占用: 67%
[Mon Jan 12 23:36:14 CST 2026] [监控中] 等待 30 秒...
[Mon Jan 12 23:36:44 CST 2026] [监控中] 当前最高GPU占用: 100%
[Mon Jan 12 23:36:44 CST 2026] [监控中] 等待 30 秒...
[Mon Jan 12 23:37:14 CST 2026] [监控中] 当前最高GPU占用: 95%
[Mon Jan 12 23:37:14 CST 2026] [监控中] 等待 30 秒...
[Mon Jan 12 23:37:45 CST 2026] [监控中] 当前最高GPU占用: 100%
[Mon Jan 12 23:37:45 CST 2026] [监控中] 等待 30 秒...
[Mon Jan 12 23:38:15 CST 2026] [监控中] 当前最高GPU占用: 68%
[Mon Jan 12 23:38:15 CST 2026] [监控中] 等待 30 秒...
[Mon Jan 12 23:38:45 CST 2026] [监控中] 当前最高GPU占用: 92%
[Mon Jan 12 23:38:45 CST 2026] [监控中] 等待 30 秒...
[Mon Jan 12 23:39:15 CST 2026] [监控中] 当前最高GPU占用: 95%
[Mon Jan 12 23:39:15 CST 2026] [监控中] 等待 30 秒...
[Mon Jan 12 23:39:45 CST 2026] [监控中] 当前最高GPU占用: 100%
[Mon Jan 12 23:39:45 CST 2026] [监控中] 等待 30 秒...
[Mon Jan 12 23:40:15 CST 2026] [监控中] 当前最高GPU占用: 92%
[Mon Jan 12 23:40:15 CST 2026] [监控中] 等待 30 秒...
[Mon Jan 12 23:40:45 CST 2026] [监控中] 当前最高GPU占用: 95%
[Mon Jan 12 23:40:45 CST 2026] [监控中] 等待 30 秒...
[Mon Jan 12 23:41:15 CST 2026] [监控中] 当前最高GPU占用: 72%
[Mon Jan 12 23:41:15 CST 2026] [监控中] 等待 30 秒...
[Mon Jan 12 23:41:45 CST 2026] [监控中] 当前最高GPU占用: 96%
[Mon Jan 12 23:41:45 CST 2026] [监控中] 等待 30 秒...
[Mon Jan 12 23:42:15 CST 2026] [监控中] 当前最高GPU占用: 95%
[Mon Jan 12 23:42:15 CST 2026] [监控中] 等待 30 秒...
[Mon Jan 12 23:42:45 CST 2026] [监控中] 当前最高GPU占用: 63%
[Mon Jan 12 23:42:45 CST 2026] [监控中] 等待 30 秒...
[Mon Jan 12 23:43:15 CST 2026] [监控中] 当前最高GPU占用: 100%
[Mon Jan 12 23:43:15 CST 2026] [监控中] 等待 30 秒...
[Mon Jan 12 23:43:46 CST 2026] [监控中] 当前最高GPU占用: 95%
[Mon Jan 12 23:43:46 CST 2026] [监控中] 等待 30 秒...
[Mon Jan 12 23:44:16 CST 2026] [监控中] 当前最高GPU占用: 68%
[Mon Jan 12 23:44:16 CST 2026] [监控中] 等待 30 秒...
[Mon Jan 12 23:44:46 CST 2026] [监控中] 当前最高GPU占用: 100%
[Mon Jan 12 23:44:46 CST 2026] [监控中] 等待 30 秒...
[Mon Jan 12 23:45:16 CST 2026] [监控中] 当前最高GPU占用: 95%
[Mon Jan 12 23:45:16 CST 2026] [监控中] 等待 30 秒...
[Mon Jan 12 23:45:46 CST 2026] [监控中] 当前最高GPU占用: 66%
[Mon Jan 12 23:45:46 CST 2026] [监控中] 等待 30 秒...
[Mon Jan 12 23:46:16 CST 2026] [监控中] 当前最高GPU占用: 98%
[Mon Jan 12 23:46:16 CST 2026] [监控中] 等待 30 秒...
[Mon Jan 12 23:46:46 CST 2026] [监控中] 当前最高GPU占用: 70%
[Mon Jan 12 23:46:46 CST 2026] [监控中] 等待 30 秒...
[Mon Jan 12 23:47:16 CST 2026] [监控中] 当前最高GPU占用: 65%
[Mon Jan 12 23:47:16 CST 2026] [监控中] 等待 30 秒...
[Mon Jan 12 23:47:46 CST 2026] [监控中] 当前最高GPU占用: 100%
[Mon Jan 12 23:47:46 CST 2026] [监控中] 等待 30 秒...
[Mon Jan 12 23:48:16 CST 2026] [监控中] 当前最高GPU占用: 77%
[Mon Jan 12 23:48:16 CST 2026] [监控中] 等待 30 秒...
[Mon Jan 12 23:48:47 CST 2026] [监控中] 当前最高GPU占用: 67%
[Mon Jan 12 23:48:47 CST 2026] [监控中] 等待 30 秒...
[Mon Jan 12 23:49:17 CST 2026] [监控中] 当前最高GPU占用: 82%
[Mon Jan 12 23:49:17 CST 2026] [监控中] 等待 30 秒...
[Mon Jan 12 23:49:47 CST 2026] [监控中] 当前最高GPU占用: 100%
[Mon Jan 12 23:49:47 CST 2026] [监控中] 等待 30 秒...
[Mon Jan 12 23:50:17 CST 2026] [监控中] 当前最高GPU占用: 98%
[Mon Jan 12 23:50:17 CST 2026] [监控中] 等待 30 秒...
[Mon Jan 12 23:50:47 CST 2026] [监控中] 当前最高GPU占用: 95%
[Mon Jan 12 23:50:47 CST 2026] [监控中] 等待 30 秒...
[Mon Jan 12 23:51:17 CST 2026] [监控中] 当前最高GPU占用: 98%
[Mon Jan 12 23:51:17 CST 2026] [监控中] 等待 30 秒...
[Mon Jan 12 23:51:47 CST 2026] [监控中] 当前最高GPU占用: 100%
[Mon Jan 12 23:51:47 CST 2026] [监控中] 等待 30 秒...
[Mon Jan 12 23:52:17 CST 2026] [监控中] 当前最高GPU占用: 95%
[Mon Jan 12 23:52:17 CST 2026] [监控中] 等待 30 秒...
[Mon Jan 12 23:52:47 CST 2026] [监控中] 当前最高GPU占用: 100%
[Mon Jan 12 23:52:47 CST 2026] [监控中] 等待 30 秒...
[Mon Jan 12 23:53:18 CST 2026] [监控中] 当前最高GPU占用: 68%
[Mon Jan 12 23:53:18 CST 2026] [监控中] 等待 30 秒...
[Mon Jan 12 23:53:48 CST 2026] [监控中] 当前最高GPU占用: 63%
[Mon Jan 12 23:53:48 CST 2026] [监控中] 等待 30 秒...
[Mon Jan 12 23:54:18 CST 2026] [监控中] 当前最高GPU占用: 100%
[Mon Jan 12 23:54:18 CST 2026] [监控中] 等待 30 秒...
[Mon Jan 12 23:54:48 CST 2026] [监控中] 当前最高GPU占用: 95%
[Mon Jan 12 23:54:48 CST 2026] [监控中] 等待 30 秒...
[Mon Jan 12 23:55:18 CST 2026] [监控中] 当前最高GPU占用: 100%
[Mon Jan 12 23:55:18 CST 2026] [监控中] 等待 30 秒...
[Mon Jan 12 23:55:48 CST 2026] [监控中] 当前最高GPU占用: 85%
[Mon Jan 12 23:55:48 CST 2026] [监控中] 等待 30 秒...
[Mon Jan 12 23:56:18 CST 2026] [监控中] 当前最高GPU占用: 96%
[Mon Jan 12 23:56:18 CST 2026] [监控中] 等待 30 秒...
[Mon Jan 12 23:56:48 CST 2026] [监控中] 当前最高GPU占用: 73%
[Mon Jan 12 23:56:48 CST 2026] [监控中] 等待 30 秒...
[Mon Jan 12 23:57:18 CST 2026] [监控中] 当前最高GPU占用: 100%
[Mon Jan 12 23:57:18 CST 2026] [监控中] 等待 30 秒...
[Mon Jan 12 23:57:48 CST 2026] [监控中] 当前最高GPU占用: 66%
[Mon Jan 12 23:57:48 CST 2026] [监控中] 等待 30 秒...
[Mon Jan 12 23:58:19 CST 2026] [监控中] 当前最高GPU占用: 100%
[Mon Jan 12 23:58:19 CST 2026] [监控中] 等待 30 秒...
[Mon Jan 12 23:58:49 CST 2026] [监控中] 当前最高GPU占用: 100%
[Mon Jan 12 23:58:49 CST 2026] [监控中] 等待 30 秒...
[Mon Jan 12 23:59:19 CST 2026] [监控中] 当前最高GPU占用: 96%
[Mon Jan 12 23:59:19 CST 2026] [监控中] 等待 30 秒...
[Mon Jan 12 23:59:49 CST 2026] [监控中] 当前最高GPU占用: 78%
[Mon Jan 12 23:59:49 CST 2026] [监控中] 等待 30 秒...
[Tue Jan 13 00:00:19 CST 2026] [监控中] 当前最高GPU占用: 82%
[Tue Jan 13 00:00:19 CST 2026] [监控中] 等待 30 秒...
[Tue Jan 13 00:00:49 CST 2026] [监控中] 当前最高GPU占用: 67%
[Tue Jan 13 00:00:49 CST 2026] [监控中] 等待 30 秒...
[Tue Jan 13 00:01:19 CST 2026] [监控中] 当前最高GPU占用: 100%
[Tue Jan 13 00:01:19 CST 2026] [监控中] 等待 30 秒...
[Tue Jan 13 00:01:49 CST 2026] [监控中] 当前最高GPU占用: 100%
[Tue Jan 13 00:01:49 CST 2026] [监控中] 等待 30 秒...
[Tue Jan 13 00:02:19 CST 2026] [监控中] 当前最高GPU占用: 95%
[Tue Jan 13 00:02:19 CST 2026] [监控中] 等待 30 秒...
[Tue Jan 13 00:02:50 CST 2026] [监控中] 当前最高GPU占用: 84%
[Tue Jan 13 00:02:50 CST 2026] [监控中] 等待 30 秒...
[Tue Jan 13 00:03:20 CST 2026] [监控中] 当前最高GPU占用: 68%
[Tue Jan 13 00:03:20 CST 2026] [监控中] 等待 30 秒...
[Tue Jan 13 00:03:50 CST 2026] [监控中] 当前最高GPU占用: 100%
[Tue Jan 13 00:03:50 CST 2026] [监控中] 等待 30 秒...
[Tue Jan 13 00:04:20 CST 2026] [监控中] 当前最高GPU占用: 62%
[Tue Jan 13 00:04:20 CST 2026] [监控中] 等待 30 秒...
[Tue Jan 13 00:04:50 CST 2026] [监控中] 当前最高GPU占用: 100%
[Tue Jan 13 00:04:50 CST 2026] [监控中] 等待 30 秒...
[Tue Jan 13 00:05:20 CST 2026] [监控中] 当前最高GPU占用: 95%
[Tue Jan 13 00:05:20 CST 2026] [监控中] 等待 30 秒...
[Tue Jan 13 00:05:50 CST 2026] [监控中] 当前最高GPU占用: 95%
[Tue Jan 13 00:05:50 CST 2026] [监控中] 等待 30 秒...
[Tue Jan 13 00:06:20 CST 2026] [监控中] 当前最高GPU占用: 84%
[Tue Jan 13 00:06:20 CST 2026] [监控中] 等待 30 秒...
[Tue Jan 13 00:06:50 CST 2026] [监控中] 当前最高GPU占用: 66%
[Tue Jan 13 00:06:50 CST 2026] [监控中] 等待 30 秒...
[Tue Jan 13 00:07:20 CST 2026] [监控中] 当前最高GPU占用: 95%
[Tue Jan 13 00:07:20 CST 2026] [监控中] 等待 30 秒...
[Tue Jan 13 00:07:50 CST 2026] [监控中] 当前最高GPU占用: 95%
[Tue Jan 13 00:07:50 CST 2026] [监控中] 等待 30 秒...
[Tue Jan 13 00:08:20 CST 2026] [监控中] 当前最高GPU占用: 62%
[Tue Jan 13 00:08:20 CST 2026] [监控中] 等待 30 秒...
[Tue Jan 13 00:08:51 CST 2026] [监控中] 当前最高GPU占用: 91%
[Tue Jan 13 00:08:51 CST 2026] [监控中] 等待 30 秒...
[Tue Jan 13 00:09:21 CST 2026] [监控中] 当前最高GPU占用: 100%
[Tue Jan 13 00:09:21 CST 2026] [监控中] 等待 30 秒...
[Tue Jan 13 00:09:51 CST 2026] [监控中] 当前最高GPU占用: 78%
[Tue Jan 13 00:09:51 CST 2026] [监控中] 等待 30 秒...
[Tue Jan 13 00:10:21 CST 2026] [监控中] 当前最高GPU占用: 88%
[Tue Jan 13 00:10:21 CST 2026] [监控中] 等待 30 秒...
[Tue Jan 13 00:10:51 CST 2026] [监控中] 当前最高GPU占用: 68%
[Tue Jan 13 00:10:51 CST 2026] [监控中] 等待 30 秒...
[Tue Jan 13 00:11:21 CST 2026] [监控中] 当前最高GPU占用: 95%
[Tue Jan 13 00:11:21 CST 2026] [监控中] 等待 30 秒...
[Tue Jan 13 00:11:51 CST 2026] [监控中] 当前最高GPU占用: 96%
[Tue Jan 13 00:11:51 CST 2026] [监控中] 等待 30 秒...
[Tue Jan 13 00:12:21 CST 2026] [监控中] 当前最高GPU占用: 100%
[Tue Jan 13 00:12:21 CST 2026] [监控中] 等待 30 秒...
[Tue Jan 13 00:12:51 CST 2026] [监控中] 当前最高GPU占用: 97%
[Tue Jan 13 00:12:51 CST 2026] [监控中] 等待 30 秒...
[Tue Jan 13 00:13:21 CST 2026] [监控中] 当前最高GPU占用: 78%
[Tue Jan 13 00:13:21 CST 2026] [监控中] 等待 30 秒...
[Tue Jan 13 00:13:52 CST 2026] [监控中] 当前最高GPU占用: 100%
[Tue Jan 13 00:13:52 CST 2026] [监控中] 等待 30 秒...
[Tue Jan 13 00:14:22 CST 2026] [监控中] 当前最高GPU占用: 100%
[Tue Jan 13 00:14:22 CST 2026] [监控中] 等待 30 秒...
[Tue Jan 13 00:14:52 CST 2026] [监控中] 当前最高GPU占用: 100%
[Tue Jan 13 00:14:52 CST 2026] [监控中] 等待 30 秒...
[Tue Jan 13 00:15:22 CST 2026] [监控中] 当前最高GPU占用: 94%
[Tue Jan 13 00:15:22 CST 2026] [监控中] 等待 30 秒...
[Tue Jan 13 00:15:52 CST 2026] [监控中] 当前最高GPU占用: 65%
[Tue Jan 13 00:15:52 CST 2026] [监控中] 等待 30 秒...
[Tue Jan 13 00:16:22 CST 2026] [监控中] 当前最高GPU占用: 59%
[Tue Jan 13 00:16:22 CST 2026] [监控中] 等待 30 秒...
[Tue Jan 13 00:16:52 CST 2026] [监控中] 当前最高GPU占用: 100%
[Tue Jan 13 00:16:52 CST 2026] [监控中] 等待 30 秒...
[Tue Jan 13 00:17:22 CST 2026] [监控中] 当前最高GPU占用: 100%
[Tue Jan 13 00:17:22 CST 2026] [监控中] 等待 30 秒...
[Tue Jan 13 00:17:52 CST 2026] [监控中] 当前最高GPU占用: 78%
[Tue Jan 13 00:17:52 CST 2026] [监控中] 等待 30 秒...
[Tue Jan 13 00:18:22 CST 2026] [监控中] 当前最高GPU占用: 66%
[Tue Jan 13 00:18:22 CST 2026] [监控中] 等待 30 秒...
[Tue Jan 13 00:18:53 CST 2026] [监控中] 当前最高GPU占用: 100%
[Tue Jan 13 00:18:53 CST 2026] [监控中] 等待 30 秒...
[Tue Jan 13 00:19:23 CST 2026] [监控中] 当前最高GPU占用: 94%
[Tue Jan 13 00:19:23 CST 2026] [监控中] 等待 30 秒...
[Tue Jan 13 00:19:53 CST 2026] [监控中] 当前最高GPU占用: 95%
[Tue Jan 13 00:19:53 CST 2026] [监控中] 等待 30 秒...
[Tue Jan 13 00:20:23 CST 2026] [监控中] 当前最高GPU占用: 67%
[Tue Jan 13 00:20:23 CST 2026] [监控中] 等待 30 秒...
[Tue Jan 13 00:20:53 CST 2026] [监控中] 当前最高GPU占用: 95%
[Tue Jan 13 00:20:53 CST 2026] [监控中] 等待 30 秒...
[Tue Jan 13 00:21:23 CST 2026] [监控中] 当前最高GPU占用: 68%
[Tue Jan 13 00:21:23 CST 2026] [监控中] 等待 30 秒...
[Tue Jan 13 00:21:53 CST 2026] [监控中] 当前最高GPU占用: 98%
[Tue Jan 13 00:21:53 CST 2026] [监控中] 等待 30 秒...
[Tue Jan 13 00:22:23 CST 2026] [监控中] 当前最高GPU占用: 100%
[Tue Jan 13 00:22:23 CST 2026] [监控中] 等待 30 秒...
[Tue Jan 13 00:22:53 CST 2026] [监控中] 当前最高GPU占用: 67%
[Tue Jan 13 00:22:53 CST 2026] [监控中] 等待 30 秒...
[Tue Jan 13 00:23:24 CST 2026] [监控中] 当前最高GPU占用: 95%
[Tue Jan 13 00:23:24 CST 2026] [监控中] 等待 30 秒...
[Tue Jan 13 00:23:54 CST 2026] [监控中] 当前最高GPU占用: 68%
[Tue Jan 13 00:23:54 CST 2026] [监控中] 等待 30 秒...
[Tue Jan 13 00:24:24 CST 2026] [监控中] 当前最高GPU占用: 91%
[Tue Jan 13 00:24:24 CST 2026] [监控中] 等待 30 秒...
[Tue Jan 13 00:24:54 CST 2026] [监控中] 当前最高GPU占用: 68%
[Tue Jan 13 00:24:54 CST 2026] [监控中] 等待 30 秒...
[Tue Jan 13 00:25:24 CST 2026] [监控中] 当前最高GPU占用: 95%
[Tue Jan 13 00:25:24 CST 2026] [监控中] 等待 30 秒...
[Tue Jan 13 00:25:54 CST 2026] [监控中] 当前最高GPU占用: 100%
[Tue Jan 13 00:25:54 CST 2026] [监控中] 等待 30 秒...
[Tue Jan 13 00:26:24 CST 2026] [监控中] 当前最高GPU占用: 95%
[Tue Jan 13 00:26:24 CST 2026] [监控中] 等待 30 秒...
[Tue Jan 13 00:26:54 CST 2026] [监控中] 当前最高GPU占用: 66%
[Tue Jan 13 00:26:54 CST 2026] [监控中] 等待 30 秒...
[Tue Jan 13 00:27:24 CST 2026] [监控中] 当前最高GPU占用: 86%
[Tue Jan 13 00:27:24 CST 2026] [监控中] 等待 30 秒...
[Tue Jan 13 00:27:54 CST 2026] [监控中] 当前最高GPU占用: 67%
[Tue Jan 13 00:27:54 CST 2026] [监控中] 等待 30 秒...
[Tue Jan 13 00:28:25 CST 2026] [监控中] 当前最高GPU占用: 62%
[Tue Jan 13 00:28:25 CST 2026] [监控中] 等待 30 秒...
[Tue Jan 13 00:28:55 CST 2026] [监控中] 当前最高GPU占用: 95%
[Tue Jan 13 00:28:55 CST 2026] [监控中] 等待 30 秒...
[Tue Jan 13 00:29:25 CST 2026] [监控中] 当前最高GPU占用: 100%
[Tue Jan 13 00:29:25 CST 2026] [监控中] 等待 30 秒...
[Tue Jan 13 00:29:55 CST 2026] [监控中] 当前最高GPU占用: 68%
[Tue Jan 13 00:29:55 CST 2026] [监控中] 等待 30 秒...
[Tue Jan 13 00:30:25 CST 2026] [监控中] 当前最高GPU占用: 100%
[Tue Jan 13 00:30:25 CST 2026] [监控中] 等待 30 秒...
[Tue Jan 13 00:30:55 CST 2026] [监控中] 当前最高GPU占用: 95%
[Tue Jan 13 00:30:55 CST 2026] [监控中] 等待 30 秒...
[Tue Jan 13 00:31:25 CST 2026] [监控中] 当前最高GPU占用: 95%
[Tue Jan 13 00:31:25 CST 2026] [监控中] 等待 30 秒...
[Tue Jan 13 00:31:55 CST 2026] [监控中] 当前最高GPU占用: 83%
[Tue Jan 13 00:31:55 CST 2026] [监控中] 等待 30 秒...
[Tue Jan 13 00:32:25 CST 2026] [监控中] 当前最高GPU占用: 100%
[Tue Jan 13 00:32:25 CST 2026] [监控中] 等待 30 秒...
[Tue Jan 13 00:32:55 CST 2026] [监控中] 当前最高GPU占用: 95%
[Tue Jan 13 00:32:55 CST 2026] [监控中] 等待 30 秒...
[Tue Jan 13 00:33:26 CST 2026] [监控中] 当前最高GPU占用: 95%
[Tue Jan 13 00:33:26 CST 2026] [监控中] 等待 30 秒...
[Tue Jan 13 00:33:56 CST 2026] [监控中] 当前最高GPU占用: 95%
[Tue Jan 13 00:33:56 CST 2026] [监控中] 等待 30 秒...
[Tue Jan 13 00:34:26 CST 2026] [监控中] 当前最高GPU占用: 97%
[Tue Jan 13 00:34:26 CST 2026] [监控中] 等待 30 秒...
[Tue Jan 13 00:34:56 CST 2026] [监控中] 当前最高GPU占用: 100%
[Tue Jan 13 00:34:56 CST 2026] [监控中] 等待 30 秒...
[Tue Jan 13 00:35:26 CST 2026] [监控中] 当前最高GPU占用: 76%
[Tue Jan 13 00:35:26 CST 2026] [监控中] 等待 30 秒...
[Tue Jan 13 00:35:56 CST 2026] [监控中] 当前最高GPU占用: 100%
[Tue Jan 13 00:35:56 CST 2026] [监控中] 等待 30 秒...
[Tue Jan 13 00:36:26 CST 2026] [监控中] 当前最高GPU占用: 66%
[Tue Jan 13 00:36:26 CST 2026] [监控中] 等待 30 秒...
[Tue Jan 13 00:36:56 CST 2026] [监控中] 当前最高GPU占用: 67%
[Tue Jan 13 00:36:56 CST 2026] [监控中] 等待 30 秒...
[Tue Jan 13 00:37:26 CST 2026] [监控中] 当前最高GPU占用: 100%
[Tue Jan 13 00:37:26 CST 2026] [监控中] 等待 30 秒...
[Tue Jan 13 00:37:56 CST 2026] [监控中] 当前最高GPU占用: 93%
[Tue Jan 13 00:37:56 CST 2026] [监控中] 等待 30 秒...
[Tue Jan 13 00:38:27 CST 2026] [监控中] 当前最高GPU占用: 81%
[Tue Jan 13 00:38:27 CST 2026] [监控中] 等待 30 秒...
[Tue Jan 13 00:38:57 CST 2026] [监控中] 当前最高GPU占用: 100%
[Tue Jan 13 00:38:57 CST 2026] [监控中] 等待 30 秒...
[Tue Jan 13 00:39:27 CST 2026] [监控中] 当前最高GPU占用: 67%
[Tue Jan 13 00:39:27 CST 2026] [监控中] 等待 30 秒...
[Tue Jan 13 00:39:57 CST 2026] [监控中] 当前最高GPU占用: 100%
[Tue Jan 13 00:39:57 CST 2026] [监控中] 等待 30 秒...
[Tue Jan 13 00:40:27 CST 2026] [监控中] 当前最高GPU占用: 95%
[Tue Jan 13 00:40:27 CST 2026] [监控中] 等待 30 秒...
[Tue Jan 13 00:40:57 CST 2026] [监控中] 当前最高GPU占用: 100%
[Tue Jan 13 00:40:57 CST 2026] [监控中] 等待 30 秒...
[Tue Jan 13 00:41:27 CST 2026] [监控中] 当前最高GPU占用: 65%
[Tue Jan 13 00:41:27 CST 2026] [监控中] 等待 30 秒...
[Tue Jan 13 00:41:57 CST 2026] [监控中] 当前最高GPU占用: 100%
[Tue Jan 13 00:41:57 CST 2026] [监控中] 等待 30 秒...
[Tue Jan 13 00:42:27 CST 2026] [监控中] 当前最高GPU占用: 78%
[Tue Jan 13 00:42:27 CST 2026] [监控中] 等待 30 秒...
[Tue Jan 13 00:42:57 CST 2026] [监控中] 当前最高GPU占用: 64%
[Tue Jan 13 00:42:57 CST 2026] [监控中] 等待 30 秒...
[Tue Jan 13 00:43:28 CST 2026] [监控中] 当前最高GPU占用: 100%
[Tue Jan 13 00:43:28 CST 2026] [监控中] 等待 30 秒...
[Tue Jan 13 00:43:58 CST 2026] [监控中] 当前最高GPU占用: 100%
[Tue Jan 13 00:43:58 CST 2026] [监控中] 等待 30 秒...
[Tue Jan 13 00:44:28 CST 2026] [监控中] 当前最高GPU占用: 99%
[Tue Jan 13 00:44:28 CST 2026] [监控中] 等待 30 秒...
[Tue Jan 13 00:44:58 CST 2026] [监控中] 当前最高GPU占用: 95%
[Tue Jan 13 00:44:58 CST 2026] [监控中] 等待 30 秒...
[Tue Jan 13 00:45:28 CST 2026] [监控中] 当前最高GPU占用: 95%
[Tue Jan 13 00:45:28 CST 2026] [监控中] 等待 30 秒...
[Tue Jan 13 00:45:58 CST 2026] [监控中] 当前最高GPU占用: 100%
[Tue Jan 13 00:45:58 CST 2026] [监控中] 等待 30 秒...
[Tue Jan 13 00:46:28 CST 2026] [监控中] 当前最高GPU占用: 100%
[Tue Jan 13 00:46:28 CST 2026] [监控中] 等待 30 秒...
[Tue Jan 13 00:46:58 CST 2026] [监控中] 当前最高GPU占用: 100%
[Tue Jan 13 00:46:58 CST 2026] [监控中] 等待 30 秒...
[Tue Jan 13 00:47:28 CST 2026] [监控中] 当前最高GPU占用: 95%
[Tue Jan 13 00:47:28 CST 2026] [监控中] 等待 30 秒...
[Tue Jan 13 00:47:58 CST 2026] [监控中] 当前最高GPU占用: 95%
[Tue Jan 13 00:47:58 CST 2026] [监控中] 等待 30 秒...
[Tue Jan 13 00:48:29 CST 2026] [监控中] 当前最高GPU占用: 100%
[Tue Jan 13 00:48:29 CST 2026] [监控中] 等待 30 秒...
[Tue Jan 13 00:48:59 CST 2026] [监控中] 当前最高GPU占用: 100%
[Tue Jan 13 00:48:59 CST 2026] [监控中] 等待 30 秒...
[Tue Jan 13 00:49:29 CST 2026] [监控中] 当前最高GPU占用: 100%
[Tue Jan 13 00:49:29 CST 2026] [监控中] 等待 30 秒...
[Tue Jan 13 00:49:59 CST 2026] [监控中] 当前最高GPU占用: 95%
[Tue Jan 13 00:49:59 CST 2026] [监控中] 等待 30 秒...
[Tue Jan 13 00:50:29 CST 2026] [监控中] 当前最高GPU占用: 79%
[Tue Jan 13 00:50:29 CST 2026] [监控中] 等待 30 秒...
[Tue Jan 13 00:50:59 CST 2026] [监控中] 当前最高GPU占用: 94%
[Tue Jan 13 00:50:59 CST 2026] [监控中] 等待 30 秒...
[Tue Jan 13 00:51:29 CST 2026] [监控中] 当前最高GPU占用: 87%
[Tue Jan 13 00:51:29 CST 2026] [监控中] 等待 30 秒...
[Tue Jan 13 00:51:59 CST 2026] [监控中] 当前最高GPU占用: 92%
[Tue Jan 13 00:51:59 CST 2026] [监控中] 等待 30 秒...
[Tue Jan 13 00:52:29 CST 2026] [监控中] 当前最高GPU占用: 100%
[Tue Jan 13 00:52:29 CST 2026] [监控中] 等待 30 秒...
[Tue Jan 13 00:52:59 CST 2026] [监控中] 当前最高GPU占用: 95%
[Tue Jan 13 00:52:59 CST 2026] [监控中] 等待 30 秒...
[Tue Jan 13 00:53:30 CST 2026] [监控中] 当前最高GPU占用: 95%
[Tue Jan 13 00:53:30 CST 2026] [监控中] 等待 30 秒...
[Tue Jan 13 00:54:00 CST 2026] [监控中] 当前最高GPU占用: 97%
[Tue Jan 13 00:54:00 CST 2026] [监控中] 等待 30 秒...
[Tue Jan 13 00:54:30 CST 2026] [监控中] 当前最高GPU占用: 88%
[Tue Jan 13 00:54:30 CST 2026] [监控中] 等待 30 秒...
[Tue Jan 13 00:55:00 CST 2026] [监控中] 当前最高GPU占用: 100%
[Tue Jan 13 00:55:00 CST 2026] [监控中] 等待 30 秒...
[Tue Jan 13 00:55:30 CST 2026] [监控中] 当前最高GPU占用: 67%
[Tue Jan 13 00:55:30 CST 2026] [监控中] 等待 30 秒...
[Tue Jan 13 00:56:00 CST 2026] [监控中] 当前最高GPU占用: 97%
[Tue Jan 13 00:56:00 CST 2026] [监控中] 等待 30 秒...
[Tue Jan 13 00:56:30 CST 2026] [监控中] 当前最高GPU占用: 63%
[Tue Jan 13 00:56:30 CST 2026] [监控中] 等待 30 秒...
[Tue Jan 13 00:57:00 CST 2026] [监控中] 当前最高GPU占用: 68%
[Tue Jan 13 00:57:00 CST 2026] [监控中] 等待 30 秒...
[Tue Jan 13 00:57:30 CST 2026] [监控中] 当前最高GPU占用: 64%
[Tue Jan 13 00:57:30 CST 2026] [监控中] 等待 30 秒...
[Tue Jan 13 00:58:00 CST 2026] [监控中] 当前最高GPU占用: 80%
[Tue Jan 13 00:58:00 CST 2026] [监控中] 等待 30 秒...
[Tue Jan 13 00:58:31 CST 2026] [监控中] 当前最高GPU占用: 100%
[Tue Jan 13 00:58:31 CST 2026] [监控中] 等待 30 秒...
[Tue Jan 13 00:59:01 CST 2026] [监控中] 当前最高GPU占用: 100%
[Tue Jan 13 00:59:01 CST 2026] [监控中] 等待 30 秒...
[Tue Jan 13 00:59:31 CST 2026] [监控中] 当前最高GPU占用: 95%
[Tue Jan 13 00:59:31 CST 2026] [监控中] 等待 30 秒...
[Tue Jan 13 01:00:01 CST 2026] [监控中] 当前最高GPU占用: 100%
[Tue Jan 13 01:00:01 CST 2026] [监控中] 等待 30 秒...
[Tue Jan 13 01:00:31 CST 2026] [监控中] 当前最高GPU占用: 95%
[Tue Jan 13 01:00:31 CST 2026] [监控中] 等待 30 秒...
[Tue Jan 13 01:01:01 CST 2026] [监控中] 当前最高GPU占用: 94%
[Tue Jan 13 01:01:01 CST 2026] [监控中] 等待 30 秒...
[Tue Jan 13 01:01:31 CST 2026] [监控中] 当前最高GPU占用: 65%
[Tue Jan 13 01:01:31 CST 2026] [监控中] 等待 30 秒...
[Tue Jan 13 01:02:01 CST 2026] [监控中] 当前最高GPU占用: 89%
[Tue Jan 13 01:02:01 CST 2026] [监控中] 等待 30 秒...
[Tue Jan 13 01:02:31 CST 2026] [监控中] 当前最高GPU占用: 69%
[Tue Jan 13 01:02:31 CST 2026] [监控中] 等待 30 秒...
[Tue Jan 13 01:03:01 CST 2026] [监控中] 当前最高GPU占用: 94%
[Tue Jan 13 01:03:01 CST 2026] [监控中] 等待 30 秒...
[Tue Jan 13 01:03:32 CST 2026] [监控中] 当前最高GPU占用: 68%
[Tue Jan 13 01:03:32 CST 2026] [监控中] 等待 30 秒...
[Tue Jan 13 01:04:02 CST 2026] [监控中] 当前最高GPU占用: 94%
[Tue Jan 13 01:04:02 CST 2026] [监控中] 等待 30 秒...
[Tue Jan 13 01:04:32 CST 2026] [监控中] 当前最高GPU占用: 66%
[Tue Jan 13 01:04:32 CST 2026] [监控中] 等待 30 秒...
[Tue Jan 13 01:05:02 CST 2026] [监控中] 当前最高GPU占用: 100%
[Tue Jan 13 01:05:02 CST 2026] [监控中] 等待 30 秒...
[Tue Jan 13 01:05:32 CST 2026] [监控中] 当前最高GPU占用: 95%
[Tue Jan 13 01:05:32 CST 2026] [监控中] 等待 30 秒...
[Tue Jan 13 01:06:02 CST 2026] [监控中] 当前最高GPU占用: 93%
[Tue Jan 13 01:06:02 CST 2026] [监控中] 等待 30 秒...
[Tue Jan 13 01:06:32 CST 2026] [监控中] 当前最高GPU占用: 100%
[Tue Jan 13 01:06:32 CST 2026] [监控中] 等待 30 秒...
[Tue Jan 13 01:07:02 CST 2026] [监控中] 当前最高GPU占用: 100%
[Tue Jan 13 01:07:02 CST 2026] [监控中] 等待 30 秒...
[Tue Jan 13 01:07:32 CST 2026] [监控中] 当前最高GPU占用: 100%
[Tue Jan 13 01:07:32 CST 2026] [监控中] 等待 30 秒...
[Tue Jan 13 01:08:03 CST 2026] [监控中] 当前最高GPU占用: 95%
[Tue Jan 13 01:08:03 CST 2026] [监控中] 等待 30 秒...
[Tue Jan 13 01:08:33 CST 2026] [监控中] 当前最高GPU占用: 100%
[Tue Jan 13 01:08:33 CST 2026] [监控中] 等待 30 秒...
[Tue Jan 13 01:09:03 CST 2026] [监控中] 当前最高GPU占用: 94%
[Tue Jan 13 01:09:03 CST 2026] [监控中] 等待 30 秒...
[Tue Jan 13 01:09:33 CST 2026] [监控中] 当前最高GPU占用: 81%
[Tue Jan 13 01:09:33 CST 2026] [监控中] 等待 30 秒...
[Tue Jan 13 01:10:03 CST 2026] [监控中] 当前最高GPU占用: 100%
[Tue Jan 13 01:10:03 CST 2026] [监控中] 等待 30 秒...
[Tue Jan 13 01:10:33 CST 2026] [监控中] 当前最高GPU占用: 100%
[Tue Jan 13 01:10:33 CST 2026] [监控中] 等待 30 秒...
[Tue Jan 13 01:11:03 CST 2026] [监控中] 当前最高GPU占用: 94%
[Tue Jan 13 01:11:03 CST 2026] [监控中] 等待 30 秒...
[Tue Jan 13 01:11:33 CST 2026] [监控中] 当前最高GPU占用: 86%
[Tue Jan 13 01:11:33 CST 2026] [监控中] 等待 30 秒...
[Tue Jan 13 01:12:03 CST 2026] [监控中] 当前最高GPU占用: 81%
[Tue Jan 13 01:12:03 CST 2026] [监控中] 等待 30 秒...
[Tue Jan 13 01:12:33 CST 2026] [监控中] 当前最高GPU占用: 94%
[Tue Jan 13 01:12:33 CST 2026] [监控中] 等待 30 秒...
[Tue Jan 13 01:13:04 CST 2026] [监控中] 当前最高GPU占用: 61%
[Tue Jan 13 01:13:04 CST 2026] [监控中] 等待 30 秒...
[Tue Jan 13 01:13:34 CST 2026] [监控中] 当前最高GPU占用: 100%
[Tue Jan 13 01:13:34 CST 2026] [监控中] 等待 30 秒...
[Tue Jan 13 01:14:04 CST 2026] [监控中] 当前最高GPU占用: 76%
[Tue Jan 13 01:14:04 CST 2026] [监控中] 等待 30 秒...
[Tue Jan 13 01:14:34 CST 2026] [监控中] 当前最高GPU占用: 95%
[Tue Jan 13 01:14:34 CST 2026] [监控中] 等待 30 秒...
[Tue Jan 13 01:15:04 CST 2026] [监控中] 当前最高GPU占用: 97%
[Tue Jan 13 01:15:04 CST 2026] [监控中] 等待 30 秒...
[Tue Jan 13 01:15:34 CST 2026] [监控中] 当前最高GPU占用: 66%
[Tue Jan 13 01:15:34 CST 2026] [监控中] 等待 30 秒...
[Tue Jan 13 01:16:04 CST 2026] [监控中] 当前最高GPU占用: 95%
[Tue Jan 13 01:16:04 CST 2026] [监控中] 等待 30 秒...
[Tue Jan 13 01:16:34 CST 2026] [监控中] 当前最高GPU占用: 93%
[Tue Jan 13 01:16:34 CST 2026] [监控中] 等待 30 秒...
[Tue Jan 13 01:17:04 CST 2026] [监控中] 当前最高GPU占用: 100%
[Tue Jan 13 01:17:04 CST 2026] [监控中] 等待 30 秒...
[Tue Jan 13 01:17:34 CST 2026] [监控中] 当前最高GPU占用: 65%
[Tue Jan 13 01:17:34 CST 2026] [监控中] 等待 30 秒...
[Tue Jan 13 01:18:05 CST 2026] [监控中] 当前最高GPU占用: 100%
[Tue Jan 13 01:18:05 CST 2026] [监控中] 等待 30 秒...
[Tue Jan 13 01:18:35 CST 2026] [监控中] 当前最高GPU占用: 67%
[Tue Jan 13 01:18:35 CST 2026] [监控中] 等待 30 秒...
[Tue Jan 13 01:19:05 CST 2026] [监控中] 当前最高GPU占用: 65%
[Tue Jan 13 01:19:05 CST 2026] [监控中] 等待 30 秒...
[Tue Jan 13 01:19:35 CST 2026] [监控中] 当前最高GPU占用: 99%
[Tue Jan 13 01:19:35 CST 2026] [监控中] 等待 30 秒...
[Tue Jan 13 01:20:05 CST 2026] [监控中] 当前最高GPU占用: 100%
[Tue Jan 13 01:20:05 CST 2026] [监控中] 等待 30 秒...
[Tue Jan 13 01:20:35 CST 2026] [监控中] 当前最高GPU占用: 96%
[Tue Jan 13 01:20:35 CST 2026] [监控中] 等待 30 秒...
[Tue Jan 13 01:21:05 CST 2026] [监控中] 当前最高GPU占用: 81%
[Tue Jan 13 01:21:05 CST 2026] [监控中] 等待 30 秒...
[Tue Jan 13 01:21:35 CST 2026] [监控中] 当前最高GPU占用: 67%
[Tue Jan 13 01:21:35 CST 2026] [监控中] 等待 30 秒...
[Tue Jan 13 01:22:05 CST 2026] [监控中] 当前最高GPU占用: 80%
[Tue Jan 13 01:22:05 CST 2026] [监控中] 等待 30 秒...
[Tue Jan 13 01:22:35 CST 2026] [监控中] 当前最高GPU占用: 94%
[Tue Jan 13 01:22:35 CST 2026] [监控中] 等待 30 秒...
[Tue Jan 13 01:23:05 CST 2026] [监控中] 当前最高GPU占用: 93%
[Tue Jan 13 01:23:05 CST 2026] [监控中] 等待 30 秒...
[Tue Jan 13 01:23:35 CST 2026] [监控中] 当前最高GPU占用: 66%
[Tue Jan 13 01:23:35 CST 2026] [监控中] 等待 30 秒...
[Tue Jan 13 01:24:06 CST 2026] [监控中] 当前最高GPU占用: 95%
[Tue Jan 13 01:24:06 CST 2026] [监控中] 等待 30 秒...
[Tue Jan 13 01:24:36 CST 2026] [监控中] 当前最高GPU占用: 100%
[Tue Jan 13 01:24:36 CST 2026] [监控中] 等待 30 秒...
[Tue Jan 13 01:25:06 CST 2026] [监控中] 当前最高GPU占用: 94%
[Tue Jan 13 01:25:06 CST 2026] [监控中] 等待 30 秒...
[Tue Jan 13 01:25:36 CST 2026] [监控中] 当前最高GPU占用: 69%
[Tue Jan 13 01:25:36 CST 2026] [监控中] 等待 30 秒...
[Tue Jan 13 01:26:06 CST 2026] [监控中] 当前最高GPU占用: 96%
[Tue Jan 13 01:26:06 CST 2026] [监控中] 等待 30 秒...
[Tue Jan 13 01:26:36 CST 2026] [监控中] 当前最高GPU占用: 81%
[Tue Jan 13 01:26:36 CST 2026] [监控中] 等待 30 秒...
[Tue Jan 13 01:27:06 CST 2026] [监控中] 当前最高GPU占用: 96%
[Tue Jan 13 01:27:06 CST 2026] [监控中] 等待 30 秒...
[Tue Jan 13 01:27:36 CST 2026] [监控中] 当前最高GPU占用: 69%
[Tue Jan 13 01:27:36 CST 2026] [监控中] 等待 30 秒...
[Tue Jan 13 01:28:06 CST 2026] [监控中] 当前最高GPU占用: 97%
[Tue Jan 13 01:28:06 CST 2026] [监控中] 等待 30 秒...
[Tue Jan 13 01:28:36 CST 2026] [监控中] 当前最高GPU占用: 100%
[Tue Jan 13 01:28:36 CST 2026] [监控中] 等待 30 秒...
[Tue Jan 13 01:29:07 CST 2026] [监控中] 当前最高GPU占用: 95%
[Tue Jan 13 01:29:07 CST 2026] [监控中] 等待 30 秒...
[Tue Jan 13 01:29:37 CST 2026] [监控中] 当前最高GPU占用: 95%
[Tue Jan 13 01:29:37 CST 2026] [监控中] 等待 30 秒...
[Tue Jan 13 01:30:07 CST 2026] [监控中] 当前最高GPU占用: 96%
[Tue Jan 13 01:30:07 CST 2026] [监控中] 等待 30 秒...
[Tue Jan 13 01:30:37 CST 2026] [监控中] 当前最高GPU占用: 99%
[Tue Jan 13 01:30:37 CST 2026] [监控中] 等待 30 秒...
[Tue Jan 13 01:31:07 CST 2026] [监控中] 当前最高GPU占用: 62%
[Tue Jan 13 01:31:07 CST 2026] [监控中] 等待 30 秒...
[Tue Jan 13 01:31:37 CST 2026] [监控中] 当前最高GPU占用: 100%
[Tue Jan 13 01:31:37 CST 2026] [监控中] 等待 30 秒...
[Tue Jan 13 01:32:07 CST 2026] [监控中] 当前最高GPU占用: 98%
[Tue Jan 13 01:32:07 CST 2026] [监控中] 等待 30 秒...
[Tue Jan 13 01:32:37 CST 2026] [监控中] 当前最高GPU占用: 100%
[Tue Jan 13 01:32:37 CST 2026] [监控中] 等待 30 秒...
[Tue Jan 13 01:33:07 CST 2026] [监控中] 当前最高GPU占用: 96%
[Tue Jan 13 01:33:07 CST 2026] [监控中] 等待 30 秒...
[Tue Jan 13 01:33:37 CST 2026] [监控中] 当前最高GPU占用: 82%
[Tue Jan 13 01:33:37 CST 2026] [监控中] 等待 30 秒...
[Tue Jan 13 01:34:08 CST 2026] [监控中] 当前最高GPU占用: 92%
[Tue Jan 13 01:34:08 CST 2026] [监控中] 等待 30 秒...
[Tue Jan 13 01:34:38 CST 2026] [监控中] 当前最高GPU占用: 100%
[Tue Jan 13 01:34:38 CST 2026] [监控中] 等待 30 秒...
[Tue Jan 13 01:35:08 CST 2026] [监控中] 当前最高GPU占用: 68%
[Tue Jan 13 01:35:08 CST 2026] [监控中] 等待 30 秒...
[Tue Jan 13 01:35:38 CST 2026] [监控中] 当前最高GPU占用: 68%
[Tue Jan 13 01:35:38 CST 2026] [监控中] 等待 30 秒...
[Tue Jan 13 01:36:08 CST 2026] [监控中] 当前最高GPU占用: 77%
[Tue Jan 13 01:36:08 CST 2026] [监控中] 等待 30 秒...
[Tue Jan 13 01:36:38 CST 2026] [监控中] 当前最高GPU占用: 100%
[Tue Jan 13 01:36:38 CST 2026] [监控中] 等待 30 秒...
[Tue Jan 13 01:37:08 CST 2026] [监控中] 当前最高GPU占用: 74%
[Tue Jan 13 01:37:08 CST 2026] [监控中] 等待 30 秒...
[Tue Jan 13 01:37:38 CST 2026] [监控中] 当前最高GPU占用: 95%
[Tue Jan 13 01:37:38 CST 2026] [监控中] 等待 30 秒...
[Tue Jan 13 01:38:08 CST 2026] [监控中] 当前最高GPU占用: 79%
[Tue Jan 13 01:38:08 CST 2026] [监控中] 等待 30 秒...
[Tue Jan 13 01:38:38 CST 2026] [监控中] 当前最高GPU占用: 77%
[Tue Jan 13 01:38:38 CST 2026] [监控中] 等待 30 秒...
[Tue Jan 13 01:39:09 CST 2026] [监控中] 当前最高GPU占用: 100%
[Tue Jan 13 01:39:09 CST 2026] [监控中] 等待 30 秒...
[Tue Jan 13 01:39:39 CST 2026] [监控中] 当前最高GPU占用: 100%
[Tue Jan 13 01:39:39 CST 2026] [监控中] 等待 30 秒...
[Tue Jan 13 01:40:09 CST 2026] [监控中] 当前最高GPU占用: 77%
[Tue Jan 13 01:40:09 CST 2026] [监控中] 等待 30 秒...
[Tue Jan 13 01:40:39 CST 2026] [监控中] 当前最高GPU占用: 71%
[Tue Jan 13 01:40:39 CST 2026] [监控中] 等待 30 秒...
[Tue Jan 13 01:41:09 CST 2026] [监控中] 当前最高GPU占用: 95%
[Tue Jan 13 01:41:09 CST 2026] [监控中] 等待 30 秒...
[Tue Jan 13 01:41:39 CST 2026] [监控中] 当前最高GPU占用: 95%
[Tue Jan 13 01:41:39 CST 2026] [监控中] 等待 30 秒...
[Tue Jan 13 01:42:09 CST 2026] [监控中] 当前最高GPU占用: 99%
[Tue Jan 13 01:42:09 CST 2026] [监控中] 等待 30 秒...
[Tue Jan 13 01:42:39 CST 2026] [监控中] 当前最高GPU占用: 76%
[Tue Jan 13 01:42:39 CST 2026] [监控中] 等待 30 秒...
[Tue Jan 13 01:43:09 CST 2026] [监控中] 当前最高GPU占用: 95%
[Tue Jan 13 01:43:09 CST 2026] [监控中] 等待 30 秒...
[Tue Jan 13 01:43:40 CST 2026] [监控中] 当前最高GPU占用: 95%
[Tue Jan 13 01:43:40 CST 2026] [监控中] 等待 30 秒...
[Tue Jan 13 01:44:10 CST 2026] [监控中] 当前最高GPU占用: 94%
[Tue Jan 13 01:44:10 CST 2026] [监控中] 等待 30 秒...
[Tue Jan 13 01:44:40 CST 2026] [监控中] 当前最高GPU占用: 66%
[Tue Jan 13 01:44:40 CST 2026] [监控中] 等待 30 秒...
[Tue Jan 13 01:45:10 CST 2026] [监控中] 当前最高GPU占用: 66%
[Tue Jan 13 01:45:10 CST 2026] [监控中] 等待 30 秒...
[Tue Jan 13 01:45:40 CST 2026] [监控中] 当前最高GPU占用: 100%
[Tue Jan 13 01:45:40 CST 2026] [监控中] 等待 30 秒...
[Tue Jan 13 01:46:10 CST 2026] [监控中] 当前最高GPU占用: 100%
[Tue Jan 13 01:46:10 CST 2026] [监控中] 等待 30 秒...
[Tue Jan 13 01:46:40 CST 2026] [监控中] 当前最高GPU占用: 69%
[Tue Jan 13 01:46:40 CST 2026] [监控中] 等待 30 秒...
[Tue Jan 13 01:47:10 CST 2026] [监控中] 当前最高GPU占用: 67%
[Tue Jan 13 01:47:10 CST 2026] [监控中] 等待 30 秒...
[Tue Jan 13 01:47:40 CST 2026] [监控中] 当前最高GPU占用: 67%
[Tue Jan 13 01:47:40 CST 2026] [监控中] 等待 30 秒...
[Tue Jan 13 01:48:10 CST 2026] [监控中] 当前最高GPU占用: 95%
[Tue Jan 13 01:48:10 CST 2026] [监控中] 等待 30 秒...
[Tue Jan 13 01:48:40 CST 2026] [监控中] 当前最高GPU占用: 63%
[Tue Jan 13 01:48:40 CST 2026] [监控中] 等待 30 秒...
[Tue Jan 13 01:49:11 CST 2026] [监控中] 当前最高GPU占用: 68%
[Tue Jan 13 01:49:11 CST 2026] [监控中] 等待 30 秒...
[Tue Jan 13 01:49:41 CST 2026] [监控中] 当前最高GPU占用: 95%
[Tue Jan 13 01:49:41 CST 2026] [监控中] 等待 30 秒...
[Tue Jan 13 01:50:11 CST 2026] [监控中] 当前最高GPU占用: 86%
[Tue Jan 13 01:50:11 CST 2026] [监控中] 等待 30 秒...
[Tue Jan 13 01:50:41 CST 2026] [监控中] 当前最高GPU占用: 95%
[Tue Jan 13 01:50:41 CST 2026] [监控中] 等待 30 秒...
[Tue Jan 13 01:51:11 CST 2026] [监控中] 当前最高GPU占用: 95%
[Tue Jan 13 01:51:11 CST 2026] [监控中] 等待 30 秒...
[Tue Jan 13 01:51:41 CST 2026] [监控中] 当前最高GPU占用: 100%
[Tue Jan 13 01:51:41 CST 2026] [监控中] 等待 30 秒...
[Tue Jan 13 01:52:11 CST 2026] [监控中] 当前最高GPU占用: 67%
[Tue Jan 13 01:52:11 CST 2026] [监控中] 等待 30 秒...
[Tue Jan 13 01:52:41 CST 2026] [监控中] 当前最高GPU占用: 100%
[Tue Jan 13 01:52:41 CST 2026] [监控中] 等待 30 秒...
[Tue Jan 13 01:53:11 CST 2026] [监控中] 当前最高GPU占用: 68%
[Tue Jan 13 01:53:11 CST 2026] [监控中] 等待 30 秒...
[Tue Jan 13 01:53:41 CST 2026] [监控中] 当前最高GPU占用: 96%
[Tue Jan 13 01:53:41 CST 2026] [监控中] 等待 30 秒...
[Tue Jan 13 01:54:12 CST 2026] [监控中] 当前最高GPU占用: 66%
[Tue Jan 13 01:54:12 CST 2026] [监控中] 等待 30 秒...
[Tue Jan 13 01:54:42 CST 2026] [监控中] 当前最高GPU占用: 95%
[Tue Jan 13 01:54:42 CST 2026] [监控中] 等待 30 秒...
[Tue Jan 13 01:55:12 CST 2026] [监控中] 当前最高GPU占用: 100%
[Tue Jan 13 01:55:12 CST 2026] [监控中] 等待 30 秒...
[Tue Jan 13 01:55:42 CST 2026] [监控中] 当前最高GPU占用: 67%
[Tue Jan 13 01:55:42 CST 2026] [监控中] 等待 30 秒...
[Tue Jan 13 01:56:12 CST 2026] [监控中] 当前最高GPU占用: 95%
[Tue Jan 13 01:56:12 CST 2026] [监控中] 等待 30 秒...
[Tue Jan 13 01:56:42 CST 2026] [监控中] 当前最高GPU占用: 94%
[Tue Jan 13 01:56:42 CST 2026] [监控中] 等待 30 秒...
[Tue Jan 13 01:57:12 CST 2026] [监控中] 当前最高GPU占用: 69%
[Tue Jan 13 01:57:12 CST 2026] [监控中] 等待 30 秒...
[Tue Jan 13 01:57:42 CST 2026] [监控中] 当前最高GPU占用: 100%
[Tue Jan 13 01:57:42 CST 2026] [监控中] 等待 30 秒...
[Tue Jan 13 01:58:12 CST 2026] [监控中] 当前最高GPU占用: 65%
[Tue Jan 13 01:58:12 CST 2026] [监控中] 等待 30 秒...
[Tue Jan 13 01:58:43 CST 2026] [监控中] 当前最高GPU占用: 95%
[Tue Jan 13 01:58:43 CST 2026] [监控中] 等待 30 秒...
[Tue Jan 13 01:59:13 CST 2026] [监控中] 当前最高GPU占用: 100%
[Tue Jan 13 01:59:13 CST 2026] [监控中] 等待 30 秒...
[Tue Jan 13 01:59:43 CST 2026] [监控中] 当前最高GPU占用: 76%
[Tue Jan 13 01:59:43 CST 2026] [监控中] 等待 30 秒...
[Tue Jan 13 02:00:13 CST 2026] [监控中] 当前最高GPU占用: 65%
[Tue Jan 13 02:00:13 CST 2026] [监控中] 等待 30 秒...
[Tue Jan 13 02:00:43 CST 2026] [监控中] 当前最高GPU占用: 78%
[Tue Jan 13 02:00:43 CST 2026] [监控中] 等待 30 秒...
[Tue Jan 13 02:01:13 CST 2026] [监控中] 当前最高GPU占用: 95%
[Tue Jan 13 02:01:13 CST 2026] [监控中] 等待 30 秒...
[Tue Jan 13 02:01:43 CST 2026] [监控中] 当前最高GPU占用: 92%
[Tue Jan 13 02:01:43 CST 2026] [监控中] 等待 30 秒...
[Tue Jan 13 02:02:13 CST 2026] [监控中] 当前最高GPU占用: 76%
[Tue Jan 13 02:02:13 CST 2026] [监控中] 等待 30 秒...
[Tue Jan 13 02:02:43 CST 2026] [监控中] 当前最高GPU占用: 95%
[Tue Jan 13 02:02:43 CST 2026] [监控中] 等待 30 秒...
[Tue Jan 13 02:03:14 CST 2026] [监控中] 当前最高GPU占用: 100%
[Tue Jan 13 02:03:14 CST 2026] [监控中] 等待 30 秒...
[Tue Jan 13 02:03:44 CST 2026] [监控中] 当前最高GPU占用: 95%
[Tue Jan 13 02:03:44 CST 2026] [监控中] 等待 30 秒...
[Tue Jan 13 02:04:14 CST 2026] [监控中] 当前最高GPU占用: 96%
[Tue Jan 13 02:04:14 CST 2026] [监控中] 等待 30 秒...
[Tue Jan 13 02:04:44 CST 2026] [监控中] 当前最高GPU占用: 100%
[Tue Jan 13 02:04:44 CST 2026] [监控中] 等待 30 秒...
[Tue Jan 13 02:05:14 CST 2026] [监控中] 当前最高GPU占用: 99%
[Tue Jan 13 02:05:14 CST 2026] [监控中] 等待 30 秒...
[Tue Jan 13 02:05:44 CST 2026] [监控中] 当前最高GPU占用: 95%
[Tue Jan 13 02:05:44 CST 2026] [监控中] 等待 30 秒...
[Tue Jan 13 02:06:14 CST 2026] [监控中] 当前最高GPU占用: 95%
[Tue Jan 13 02:06:14 CST 2026] [监控中] 等待 30 秒...
[Tue Jan 13 02:06:44 CST 2026] [监控中] 当前最高GPU占用: 63%
[Tue Jan 13 02:06:44 CST 2026] [监控中] 等待 30 秒...
[Tue Jan 13 02:07:14 CST 2026] [监控中] 当前最高GPU占用: 95%
[Tue Jan 13 02:07:14 CST 2026] [监控中] 等待 30 秒...
[Tue Jan 13 02:07:44 CST 2026] [监控中] 当前最高GPU占用: 100%
[Tue Jan 13 02:07:44 CST 2026] [监控中] 等待 30 秒...
[Tue Jan 13 02:08:15 CST 2026] [监控中] 当前最高GPU占用: 100%
[Tue Jan 13 02:08:15 CST 2026] [监控中] 等待 30 秒...
[Tue Jan 13 02:08:45 CST 2026] [监控中] 当前最高GPU占用: 100%
[Tue Jan 13 02:08:45 CST 2026] [监控中] 等待 30 秒...
[Tue Jan 13 02:09:15 CST 2026] [监控中] 当前最高GPU占用: 95%
[Tue Jan 13 02:09:15 CST 2026] [监控中] 等待 30 秒...
[Tue Jan 13 02:09:45 CST 2026] [监控中] 当前最高GPU占用: 68%
[Tue Jan 13 02:09:45 CST 2026] [监控中] 等待 30 秒...
[Tue Jan 13 02:10:15 CST 2026] [监控中] 当前最高GPU占用: 93%
[Tue Jan 13 02:10:15 CST 2026] [监控中] 等待 30 秒...
[Tue Jan 13 02:10:45 CST 2026] [监控中] 当前最高GPU占用: 95%
[Tue Jan 13 02:10:45 CST 2026] [监控中] 等待 30 秒...
[Tue Jan 13 02:11:15 CST 2026] [监控中] 当前最高GPU占用: 100%
[Tue Jan 13 02:11:15 CST 2026] [监控中] 等待 30 秒...
[Tue Jan 13 02:11:45 CST 2026] [监控中] 当前最高GPU占用: 95%
[Tue Jan 13 02:11:45 CST 2026] [监控中] 等待 30 秒...
[Tue Jan 13 02:12:15 CST 2026] [监控中] 当前最高GPU占用: 68%
[Tue Jan 13 02:12:15 CST 2026] [监控中] 等待 30 秒...
[Tue Jan 13 02:12:45 CST 2026] [监控中] 当前最高GPU占用: 97%
[Tue Jan 13 02:12:45 CST 2026] [监控中] 等待 30 秒...
[Tue Jan 13 02:13:15 CST 2026] [监控中] 当前最高GPU占用: 95%
[Tue Jan 13 02:13:15 CST 2026] [监控中] 等待 30 秒...
[Tue Jan 13 02:13:46 CST 2026] [监控中] 当前最高GPU占用: 96%
[Tue Jan 13 02:13:46 CST 2026] [监控中] 等待 30 秒...
[Tue Jan 13 02:14:16 CST 2026] [监控中] 当前最高GPU占用: 65%
[Tue Jan 13 02:14:16 CST 2026] [监控中] 等待 30 秒...
[Tue Jan 13 02:14:46 CST 2026] [监控中] 当前最高GPU占用: 79%
[Tue Jan 13 02:14:46 CST 2026] [监控中] 等待 30 秒...
[Tue Jan 13 02:15:16 CST 2026] [监控中] 当前最高GPU占用: 65%
[Tue Jan 13 02:15:16 CST 2026] [监控中] 等待 30 秒...
[Tue Jan 13 02:15:46 CST 2026] [监控中] 当前最高GPU占用: 66%
[Tue Jan 13 02:15:46 CST 2026] [监控中] 等待 30 秒...
[Tue Jan 13 02:16:16 CST 2026] [监控中] 当前最高GPU占用: 95%
[Tue Jan 13 02:16:16 CST 2026] [监控中] 等待 30 秒...
[Tue Jan 13 02:16:46 CST 2026] [监控中] 当前最高GPU占用: 100%
[Tue Jan 13 02:16:46 CST 2026] [监控中] 等待 30 秒...
[Tue Jan 13 02:17:16 CST 2026] [监控中] 当前最高GPU占用: 100%
[Tue Jan 13 02:17:16 CST 2026] [监控中] 等待 30 秒...
[Tue Jan 13 02:17:46 CST 2026] [监控中] 当前最高GPU占用: 100%
[Tue Jan 13 02:17:46 CST 2026] [监控中] 等待 30 秒...
[Tue Jan 13 02:18:16 CST 2026] [监控中] 当前最高GPU占用: 95%
[Tue Jan 13 02:18:16 CST 2026] [监控中] 等待 30 秒...
[Tue Jan 13 02:18:46 CST 2026] [监控中] 当前最高GPU占用: 99%
[Tue Jan 13 02:18:46 CST 2026] [监控中] 等待 30 秒...
[Tue Jan 13 02:19:17 CST 2026] [监控中] 当前最高GPU占用: 92%
[Tue Jan 13 02:19:17 CST 2026] [监控中] 等待 30 秒...
[Tue Jan 13 02:19:47 CST 2026] [监控中] 当前最高GPU占用: 100%
[Tue Jan 13 02:19:47 CST 2026] [监控中] 等待 30 秒...
[Tue Jan 13 02:20:17 CST 2026] [监控中] 当前最高GPU占用: 100%
[Tue Jan 13 02:20:17 CST 2026] [监控中] 等待 30 秒...
[Tue Jan 13 02:20:47 CST 2026] [监控中] 当前最高GPU占用: 66%
[Tue Jan 13 02:20:47 CST 2026] [监控中] 等待 30 秒...
[Tue Jan 13 02:21:17 CST 2026] [监控中] 当前最高GPU占用: 100%
[Tue Jan 13 02:21:17 CST 2026] [监控中] 等待 30 秒...
[Tue Jan 13 02:21:47 CST 2026] [监控中] 当前最高GPU占用: 100%
[Tue Jan 13 02:21:47 CST 2026] [监控中] 等待 30 秒...
[Tue Jan 13 02:22:17 CST 2026] [监控中] 当前最高GPU占用: 100%
[Tue Jan 13 02:22:17 CST 2026] [监控中] 等待 30 秒...
[Tue Jan 13 02:22:47 CST 2026] [监控中] 当前最高GPU占用: 87%
[Tue Jan 13 02:22:47 CST 2026] [监控中] 等待 30 秒...
[Tue Jan 13 02:23:17 CST 2026] [监控中] 当前最高GPU占用: 67%
[Tue Jan 13 02:23:17 CST 2026] [监控中] 等待 30 秒...
[Tue Jan 13 02:23:47 CST 2026] [监控中] 当前最高GPU占用: 96%
[Tue Jan 13 02:23:47 CST 2026] [监控中] 等待 30 秒...
[Tue Jan 13 02:24:18 CST 2026] [监控中] 当前最高GPU占用: 96%
[Tue Jan 13 02:24:18 CST 2026] [监控中] 等待 30 秒...
[Tue Jan 13 02:24:48 CST 2026] [监控中] 当前最高GPU占用: 67%
[Tue Jan 13 02:24:48 CST 2026] [监控中] 等待 30 秒...
[Tue Jan 13 02:25:18 CST 2026] [监控中] 当前最高GPU占用: 100%
[Tue Jan 13 02:25:18 CST 2026] [监控中] 等待 30 秒...
[Tue Jan 13 02:25:48 CST 2026] [监控中] 当前最高GPU占用: 65%
[Tue Jan 13 02:25:48 CST 2026] [监控中] 等待 30 秒...
[Tue Jan 13 02:26:18 CST 2026] [监控中] 当前最高GPU占用: 100%
[Tue Jan 13 02:26:18 CST 2026] [监控中] 等待 30 秒...
[Tue Jan 13 02:26:48 CST 2026] [监控中] 当前最高GPU占用: 98%
[Tue Jan 13 02:26:48 CST 2026] [监控中] 等待 30 秒...
[Tue Jan 13 02:27:18 CST 2026] [监控中] 当前最高GPU占用: 95%
[Tue Jan 13 02:27:18 CST 2026] [监控中] 等待 30 秒...
[Tue Jan 13 02:27:48 CST 2026] [监控中] 当前最高GPU占用: 78%
[Tue Jan 13 02:27:48 CST 2026] [监控中] 等待 30 秒...
[Tue Jan 13 02:28:18 CST 2026] [监控中] 当前最高GPU占用: 100%
[Tue Jan 13 02:28:18 CST 2026] [监控中] 等待 30 秒...
[Tue Jan 13 02:28:48 CST 2026] [监控中] 当前最高GPU占用: 99%
[Tue Jan 13 02:28:48 CST 2026] [监控中] 等待 30 秒...
[Tue Jan 13 02:29:18 CST 2026] [监控中] 当前最高GPU占用: 100%
[Tue Jan 13 02:29:18 CST 2026] [监控中] 等待 30 秒...
[Tue Jan 13 02:29:49 CST 2026] [监控中] 当前最高GPU占用: 79%
[Tue Jan 13 02:29:49 CST 2026] [监控中] 等待 30 秒...
[Tue Jan 13 02:30:19 CST 2026] [监控中] 当前最高GPU占用: 100%
[Tue Jan 13 02:30:19 CST 2026] [监控中] 等待 30 秒...
[Tue Jan 13 02:30:49 CST 2026] [监控中] 当前最高GPU占用: 69%
[Tue Jan 13 02:30:49 CST 2026] [监控中] 等待 30 秒...
[Tue Jan 13 02:31:19 CST 2026] [监控中] 当前最高GPU占用: 100%
[Tue Jan 13 02:31:19 CST 2026] [监控中] 等待 30 秒...
[Tue Jan 13 02:31:49 CST 2026] [监控中] 当前最高GPU占用: 96%
[Tue Jan 13 02:31:49 CST 2026] [监控中] 等待 30 秒...
[Tue Jan 13 02:32:19 CST 2026] [监控中] 当前最高GPU占用: 96%
[Tue Jan 13 02:32:19 CST 2026] [监控中] 等待 30 秒...
[Tue Jan 13 02:32:49 CST 2026] [监控中] 当前最高GPU占用: 69%
[Tue Jan 13 02:32:49 CST 2026] [监控中] 等待 30 秒...
[Tue Jan 13 02:33:19 CST 2026] [监控中] 当前最高GPU占用: 87%
[Tue Jan 13 02:33:19 CST 2026] [监控中] 等待 30 秒...
[Tue Jan 13 02:33:49 CST 2026] [监控中] 当前最高GPU占用: 100%
[Tue Jan 13 02:33:49 CST 2026] [监控中] 等待 30 秒...
[Tue Jan 13 02:34:19 CST 2026] [监控中] 当前最高GPU占用: 100%
[Tue Jan 13 02:34:19 CST 2026] [监控中] 等待 30 秒...
[Tue Jan 13 02:34:50 CST 2026] [监控中] 当前最高GPU占用: 96%
[Tue Jan 13 02:34:50 CST 2026] [监控中] 等待 30 秒...
[Tue Jan 13 02:35:20 CST 2026] [监控中] 当前最高GPU占用: 74%
[Tue Jan 13 02:35:20 CST 2026] [监控中] 等待 30 秒...
[Tue Jan 13 02:35:50 CST 2026] [监控中] 当前最高GPU占用: 90%
[Tue Jan 13 02:35:50 CST 2026] [监控中] 等待 30 秒...
[Tue Jan 13 02:36:20 CST 2026] [监控中] 当前最高GPU占用: 64%
[Tue Jan 13 02:36:20 CST 2026] [监控中] 等待 30 秒...
[Tue Jan 13 02:36:50 CST 2026] [监控中] 当前最高GPU占用: 100%
[Tue Jan 13 02:36:50 CST 2026] [监控中] 等待 30 秒...
[Tue Jan 13 02:37:20 CST 2026] [监控中] 当前最高GPU占用: 69%
[Tue Jan 13 02:37:20 CST 2026] [监控中] 等待 30 秒...
[Tue Jan 13 02:37:50 CST 2026] [监控中] 当前最高GPU占用: 95%
[Tue Jan 13 02:37:50 CST 2026] [监控中] 等待 30 秒...
[Tue Jan 13 02:38:20 CST 2026] [监控中] 当前最高GPU占用: 91%
[Tue Jan 13 02:38:20 CST 2026] [监控中] 等待 30 秒...
[Tue Jan 13 02:38:50 CST 2026] [监控中] 当前最高GPU占用: 96%
[Tue Jan 13 02:38:50 CST 2026] [监控中] 等待 30 秒...
[Tue Jan 13 02:39:20 CST 2026] [监控中] 当前最高GPU占用: 94%
[Tue Jan 13 02:39:20 CST 2026] [监控中] 等待 30 秒...
[Tue Jan 13 02:39:50 CST 2026] [监控中] 当前最高GPU占用: 96%
[Tue Jan 13 02:39:50 CST 2026] [监控中] 等待 30 秒...
[Tue Jan 13 02:40:20 CST 2026] [监控中] 当前最高GPU占用: 67%
[Tue Jan 13 02:40:20 CST 2026] [监控中] 等待 30 秒...
[Tue Jan 13 02:40:51 CST 2026] [监控中] 当前最高GPU占用: 97%
[Tue Jan 13 02:40:51 CST 2026] [监控中] 等待 30 秒...
[Tue Jan 13 02:41:21 CST 2026] [监控中] 当前最高GPU占用: 99%
[Tue Jan 13 02:41:21 CST 2026] [监控中] 等待 30 秒...
[Tue Jan 13 02:41:51 CST 2026] [监控中] 当前最高GPU占用: 81%
[Tue Jan 13 02:41:51 CST 2026] [监控中] 等待 30 秒...
[Tue Jan 13 02:42:21 CST 2026] [监控中] 当前最高GPU占用: 95%
[Tue Jan 13 02:42:21 CST 2026] [监控中] 等待 30 秒...
[Tue Jan 13 02:42:51 CST 2026] [监控中] 当前最高GPU占用: 66%
[Tue Jan 13 02:42:51 CST 2026] [监控中] 等待 30 秒...
[Tue Jan 13 02:43:21 CST 2026] [监控中] 当前最高GPU占用: 96%
[Tue Jan 13 02:43:21 CST 2026] [监控中] 等待 30 秒...
[Tue Jan 13 02:43:51 CST 2026] [监控中] 当前最高GPU占用: 100%
[Tue Jan 13 02:43:51 CST 2026] [监控中] 等待 30 秒...
[Tue Jan 13 02:44:21 CST 2026] [监控中] 当前最高GPU占用: 95%
[Tue Jan 13 02:44:21 CST 2026] [监控中] 等待 30 秒...
[Tue Jan 13 02:44:51 CST 2026] [监控中] 当前最高GPU占用: 96%
[Tue Jan 13 02:44:51 CST 2026] [监控中] 等待 30 秒...
[Tue Jan 13 02:45:21 CST 2026] [监控中] 当前最高GPU占用: 54%
[Tue Jan 13 02:45:21 CST 2026] [监控中] 等待 30 秒...
[Tue Jan 13 02:45:52 CST 2026] [监控中] 当前最高GPU占用: 96%
[Tue Jan 13 02:45:52 CST 2026] [监控中] 等待 30 秒...
[Tue Jan 13 02:46:22 CST 2026] [监控中] 当前最高GPU占用: 100%
[Tue Jan 13 02:46:22 CST 2026] [监控中] 等待 30 秒...
[Tue Jan 13 02:46:52 CST 2026] [监控中] 当前最高GPU占用: 67%
[Tue Jan 13 02:46:52 CST 2026] [监控中] 等待 30 秒...
[Tue Jan 13 02:47:22 CST 2026] [监控中] 当前最高GPU占用: 75%
[Tue Jan 13 02:47:22 CST 2026] [监控中] 等待 30 秒...
[Tue Jan 13 02:47:52 CST 2026] [监控中] 当前最高GPU占用: 100%
[Tue Jan 13 02:47:52 CST 2026] [监控中] 等待 30 秒...
[Tue Jan 13 02:48:22 CST 2026] [监控中] 当前最高GPU占用: 96%
[Tue Jan 13 02:48:22 CST 2026] [监控中] 等待 30 秒...
[Tue Jan 13 02:48:52 CST 2026] [监控中] 当前最高GPU占用: 73%
[Tue Jan 13 02:48:52 CST 2026] [监控中] 等待 30 秒...
[Tue Jan 13 02:49:22 CST 2026] [监控中] 当前最高GPU占用: 100%
[Tue Jan 13 02:49:22 CST 2026] [监控中] 等待 30 秒...
[Tue Jan 13 02:49:52 CST 2026] [监控中] 当前最高GPU占用: 71%
[Tue Jan 13 02:49:52 CST 2026] [监控中] 等待 30 秒...
[Tue Jan 13 02:50:22 CST 2026] [监控中] 当前最高GPU占用: 96%
[Tue Jan 13 02:50:22 CST 2026] [监控中] 等待 30 秒...
[Tue Jan 13 02:50:52 CST 2026] [监控中] 当前最高GPU占用: 69%
[Tue Jan 13 02:50:52 CST 2026] [监控中] 等待 30 秒...
[Tue Jan 13 02:51:23 CST 2026] [监控中] 当前最高GPU占用: 95%
[Tue Jan 13 02:51:23 CST 2026] [监控中] 等待 30 秒...
[Tue Jan 13 02:51:53 CST 2026] [监控中] 当前最高GPU占用: 100%
[Tue Jan 13 02:51:53 CST 2026] [监控中] 等待 30 秒...
[Tue Jan 13 02:52:23 CST 2026] [监控中] 当前最高GPU占用: 71%
[Tue Jan 13 02:52:23 CST 2026] [监控中] 等待 30 秒...
[Tue Jan 13 02:52:53 CST 2026] [监控中] 当前最高GPU占用: 96%
[Tue Jan 13 02:52:53 CST 2026] [监控中] 等待 30 秒...
[Tue Jan 13 02:53:23 CST 2026] [监控中] 当前最高GPU占用: 73%
[Tue Jan 13 02:53:23 CST 2026] [监控中] 等待 30 秒...
[Tue Jan 13 02:53:53 CST 2026] [监控中] 当前最高GPU占用: 66%
[Tue Jan 13 02:53:53 CST 2026] [监控中] 等待 30 秒...
[Tue Jan 13 02:54:23 CST 2026] [监控中] 当前最高GPU占用: 96%
[Tue Jan 13 02:54:23 CST 2026] [监控中] 等待 30 秒...
[Tue Jan 13 02:54:53 CST 2026] [监控中] 当前最高GPU占用: 81%
[Tue Jan 13 02:54:53 CST 2026] [监控中] 等待 30 秒...
[Tue Jan 13 02:55:23 CST 2026] [监控中] 当前最高GPU占用: 68%
[Tue Jan 13 02:55:23 CST 2026] [监控中] 等待 30 秒...
[Tue Jan 13 02:55:53 CST 2026] [监控中] 当前最高GPU占用: 100%
[Tue Jan 13 02:55:53 CST 2026] [监控中] 等待 30 秒...
[Tue Jan 13 02:56:24 CST 2026] [监控中] 当前最高GPU占用: 70%
[Tue Jan 13 02:56:24 CST 2026] [监控中] 等待 30 秒...
[Tue Jan 13 02:56:54 CST 2026] [监控中] 当前最高GPU占用: 95%
[Tue Jan 13 02:56:54 CST 2026] [监控中] 等待 30 秒...
[Tue Jan 13 02:57:24 CST 2026] [监控中] 当前最高GPU占用: 66%
[Tue Jan 13 02:57:24 CST 2026] [监控中] 等待 30 秒...
[Tue Jan 13 02:57:54 CST 2026] [监控中] 当前最高GPU占用: 70%
[Tue Jan 13 02:57:54 CST 2026] [监控中] 等待 30 秒...
[Tue Jan 13 02:58:24 CST 2026] [监控中] 当前最高GPU占用: 87%
[Tue Jan 13 02:58:24 CST 2026] [监控中] 等待 30 秒...
[Tue Jan 13 02:58:54 CST 2026] [监控中] 当前最高GPU占用: 83%
[Tue Jan 13 02:58:54 CST 2026] [监控中] 等待 30 秒...
[Tue Jan 13 02:59:24 CST 2026] [监控中] 当前最高GPU占用: 100%
[Tue Jan 13 02:59:24 CST 2026] [监控中] 等待 30 秒...
[Tue Jan 13 02:59:54 CST 2026] [监控中] 当前最高GPU占用: 96%
[Tue Jan 13 02:59:54 CST 2026] [监控中] 等待 30 秒...
[Tue Jan 13 03:00:24 CST 2026] [监控中] 当前最高GPU占用: 100%
[Tue Jan 13 03:00:24 CST 2026] [监控中] 等待 30 秒...
[Tue Jan 13 03:00:54 CST 2026] [监控中] 当前最高GPU占用: 96%
[Tue Jan 13 03:00:54 CST 2026] [监控中] 等待 30 秒...
[Tue Jan 13 03:01:24 CST 2026] [监控中] 当前最高GPU占用: 83%
[Tue Jan 13 03:01:24 CST 2026] [监控中] 等待 30 秒...
[Tue Jan 13 03:01:55 CST 2026] [监控中] 当前最高GPU占用: 73%
[Tue Jan 13 03:01:55 CST 2026] [监控中] 等待 30 秒...
[Tue Jan 13 03:02:25 CST 2026] [监控中] 当前最高GPU占用: 91%
[Tue Jan 13 03:02:25 CST 2026] [监控中] 等待 30 秒...
[Tue Jan 13 03:02:55 CST 2026] [监控中] 当前最高GPU占用: 86%
[Tue Jan 13 03:02:55 CST 2026] [监控中] 等待 30 秒...
[Tue Jan 13 03:03:25 CST 2026] [监控中] 当前最高GPU占用: 100%
[Tue Jan 13 03:03:25 CST 2026] [监控中] 等待 30 秒...
[Tue Jan 13 03:03:55 CST 2026] [监控中] 当前最高GPU占用: 72%
[Tue Jan 13 03:03:55 CST 2026] [监控中] 等待 30 秒...
[Tue Jan 13 03:04:25 CST 2026] [监控中] 当前最高GPU占用: 69%
[Tue Jan 13 03:04:25 CST 2026] [监控中] 等待 30 秒...
[Tue Jan 13 03:04:55 CST 2026] [监控中] 当前最高GPU占用: 69%
[Tue Jan 13 03:04:55 CST 2026] [监控中] 等待 30 秒...
[Tue Jan 13 03:05:25 CST 2026] [监控中] 当前最高GPU占用: 70%
[Tue Jan 13 03:05:25 CST 2026] [监控中] 等待 30 秒...
[Tue Jan 13 03:05:55 CST 2026] [监控中] 当前最高GPU占用: 100%
[Tue Jan 13 03:05:55 CST 2026] [监控中] 等待 30 秒...
[Tue Jan 13 03:06:25 CST 2026] [监控中] 当前最高GPU占用: 100%
[Tue Jan 13 03:06:25 CST 2026] [监控中] 等待 30 秒...
[Tue Jan 13 03:06:56 CST 2026] [监控中] 当前最高GPU占用: 100%
[Tue Jan 13 03:06:56 CST 2026] [监控中] 等待 30 秒...
[Tue Jan 13 03:07:26 CST 2026] [监控中] 当前最高GPU占用: 96%
[Tue Jan 13 03:07:26 CST 2026] [监控中] 等待 30 秒...
[Tue Jan 13 03:07:56 CST 2026] [监控中] 当前最高GPU占用: 100%
[Tue Jan 13 03:07:56 CST 2026] [监控中] 等待 30 秒...
[Tue Jan 13 03:08:26 CST 2026] [监控中] 当前最高GPU占用: 95%
[Tue Jan 13 03:08:26 CST 2026] [监控中] 等待 30 秒...
[Tue Jan 13 03:08:56 CST 2026] [监控中] 当前最高GPU占用: 68%
[Tue Jan 13 03:08:56 CST 2026] [监控中] 等待 30 秒...
[Tue Jan 13 03:09:26 CST 2026] [监控中] 当前最高GPU占用: 96%
[Tue Jan 13 03:09:26 CST 2026] [监控中] 等待 30 秒...
[Tue Jan 13 03:09:56 CST 2026] [监控中] 当前最高GPU占用: 66%
[Tue Jan 13 03:09:56 CST 2026] [监控中] 等待 30 秒...
[Tue Jan 13 03:10:26 CST 2026] [监控中] 当前最高GPU占用: 90%
[Tue Jan 13 03:10:26 CST 2026] [监控中] 等待 30 秒...
[Tue Jan 13 03:10:56 CST 2026] [监控中] 当前最高GPU占用: 100%
[Tue Jan 13 03:10:56 CST 2026] [监控中] 等待 30 秒...
[Tue Jan 13 03:11:27 CST 2026] [监控中] 当前最高GPU占用: 96%
[Tue Jan 13 03:11:27 CST 2026] [监控中] 等待 30 秒...
[Tue Jan 13 03:11:57 CST 2026] [监控中] 当前最高GPU占用: 98%
[Tue Jan 13 03:11:57 CST 2026] [监控中] 等待 30 秒...
[Tue Jan 13 03:12:27 CST 2026] [监控中] 当前最高GPU占用: 100%
[Tue Jan 13 03:12:27 CST 2026] [监控中] 等待 30 秒...
[Tue Jan 13 03:12:57 CST 2026] [监控中] 当前最高GPU占用: 100%
[Tue Jan 13 03:12:57 CST 2026] [监控中] 等待 30 秒...
[Tue Jan 13 03:13:27 CST 2026] [监控中] 当前最高GPU占用: 89%
[Tue Jan 13 03:13:27 CST 2026] [监控中] 等待 30 秒...
[Tue Jan 13 03:13:57 CST 2026] [监控中] 当前最高GPU占用: 67%
[Tue Jan 13 03:13:57 CST 2026] [监控中] 等待 30 秒...
[Tue Jan 13 03:14:27 CST 2026] [监控中] 当前最高GPU占用: 68%
[Tue Jan 13 03:14:27 CST 2026] [监控中] 等待 30 秒...
[Tue Jan 13 03:14:57 CST 2026] [监控中] 当前最高GPU占用: 100%
[Tue Jan 13 03:14:57 CST 2026] [监控中] 等待 30 秒...
[Tue Jan 13 03:15:27 CST 2026] [监控中] 当前最高GPU占用: 91%
[Tue Jan 13 03:15:27 CST 2026] [监控中] 等待 30 秒...
[Tue Jan 13 03:15:57 CST 2026] [监控中] 当前最高GPU占用: 92%
[Tue Jan 13 03:15:57 CST 2026] [监控中] 等待 30 秒...
[Tue Jan 13 03:16:27 CST 2026] [监控中] 当前最高GPU占用: 100%
[Tue Jan 13 03:16:27 CST 2026] [监控中] 等待 30 秒...
[Tue Jan 13 03:16:58 CST 2026] [监控中] 当前最高GPU占用: 69%
[Tue Jan 13 03:16:58 CST 2026] [监控中] 等待 30 秒...
[Tue Jan 13 03:17:28 CST 2026] [监控中] 当前最高GPU占用: 95%
[Tue Jan 13 03:17:28 CST 2026] [监控中] 等待 30 秒...
[Tue Jan 13 03:17:58 CST 2026] [监控中] 当前最高GPU占用: 83%
[Tue Jan 13 03:17:58 CST 2026] [监控中] 等待 30 秒...
[Tue Jan 13 03:18:28 CST 2026] [监控中] 当前最高GPU占用: 100%
[Tue Jan 13 03:18:28 CST 2026] [监控中] 等待 30 秒...
[Tue Jan 13 03:18:58 CST 2026] [监控中] 当前最高GPU占用: 100%
[Tue Jan 13 03:18:58 CST 2026] [监控中] 等待 30 秒...
[Tue Jan 13 03:19:28 CST 2026] [监控中] 当前最高GPU占用: 100%
[Tue Jan 13 03:19:28 CST 2026] [监控中] 等待 30 秒...
[Tue Jan 13 03:19:58 CST 2026] [监控中] 当前最高GPU占用: 66%
[Tue Jan 13 03:19:58 CST 2026] [监控中] 等待 30 秒...
[Tue Jan 13 03:20:28 CST 2026] [监控中] 当前最高GPU占用: 100%
[Tue Jan 13 03:20:28 CST 2026] [监控中] 等待 30 秒...
[Tue Jan 13 03:20:58 CST 2026] [监控中] 当前最高GPU占用: 68%
[Tue Jan 13 03:20:58 CST 2026] [监控中] 等待 30 秒...
[Tue Jan 13 03:21:28 CST 2026] [监控中] 当前最高GPU占用: 100%
[Tue Jan 13 03:21:28 CST 2026] [监控中] 等待 30 秒...
[Tue Jan 13 03:21:58 CST 2026] [监控中] 当前最高GPU占用: 96%
[Tue Jan 13 03:21:58 CST 2026] [监控中] 等待 30 秒...
[Tue Jan 13 03:22:29 CST 2026] [监控中] 当前最高GPU占用: 66%
[Tue Jan 13 03:22:29 CST 2026] [监控中] 等待 30 秒...
[Tue Jan 13 03:22:59 CST 2026] [监控中] 当前最高GPU占用: 96%
[Tue Jan 13 03:22:59 CST 2026] [监控中] 等待 30 秒...
[Tue Jan 13 03:23:29 CST 2026] [监控中] 当前最高GPU占用: 96%
[Tue Jan 13 03:23:29 CST 2026] [监控中] 等待 30 秒...
[Tue Jan 13 03:23:59 CST 2026] [监控中] 当前最高GPU占用: 72%
[Tue Jan 13 03:23:59 CST 2026] [监控中] 等待 30 秒...
[Tue Jan 13 03:24:29 CST 2026] [监控中] 当前最高GPU占用: 94%
[Tue Jan 13 03:24:29 CST 2026] [监控中] 等待 30 秒...
[Tue Jan 13 03:24:59 CST 2026] [监控中] 当前最高GPU占用: 100%
[Tue Jan 13 03:24:59 CST 2026] [监控中] 等待 30 秒...
[Tue Jan 13 03:25:29 CST 2026] [监控中] 当前最高GPU占用: 96%
[Tue Jan 13 03:25:29 CST 2026] [监控中] 等待 30 秒...
[Tue Jan 13 03:25:59 CST 2026] [监控中] 当前最高GPU占用: 100%
[Tue Jan 13 03:25:59 CST 2026] [监控中] 等待 30 秒...
[Tue Jan 13 03:26:29 CST 2026] [监控中] 当前最高GPU占用: 65%
[Tue Jan 13 03:26:29 CST 2026] [监控中] 等待 30 秒...
[Tue Jan 13 03:26:59 CST 2026] [监控中] 当前最高GPU占用: 96%
[Tue Jan 13 03:26:59 CST 2026] [监控中] 等待 30 秒...
[Tue Jan 13 03:27:30 CST 2026] [监控中] 当前最高GPU占用: 96%
[Tue Jan 13 03:27:30 CST 2026] [监控中] 等待 30 秒...
[Tue Jan 13 03:28:00 CST 2026] [监控中] 当前最高GPU占用: 89%
[Tue Jan 13 03:28:00 CST 2026] [监控中] 等待 30 秒...
[Tue Jan 13 03:28:30 CST 2026] [监控中] 当前最高GPU占用: 95%
[Tue Jan 13 03:28:30 CST 2026] [监控中] 等待 30 秒...
[Tue Jan 13 03:29:00 CST 2026] [监控中] 当前最高GPU占用: 95%
[Tue Jan 13 03:29:00 CST 2026] [监控中] 等待 30 秒...
[Tue Jan 13 03:29:30 CST 2026] [监控中] 当前最高GPU占用: 95%
[Tue Jan 13 03:29:30 CST 2026] [监控中] 等待 30 秒...
[Tue Jan 13 03:30:00 CST 2026] [监控中] 当前最高GPU占用: 96%
[Tue Jan 13 03:30:00 CST 2026] [监控中] 等待 30 秒...
[Tue Jan 13 03:30:30 CST 2026] [监控中] 当前最高GPU占用: 95%
[Tue Jan 13 03:30:30 CST 2026] [监控中] 等待 30 秒...
[Tue Jan 13 03:31:00 CST 2026] [监控中] 当前最高GPU占用: 76%
[Tue Jan 13 03:31:00 CST 2026] [监控中] 等待 30 秒...
[Tue Jan 13 03:31:30 CST 2026] [监控中] 当前最高GPU占用: 100%
[Tue Jan 13 03:31:30 CST 2026] [监控中] 等待 30 秒...
[Tue Jan 13 03:32:00 CST 2026] [监控中] 当前最高GPU占用: 100%
[Tue Jan 13 03:32:00 CST 2026] [监控中] 等待 30 秒...
[Tue Jan 13 03:32:30 CST 2026] [监控中] 当前最高GPU占用: 71%
[Tue Jan 13 03:32:30 CST 2026] [监控中] 等待 30 秒...
[Tue Jan 13 03:33:00 CST 2026] [监控中] 当前最高GPU占用: 96%
[Tue Jan 13 03:33:00 CST 2026] [监控中] 等待 30 秒...
[Tue Jan 13 03:33:31 CST 2026] [监控中] 当前最高GPU占用: 69%
[Tue Jan 13 03:33:31 CST 2026] [监控中] 等待 30 秒...
[Tue Jan 13 03:34:01 CST 2026] [监控中] 当前最高GPU占用: 94%
[Tue Jan 13 03:34:01 CST 2026] [监控中] 等待 30 秒...
[Tue Jan 13 03:34:31 CST 2026] [监控中] 当前最高GPU占用: 84%
[Tue Jan 13 03:34:31 CST 2026] [监控中] 等待 30 秒...
[Tue Jan 13 03:35:01 CST 2026] [监控中] 当前最高GPU占用: 95%
[Tue Jan 13 03:35:01 CST 2026] [监控中] 等待 30 秒...
[Tue Jan 13 03:35:31 CST 2026] [监控中] 当前最高GPU占用: 100%
[Tue Jan 13 03:35:31 CST 2026] [监控中] 等待 30 秒...
[Tue Jan 13 03:36:01 CST 2026] [监控中] 当前最高GPU占用: 94%
[Tue Jan 13 03:36:01 CST 2026] [监控中] 等待 30 秒...
[Tue Jan 13 03:36:31 CST 2026] [监控中] 当前最高GPU占用: 100%
[Tue Jan 13 03:36:31 CST 2026] [监控中] 等待 30 秒...
[Tue Jan 13 03:37:01 CST 2026] [监控中] 当前最高GPU占用: 65%
[Tue Jan 13 03:37:01 CST 2026] [监控中] 等待 30 秒...
[Tue Jan 13 03:37:31 CST 2026] [监控中] 当前最高GPU占用: 94%
[Tue Jan 13 03:37:31 CST 2026] [监控中] 等待 30 秒...
[Tue Jan 13 03:38:01 CST 2026] [监控中] 当前最高GPU占用: 98%
[Tue Jan 13 03:38:01 CST 2026] [监控中] 等待 30 秒...
[Tue Jan 13 03:38:31 CST 2026] [监控中] 当前最高GPU占用: 97%
[Tue Jan 13 03:38:31 CST 2026] [监控中] 等待 30 秒...
[Tue Jan 13 03:39:02 CST 2026] [监控中] 当前最高GPU占用: 96%
[Tue Jan 13 03:39:02 CST 2026] [监控中] 等待 30 秒...
[Tue Jan 13 03:39:32 CST 2026] [监控中] 当前最高GPU占用: 67%
[Tue Jan 13 03:39:32 CST 2026] [监控中] 等待 30 秒...
[Tue Jan 13 03:40:02 CST 2026] [监控中] 当前最高GPU占用: 95%
[Tue Jan 13 03:40:02 CST 2026] [监控中] 等待 30 秒...
[Tue Jan 13 03:40:32 CST 2026] [监控中] 当前最高GPU占用: 84%
[Tue Jan 13 03:40:32 CST 2026] [监控中] 等待 30 秒...
[Tue Jan 13 03:41:02 CST 2026] [监控中] 当前最高GPU占用: 96%
[Tue Jan 13 03:41:02 CST 2026] [监控中] 等待 30 秒...
[Tue Jan 13 03:41:32 CST 2026] [监控中] 当前最高GPU占用: 100%
[Tue Jan 13 03:41:32 CST 2026] [监控中] 等待 30 秒...
[Tue Jan 13 03:42:02 CST 2026] [监控中] 当前最高GPU占用: 100%
[Tue Jan 13 03:42:02 CST 2026] [监控中] 等待 30 秒...
[Tue Jan 13 03:42:32 CST 2026] [监控中] 当前最高GPU占用: 69%
[Tue Jan 13 03:42:32 CST 2026] [监控中] 等待 30 秒...
[Tue Jan 13 03:43:02 CST 2026] [监控中] 当前最高GPU占用: 96%
[Tue Jan 13 03:43:02 CST 2026] [监控中] 等待 30 秒...
[Tue Jan 13 03:43:32 CST 2026] [监控中] 当前最高GPU占用: 89%
[Tue Jan 13 03:43:32 CST 2026] [监控中] 等待 30 秒...
[Tue Jan 13 03:44:02 CST 2026] [监控中] 当前最高GPU占用: 96%
[Tue Jan 13 03:44:02 CST 2026] [监控中] 等待 30 秒...
[Tue Jan 13 03:44:33 CST 2026] [监控中] 当前最高GPU占用: 85%
[Tue Jan 13 03:44:33 CST 2026] [监控中] 等待 30 秒...
[Tue Jan 13 03:45:03 CST 2026] [监控中] 当前最高GPU占用: 99%
[Tue Jan 13 03:45:03 CST 2026] [监控中] 等待 30 秒...
[Tue Jan 13 03:45:33 CST 2026] [监控中] 当前最高GPU占用: 96%
[Tue Jan 13 03:45:33 CST 2026] [监控中] 等待 30 秒...
[Tue Jan 13 03:46:03 CST 2026] [监控中] 当前最高GPU占用: 91%
[Tue Jan 13 03:46:03 CST 2026] [监控中] 等待 30 秒...
[Tue Jan 13 03:46:33 CST 2026] [监控中] 当前最高GPU占用: 98%
[Tue Jan 13 03:46:33 CST 2026] [监控中] 等待 30 秒...
[Tue Jan 13 03:47:03 CST 2026] [监控中] 当前最高GPU占用: 100%
[Tue Jan 13 03:47:03 CST 2026] [监控中] 等待 30 秒...
[Tue Jan 13 03:47:33 CST 2026] [监控中] 当前最高GPU占用: 96%
[Tue Jan 13 03:47:33 CST 2026] [监控中] 等待 30 秒...
[Tue Jan 13 03:48:03 CST 2026] [监控中] 当前最高GPU占用: 99%
[Tue Jan 13 03:48:03 CST 2026] [监控中] 等待 30 秒...
[Tue Jan 13 03:48:33 CST 2026] [监控中] 当前最高GPU占用: 75%
[Tue Jan 13 03:48:33 CST 2026] [监控中] 等待 30 秒...
[Tue Jan 13 03:49:03 CST 2026] [监控中] 当前最高GPU占用: 70%
[Tue Jan 13 03:49:03 CST 2026] [监控中] 等待 30 秒...
[Tue Jan 13 03:49:34 CST 2026] [监控中] 当前最高GPU占用: 100%
[Tue Jan 13 03:49:34 CST 2026] [监控中] 等待 30 秒...
[Tue Jan 13 03:50:04 CST 2026] [监控中] 当前最高GPU占用: 96%
[Tue Jan 13 03:50:04 CST 2026] [监控中] 等待 30 秒...
[Tue Jan 13 03:50:34 CST 2026] [监控中] 当前最高GPU占用: 96%
[Tue Jan 13 03:50:34 CST 2026] [监控中] 等待 30 秒...
[Tue Jan 13 03:51:04 CST 2026] [监控中] 当前最高GPU占用: 80%
[Tue Jan 13 03:51:04 CST 2026] [监控中] 等待 30 秒...
[Tue Jan 13 03:51:34 CST 2026] [监控中] 当前最高GPU占用: 100%
[Tue Jan 13 03:51:34 CST 2026] [监控中] 等待 30 秒...
[Tue Jan 13 03:52:04 CST 2026] [监控中] 当前最高GPU占用: 71%
[Tue Jan 13 03:52:04 CST 2026] [监控中] 等待 30 秒...
[Tue Jan 13 03:52:34 CST 2026] [监控中] 当前最高GPU占用: 96%
[Tue Jan 13 03:52:34 CST 2026] [监控中] 等待 30 秒...
[Tue Jan 13 03:53:04 CST 2026] [监控中] 当前最高GPU占用: 95%
[Tue Jan 13 03:53:04 CST 2026] [监控中] 等待 30 秒...
[Tue Jan 13 03:53:34 CST 2026] [监控中] 当前最高GPU占用: 68%
[Tue Jan 13 03:53:34 CST 2026] [监控中] 等待 30 秒...
[Tue Jan 13 03:54:04 CST 2026] [监控中] 当前最高GPU占用: 100%
[Tue Jan 13 03:54:04 CST 2026] [监控中] 等待 30 秒...
[Tue Jan 13 03:54:34 CST 2026] [监控中] 当前最高GPU占用: 100%
[Tue Jan 13 03:54:34 CST 2026] [监控中] 等待 30 秒...
[Tue Jan 13 03:55:05 CST 2026] [监控中] 当前最高GPU占用: 96%
[Tue Jan 13 03:55:05 CST 2026] [监控中] 等待 30 秒...
[Tue Jan 13 03:55:35 CST 2026] [监控中] 当前最高GPU占用: 98%
[Tue Jan 13 03:55:35 CST 2026] [监控中] 等待 30 秒...
[Tue Jan 13 03:56:05 CST 2026] [监控中] 当前最高GPU占用: 100%
[Tue Jan 13 03:56:05 CST 2026] [监控中] 等待 30 秒...
[Tue Jan 13 03:56:35 CST 2026] [监控中] 当前最高GPU占用: 95%
[Tue Jan 13 03:56:35 CST 2026] [监控中] 等待 30 秒...
[Tue Jan 13 03:57:05 CST 2026] [监控中] 当前最高GPU占用: 100%
[Tue Jan 13 03:57:05 CST 2026] [监控中] 等待 30 秒...
[Tue Jan 13 03:57:35 CST 2026] [监控中] 当前最高GPU占用: 96%
[Tue Jan 13 03:57:35 CST 2026] [监控中] 等待 30 秒...
[Tue Jan 13 03:58:05 CST 2026] [监控中] 当前最高GPU占用: 100%
[Tue Jan 13 03:58:05 CST 2026] [监控中] 等待 30 秒...
[Tue Jan 13 03:58:35 CST 2026] [监控中] 当前最高GPU占用: 100%
[Tue Jan 13 03:58:35 CST 2026] [监控中] 等待 30 秒...
[Tue Jan 13 03:59:05 CST 2026] [监控中] 当前最高GPU占用: 100%
[Tue Jan 13 03:59:05 CST 2026] [监控中] 等待 30 秒...
[Tue Jan 13 03:59:35 CST 2026] [监控中] 当前最高GPU占用: 95%
[Tue Jan 13 03:59:35 CST 2026] [监控中] 等待 30 秒...
[Tue Jan 13 04:00:05 CST 2026] [监控中] 当前最高GPU占用: 65%
[Tue Jan 13 04:00:05 CST 2026] [监控中] 等待 30 秒...
[Tue Jan 13 04:00:35 CST 2026] [监控中] 当前最高GPU占用: 96%
[Tue Jan 13 04:00:36 CST 2026] [监控中] 等待 30 秒...
[Tue Jan 13 04:01:06 CST 2026] [监控中] 当前最高GPU占用: 95%
[Tue Jan 13 04:01:06 CST 2026] [监控中] 等待 30 秒...
[Tue Jan 13 04:01:36 CST 2026] [监控中] 当前最高GPU占用: 96%
[Tue Jan 13 04:01:36 CST 2026] [监控中] 等待 30 秒...
[Tue Jan 13 04:02:06 CST 2026] [监控中] 当前最高GPU占用: 100%
[Tue Jan 13 04:02:06 CST 2026] [监控中] 等待 30 秒...
[Tue Jan 13 04:02:36 CST 2026] [监控中] 当前最高GPU占用: 63%
[Tue Jan 13 04:02:36 CST 2026] [监控中] 等待 30 秒...
[Tue Jan 13 04:03:06 CST 2026] [监控中] 当前最高GPU占用: 100%
[Tue Jan 13 04:03:06 CST 2026] [监控中] 等待 30 秒...
[Tue Jan 13 04:03:36 CST 2026] [监控中] 当前最高GPU占用: 96%
[Tue Jan 13 04:03:36 CST 2026] [监控中] 等待 30 秒...
[Tue Jan 13 04:04:06 CST 2026] [监控中] 当前最高GPU占用: 96%
[Tue Jan 13 04:04:06 CST 2026] [监控中] 等待 30 秒...
[Tue Jan 13 04:04:36 CST 2026] [监控中] 当前最高GPU占用: 85%
[Tue Jan 13 04:04:36 CST 2026] [监控中] 等待 30 秒...
[Tue Jan 13 04:05:06 CST 2026] [监控中] 当前最高GPU占用: 95%
[Tue Jan 13 04:05:06 CST 2026] [监控中] 等待 30 秒...
[Tue Jan 13 04:05:36 CST 2026] [监控中] 当前最高GPU占用: 68%
[Tue Jan 13 04:05:36 CST 2026] [监控中] 等待 30 秒...
[Tue Jan 13 04:06:07 CST 2026] [监控中] 当前最高GPU占用: 98%
[Tue Jan 13 04:06:07 CST 2026] [监控中] 等待 30 秒...
[Tue Jan 13 04:06:37 CST 2026] [监控中] 当前最高GPU占用: 96%
[Tue Jan 13 04:06:37 CST 2026] [监控中] 等待 30 秒...
[Tue Jan 13 04:07:07 CST 2026] [监控中] 当前最高GPU占用: 96%
[Tue Jan 13 04:07:07 CST 2026] [监控中] 等待 30 秒...
[Tue Jan 13 04:07:37 CST 2026] [监控中] 当前最高GPU占用: 66%
[Tue Jan 13 04:07:37 CST 2026] [监控中] 等待 30 秒...
[Tue Jan 13 04:08:07 CST 2026] [监控中] 当前最高GPU占用: 65%
[Tue Jan 13 04:08:07 CST 2026] [监控中] 等待 30 秒...
[Tue Jan 13 04:08:37 CST 2026] [监控中] 当前最高GPU占用: 75%
[Tue Jan 13 04:08:37 CST 2026] [监控中] 等待 30 秒...
[Tue Jan 13 04:09:07 CST 2026] [监控中] 当前最高GPU占用: 100%
[Tue Jan 13 04:09:07 CST 2026] [监控中] 等待 30 秒...
[Tue Jan 13 04:09:37 CST 2026] [监控中] 当前最高GPU占用: 83%
[Tue Jan 13 04:09:37 CST 2026] [监控中] 等待 30 秒...
[Tue Jan 13 04:10:07 CST 2026] [监控中] 当前最高GPU占用: 100%
[Tue Jan 13 04:10:07 CST 2026] [监控中] 等待 30 秒...
[Tue Jan 13 04:10:37 CST 2026] [监控中] 当前最高GPU占用: 89%
[Tue Jan 13 04:10:37 CST 2026] [监控中] 等待 30 秒...
[Tue Jan 13 04:11:07 CST 2026] [监控中] 当前最高GPU占用: 68%
[Tue Jan 13 04:11:07 CST 2026] [监控中] 等待 30 秒...
[Tue Jan 13 04:11:38 CST 2026] [监控中] 当前最高GPU占用: 96%
[Tue Jan 13 04:11:38 CST 2026] [监控中] 等待 30 秒...
[Tue Jan 13 04:12:08 CST 2026] [监控中] 当前最高GPU占用: 100%
[Tue Jan 13 04:12:08 CST 2026] [监控中] 等待 30 秒...
[Tue Jan 13 04:12:38 CST 2026] [监控中] 当前最高GPU占用: 65%
[Tue Jan 13 04:12:38 CST 2026] [监控中] 等待 30 秒...
[Tue Jan 13 04:13:08 CST 2026] [监控中] 当前最高GPU占用: 100%
[Tue Jan 13 04:13:08 CST 2026] [监控中] 等待 30 秒...
[Tue Jan 13 04:13:38 CST 2026] [监控中] 当前最高GPU占用: 100%
[Tue Jan 13 04:13:38 CST 2026] [监控中] 等待 30 秒...
[Tue Jan 13 04:14:08 CST 2026] [监控中] 当前最高GPU占用: 75%
[Tue Jan 13 04:14:08 CST 2026] [监控中] 等待 30 秒...
[Tue Jan 13 04:14:38 CST 2026] [监控中] 当前最高GPU占用: 100%
[Tue Jan 13 04:14:38 CST 2026] [监控中] 等待 30 秒...
[Tue Jan 13 04:15:08 CST 2026] [监控中] 当前最高GPU占用: 84%
[Tue Jan 13 04:15:08 CST 2026] [监控中] 等待 30 秒...
[Tue Jan 13 04:15:38 CST 2026] [监控中] 当前最高GPU占用: 100%
[Tue Jan 13 04:15:38 CST 2026] [监控中] 等待 30 秒...
[Tue Jan 13 04:16:08 CST 2026] [监控中] 当前最高GPU占用: 100%
[Tue Jan 13 04:16:08 CST 2026] [监控中] 等待 30 秒...
[Tue Jan 13 04:16:39 CST 2026] [监控中] 当前最高GPU占用: 96%
[Tue Jan 13 04:16:39 CST 2026] [监控中] 等待 30 秒...
[Tue Jan 13 04:17:09 CST 2026] [监控中] 当前最高GPU占用: 95%
[Tue Jan 13 04:17:09 CST 2026] [监控中] 等待 30 秒...
[Tue Jan 13 04:17:39 CST 2026] [监控中] 当前最高GPU占用: 100%
[Tue Jan 13 04:17:39 CST 2026] [监控中] 等待 30 秒...
[Tue Jan 13 04:18:09 CST 2026] [监控中] 当前最高GPU占用: 96%
[Tue Jan 13 04:18:09 CST 2026] [监控中] 等待 30 秒...
[Tue Jan 13 04:18:39 CST 2026] [监控中] 当前最高GPU占用: 95%
[Tue Jan 13 04:18:39 CST 2026] [监控中] 等待 30 秒...
[Tue Jan 13 04:19:09 CST 2026] [监控中] 当前最高GPU占用: 67%
[Tue Jan 13 04:19:09 CST 2026] [监控中] 等待 30 秒...
[Tue Jan 13 04:19:39 CST 2026] [监控中] 当前最高GPU占用: 100%
[Tue Jan 13 04:19:39 CST 2026] [监控中] 等待 30 秒...
[Tue Jan 13 04:20:09 CST 2026] [监控中] 当前最高GPU占用: 68%
[Tue Jan 13 04:20:09 CST 2026] [监控中] 等待 30 秒...
[Tue Jan 13 04:20:39 CST 2026] [监控中] 当前最高GPU占用: 100%
[Tue Jan 13 04:20:39 CST 2026] [监控中] 等待 30 秒...
[Tue Jan 13 04:21:09 CST 2026] [监控中] 当前最高GPU占用: 67%
[Tue Jan 13 04:21:09 CST 2026] [监控中] 等待 30 秒...
[Tue Jan 13 04:21:40 CST 2026] [监控中] 当前最高GPU占用: 96%
[Tue Jan 13 04:21:40 CST 2026] [监控中] 等待 30 秒...
[Tue Jan 13 04:22:10 CST 2026] [监控中] 当前最高GPU占用: 100%
[Tue Jan 13 04:22:10 CST 2026] [监控中] 等待 30 秒...
[Tue Jan 13 04:22:40 CST 2026] [监控中] 当前最高GPU占用: 95%
[Tue Jan 13 04:22:40 CST 2026] [监控中] 等待 30 秒...
[Tue Jan 13 04:23:10 CST 2026] [监控中] 当前最高GPU占用: 81%
[Tue Jan 13 04:23:10 CST 2026] [监控中] 等待 30 秒...
[Tue Jan 13 04:23:40 CST 2026] [监控中] 当前最高GPU占用: 67%
[Tue Jan 13 04:23:40 CST 2026] [监控中] 等待 30 秒...
[Tue Jan 13 04:24:10 CST 2026] [监控中] 当前最高GPU占用: 95%
[Tue Jan 13 04:24:10 CST 2026] [监控中] 等待 30 秒...
[Tue Jan 13 04:24:40 CST 2026] [监控中] 当前最高GPU占用: 96%
[Tue Jan 13 04:24:40 CST 2026] [监控中] 等待 30 秒...
[Tue Jan 13 04:25:10 CST 2026] [监控中] 当前最高GPU占用: 96%
[Tue Jan 13 04:25:10 CST 2026] [监控中] 等待 30 秒...
[Tue Jan 13 04:25:40 CST 2026] [监控中] 当前最高GPU占用: 67%
[Tue Jan 13 04:25:40 CST 2026] [监控中] 等待 30 秒...
[Tue Jan 13 04:26:10 CST 2026] [监控中] 当前最高GPU占用: 90%
[Tue Jan 13 04:26:10 CST 2026] [监控中] 等待 30 秒...
[Tue Jan 13 04:26:40 CST 2026] [监控中] 当前最高GPU占用: 100%
[Tue Jan 13 04:26:40 CST 2026] [监控中] 等待 30 秒...
[Tue Jan 13 04:27:10 CST 2026] [监控中] 当前最高GPU占用: 96%
[Tue Jan 13 04:27:10 CST 2026] [监控中] 等待 30 秒...
[Tue Jan 13 04:27:41 CST 2026] [监控中] 当前最高GPU占用: 100%
[Tue Jan 13 04:27:41 CST 2026] [监控中] 等待 30 秒...
[Tue Jan 13 04:28:11 CST 2026] [监控中] 当前最高GPU占用: 96%
[Tue Jan 13 04:28:11 CST 2026] [监控中] 等待 30 秒...
[Tue Jan 13 04:28:41 CST 2026] [监控中] 当前最高GPU占用: 100%
[Tue Jan 13 04:28:41 CST 2026] [监控中] 等待 30 秒...
[Tue Jan 13 04:29:11 CST 2026] [监控中] 当前最高GPU占用: 97%
[Tue Jan 13 04:29:11 CST 2026] [监控中] 等待 30 秒...
[Tue Jan 13 04:29:41 CST 2026] [监控中] 当前最高GPU占用: 100%
[Tue Jan 13 04:29:41 CST 2026] [监控中] 等待 30 秒...
[Tue Jan 13 04:30:11 CST 2026] [监控中] 当前最高GPU占用: 92%
[Tue Jan 13 04:30:11 CST 2026] [监控中] 等待 30 秒...
[Tue Jan 13 04:30:41 CST 2026] [监控中] 当前最高GPU占用: 95%
[Tue Jan 13 04:30:41 CST 2026] [监控中] 等待 30 秒...
[Tue Jan 13 04:31:11 CST 2026] [监控中] 当前最高GPU占用: 96%
[Tue Jan 13 04:31:11 CST 2026] [监控中] 等待 30 秒...
[Tue Jan 13 04:31:41 CST 2026] [监控中] 当前最高GPU占用: 96%
[Tue Jan 13 04:31:41 CST 2026] [监控中] 等待 30 秒...
[Tue Jan 13 04:32:11 CST 2026] [监控中] 当前最高GPU占用: 95%
[Tue Jan 13 04:32:11 CST 2026] [监控中] 等待 30 秒...
[Tue Jan 13 04:32:41 CST 2026] [监控中] 当前最高GPU占用: 96%
[Tue Jan 13 04:32:41 CST 2026] [监控中] 等待 30 秒...
[Tue Jan 13 04:33:11 CST 2026] [监控中] 当前最高GPU占用: 100%
[Tue Jan 13 04:33:11 CST 2026] [监控中] 等待 30 秒...
[Tue Jan 13 04:33:42 CST 2026] [监控中] 当前最高GPU占用: 96%
[Tue Jan 13 04:33:42 CST 2026] [监控中] 等待 30 秒...
[Tue Jan 13 04:34:12 CST 2026] [监控中] 当前最高GPU占用: 96%
[Tue Jan 13 04:34:12 CST 2026] [监控中] 等待 30 秒...
[Tue Jan 13 04:34:42 CST 2026] [监控中] 当前最高GPU占用: 59%
[Tue Jan 13 04:34:42 CST 2026] [监控中] 等待 30 秒...
[Tue Jan 13 04:35:12 CST 2026] [监控中] 当前最高GPU占用: 100%
[Tue Jan 13 04:35:12 CST 2026] [监控中] 等待 30 秒...
[Tue Jan 13 04:35:42 CST 2026] [监控中] 当前最高GPU占用: 71%
[Tue Jan 13 04:35:42 CST 2026] [监控中] 等待 30 秒...
[Tue Jan 13 04:36:12 CST 2026] [监控中] 当前最高GPU占用: 100%
[Tue Jan 13 04:36:12 CST 2026] [监控中] 等待 30 秒...
[Tue Jan 13 04:36:42 CST 2026] [监控中] 当前最高GPU占用: 95%
[Tue Jan 13 04:36:42 CST 2026] [监控中] 等待 30 秒...
[Tue Jan 13 04:37:12 CST 2026] [监控中] 当前最高GPU占用: 62%
[Tue Jan 13 04:37:12 CST 2026] [监控中] 等待 30 秒...
[Tue Jan 13 04:37:42 CST 2026] [监控中] 当前最高GPU占用: 96%
[Tue Jan 13 04:37:42 CST 2026] [监控中] 等待 30 秒...
[Tue Jan 13 04:38:12 CST 2026] [监控中] 当前最高GPU占用: 96%
[Tue Jan 13 04:38:12 CST 2026] [监控中] 等待 30 秒...
[Tue Jan 13 04:38:42 CST 2026] [监控中] 当前最高GPU占用: 74%
[Tue Jan 13 04:38:42 CST 2026] [监控中] 等待 30 秒...
[Tue Jan 13 04:39:13 CST 2026] [监控中] 当前最高GPU占用: 96%
[Tue Jan 13 04:39:13 CST 2026] [监控中] 等待 30 秒...
[Tue Jan 13 04:39:43 CST 2026] [监控中] 当前最高GPU占用: 100%
[Tue Jan 13 04:39:43 CST 2026] [监控中] 等待 30 秒...
[Tue Jan 13 04:40:13 CST 2026] [监控中] 当前最高GPU占用: 100%
[Tue Jan 13 04:40:13 CST 2026] [监控中] 等待 30 秒...
[Tue Jan 13 04:40:43 CST 2026] [监控中] 当前最高GPU占用: 95%
[Tue Jan 13 04:40:43 CST 2026] [监控中] 等待 30 秒...
[Tue Jan 13 04:41:13 CST 2026] [监控中] 当前最高GPU占用: 85%
[Tue Jan 13 04:41:13 CST 2026] [监控中] 等待 30 秒...
[Tue Jan 13 04:41:43 CST 2026] [监控中] 当前最高GPU占用: 100%
[Tue Jan 13 04:41:43 CST 2026] [监控中] 等待 30 秒...
[Tue Jan 13 04:42:13 CST 2026] [监控中] 当前最高GPU占用: 100%
[Tue Jan 13 04:42:13 CST 2026] [监控中] 等待 30 秒...
[Tue Jan 13 04:42:43 CST 2026] [监控中] 当前最高GPU占用: 100%
[Tue Jan 13 04:42:43 CST 2026] [监控中] 等待 30 秒...
[Tue Jan 13 04:43:13 CST 2026] [监控中] 当前最高GPU占用: 93%
[Tue Jan 13 04:43:13 CST 2026] [监控中] 等待 30 秒...
[Tue Jan 13 04:43:44 CST 2026] [监控中] 当前最高GPU占用: 64%
[Tue Jan 13 04:43:44 CST 2026] [监控中] 等待 30 秒...
[Tue Jan 13 04:44:14 CST 2026] [监控中] 当前最高GPU占用: 98%
[Tue Jan 13 04:44:14 CST 2026] [监控中] 等待 30 秒...
[Tue Jan 13 04:44:44 CST 2026] [监控中] 当前最高GPU占用: 100%
[Tue Jan 13 04:44:44 CST 2026] [监控中] 等待 30 秒...
[Tue Jan 13 04:45:14 CST 2026] [监控中] 当前最高GPU占用: 96%
[Tue Jan 13 04:45:14 CST 2026] [监控中] 等待 30 秒...
[Tue Jan 13 04:45:44 CST 2026] [监控中] 当前最高GPU占用: 92%
[Tue Jan 13 04:45:44 CST 2026] [监控中] 等待 30 秒...
[Tue Jan 13 04:46:14 CST 2026] [监控中] 当前最高GPU占用: 96%
[Tue Jan 13 04:46:14 CST 2026] [监控中] 等待 30 秒...
[Tue Jan 13 04:46:44 CST 2026] [监控中] 当前最高GPU占用: 68%
[Tue Jan 13 04:46:44 CST 2026] [监控中] 等待 30 秒...
[Tue Jan 13 04:47:14 CST 2026] [监控中] 当前最高GPU占用: 81%
[Tue Jan 13 04:47:14 CST 2026] [监控中] 等待 30 秒...
[Tue Jan 13 04:47:44 CST 2026] [监控中] 当前最高GPU占用: 100%
[Tue Jan 13 04:47:44 CST 2026] [监控中] 等待 30 秒...
[Tue Jan 13 04:48:14 CST 2026] [监控中] 当前最高GPU占用: 100%
[Tue Jan 13 04:48:14 CST 2026] [监控中] 等待 30 秒...
[Tue Jan 13 04:48:44 CST 2026] [监控中] 当前最高GPU占用: 92%
[Tue Jan 13 04:48:44 CST 2026] [监控中] 等待 30 秒...
[Tue Jan 13 04:49:15 CST 2026] [监控中] 当前最高GPU占用: 100%
[Tue Jan 13 04:49:15 CST 2026] [监控中] 等待 30 秒...
[Tue Jan 13 04:49:45 CST 2026] [监控中] 当前最高GPU占用: 96%
[Tue Jan 13 04:49:45 CST 2026] [监控中] 等待 30 秒...
[Tue Jan 13 04:50:15 CST 2026] [监控中] 当前最高GPU占用: 95%
[Tue Jan 13 04:50:15 CST 2026] [监控中] 等待 30 秒...
[Tue Jan 13 04:50:45 CST 2026] [监控中] 当前最高GPU占用: 78%
[Tue Jan 13 04:50:45 CST 2026] [监控中] 等待 30 秒...
[Tue Jan 13 04:51:15 CST 2026] [监控中] 当前最高GPU占用: 72%
[Tue Jan 13 04:51:15 CST 2026] [监控中] 等待 30 秒...
[Tue Jan 13 04:51:45 CST 2026] [监控中] 当前最高GPU占用: 100%
[Tue Jan 13 04:51:45 CST 2026] [监控中] 等待 30 秒...
[Tue Jan 13 04:52:15 CST 2026] [监控中] 当前最高GPU占用: 68%
[Tue Jan 13 04:52:15 CST 2026] [监控中] 等待 30 秒...
[Tue Jan 13 04:52:45 CST 2026] [监控中] 当前最高GPU占用: 95%
[Tue Jan 13 04:52:45 CST 2026] [监控中] 等待 30 秒...
[Tue Jan 13 04:53:15 CST 2026] [监控中] 当前最高GPU占用: 53%
[Tue Jan 13 04:53:15 CST 2026] [监控中] 等待 30 秒...
[Tue Jan 13 04:53:45 CST 2026] [监控中] 当前最高GPU占用: 68%
[Tue Jan 13 04:53:45 CST 2026] [监控中] 等待 30 秒...
[Tue Jan 13 04:54:15 CST 2026] [监控中] 当前最高GPU占用: 100%
[Tue Jan 13 04:54:15 CST 2026] [监控中] 等待 30 秒...
[Tue Jan 13 04:54:45 CST 2026] [监控中] 当前最高GPU占用: 69%
[Tue Jan 13 04:54:45 CST 2026] [监控中] 等待 30 秒...
[Tue Jan 13 04:55:15 CST 2026] [监控中] 当前最高GPU占用: 95%
[Tue Jan 13 04:55:15 CST 2026] [监控中] 等待 30 秒...
[Tue Jan 13 04:55:45 CST 2026] [监控中] 当前最高GPU占用: 64%
[Tue Jan 13 04:55:45 CST 2026] [监控中] 等待 30 秒...
[Tue Jan 13 04:56:16 CST 2026] [监控中] 当前最高GPU占用: 96%
[Tue Jan 13 04:56:16 CST 2026] [监控中] 等待 30 秒...
[Tue Jan 13 04:56:46 CST 2026] [监控中] 当前最高GPU占用: 67%
[Tue Jan 13 04:56:46 CST 2026] [监控中] 等待 30 秒...
[Tue Jan 13 04:57:16 CST 2026] [监控中] 当前最高GPU占用: 100%
[Tue Jan 13 04:57:16 CST 2026] [监控中] 等待 30 秒...
[Tue Jan 13 04:57:46 CST 2026] [监控中] 当前最高GPU占用: 100%
[Tue Jan 13 04:57:46 CST 2026] [监控中] 等待 30 秒...
[Tue Jan 13 04:58:16 CST 2026] [监控中] 当前最高GPU占用: 91%
[Tue Jan 13 04:58:16 CST 2026] [监控中] 等待 30 秒...
[Tue Jan 13 04:58:46 CST 2026] [监控中] 当前最高GPU占用: 68%
[Tue Jan 13 04:58:46 CST 2026] [监控中] 等待 30 秒...
[Tue Jan 13 04:59:16 CST 2026] [监控中] 当前最高GPU占用: 66%
[Tue Jan 13 04:59:16 CST 2026] [监控中] 等待 30 秒...
[Tue Jan 13 04:59:46 CST 2026] [监控中] 当前最高GPU占用: 100%
[Tue Jan 13 04:59:46 CST 2026] [监控中] 等待 30 秒...
[Tue Jan 13 05:00:16 CST 2026] [监控中] 当前最高GPU占用: 67%
[Tue Jan 13 05:00:16 CST 2026] [监控中] 等待 30 秒...
[Tue Jan 13 05:00:46 CST 2026] [监控中] 当前最高GPU占用: 96%
[Tue Jan 13 05:00:46 CST 2026] [监控中] 等待 30 秒...
[Tue Jan 13 05:01:16 CST 2026] [监控中] 当前最高GPU占用: 100%
[Tue Jan 13 05:01:16 CST 2026] [监控中] 等待 30 秒...
[Tue Jan 13 05:01:47 CST 2026] [监控中] 当前最高GPU占用: 100%
[Tue Jan 13 05:01:47 CST 2026] [监控中] 等待 30 秒...
[Tue Jan 13 05:02:17 CST 2026] [监控中] 当前最高GPU占用: 96%
[Tue Jan 13 05:02:17 CST 2026] [监控中] 等待 30 秒...
[Tue Jan 13 05:02:47 CST 2026] [监控中] 当前最高GPU占用: 100%
[Tue Jan 13 05:02:47 CST 2026] [监控中] 等待 30 秒...
[Tue Jan 13 05:03:17 CST 2026] [监控中] 当前最高GPU占用: 96%
[Tue Jan 13 05:03:17 CST 2026] [监控中] 等待 30 秒...
[Tue Jan 13 05:03:47 CST 2026] [监控中] 当前最高GPU占用: 100%
[Tue Jan 13 05:03:47 CST 2026] [监控中] 等待 30 秒...
[Tue Jan 13 05:04:17 CST 2026] [监控中] 当前最高GPU占用: 65%
[Tue Jan 13 05:04:17 CST 2026] [监控中] 等待 30 秒...
[Tue Jan 13 05:04:47 CST 2026] [监控中] 当前最高GPU占用: 100%
[Tue Jan 13 05:04:47 CST 2026] [监控中] 等待 30 秒...
[Tue Jan 13 05:05:17 CST 2026] [监控中] 当前最高GPU占用: 95%
[Tue Jan 13 05:05:17 CST 2026] [监控中] 等待 30 秒...
[Tue Jan 13 05:05:47 CST 2026] [监控中] 当前最高GPU占用: 100%
[Tue Jan 13 05:05:47 CST 2026] [监控中] 等待 30 秒...
[Tue Jan 13 05:06:18 CST 2026] [监控中] 当前最高GPU占用: 63%
[Tue Jan 13 05:06:18 CST 2026] [监控中] 等待 30 秒...
[Tue Jan 13 05:06:48 CST 2026] [监控中] 当前最高GPU占用: 96%
[Tue Jan 13 05:06:48 CST 2026] [监控中] 等待 30 秒...
[Tue Jan 13 05:07:18 CST 2026] [监控中] 当前最高GPU占用: 58%
[Tue Jan 13 05:07:18 CST 2026] [监控中] 等待 30 秒...
[Tue Jan 13 05:07:48 CST 2026] [监控中] 当前最高GPU占用: 96%
[Tue Jan 13 05:07:48 CST 2026] [监控中] 等待 30 秒...
[Tue Jan 13 05:08:18 CST 2026] [监控中] 当前最高GPU占用: 67%
[Tue Jan 13 05:08:18 CST 2026] [监控中] 等待 30 秒...
[Tue Jan 13 05:08:48 CST 2026] [监控中] 当前最高GPU占用: 96%
[Tue Jan 13 05:08:48 CST 2026] [监控中] 等待 30 秒...
[Tue Jan 13 05:09:18 CST 2026] [监控中] 当前最高GPU占用: 100%
[Tue Jan 13 05:09:18 CST 2026] [监控中] 等待 30 秒...
[Tue Jan 13 05:09:48 CST 2026] [监控中] 当前最高GPU占用: 68%
[Tue Jan 13 05:09:48 CST 2026] [监控中] 等待 30 秒...
[Tue Jan 13 05:10:18 CST 2026] [监控中] 当前最高GPU占用: 96%
[Tue Jan 13 05:10:18 CST 2026] [监控中] 等待 30 秒...
[Tue Jan 13 05:10:48 CST 2026] [监控中] 当前最高GPU占用: 75%
[Tue Jan 13 05:10:48 CST 2026] [监控中] 等待 30 秒...
[Tue Jan 13 05:11:18 CST 2026] [监控中] 当前最高GPU占用: 96%
[Tue Jan 13 05:11:18 CST 2026] [监控中] 等待 30 秒...
[Tue Jan 13 05:11:49 CST 2026] [监控中] 当前最高GPU占用: 100%
[Tue Jan 13 05:11:49 CST 2026] [监控中] 等待 30 秒...
[Tue Jan 13 05:12:19 CST 2026] [监控中] 当前最高GPU占用: 79%
[Tue Jan 13 05:12:19 CST 2026] [监控中] 等待 30 秒...
[Tue Jan 13 05:12:49 CST 2026] [监控中] 当前最高GPU占用: 100%
[Tue Jan 13 05:12:49 CST 2026] [监控中] 等待 30 秒...
[Tue Jan 13 05:13:19 CST 2026] [监控中] 当前最高GPU占用: 100%
[Tue Jan 13 05:13:19 CST 2026] [监控中] 等待 30 秒...
[Tue Jan 13 05:13:49 CST 2026] [监控中] 当前最高GPU占用: 96%
[Tue Jan 13 05:13:49 CST 2026] [监控中] 等待 30 秒...
[Tue Jan 13 05:14:19 CST 2026] [监控中] 当前最高GPU占用: 96%
[Tue Jan 13 05:14:19 CST 2026] [监控中] 等待 30 秒...
[Tue Jan 13 05:14:49 CST 2026] [监控中] 当前最高GPU占用: 68%
[Tue Jan 13 05:14:49 CST 2026] [监控中] 等待 30 秒...
[Tue Jan 13 05:15:19 CST 2026] [监控中] 当前最高GPU占用: 96%
[Tue Jan 13 05:15:19 CST 2026] [监控中] 等待 30 秒...
[Tue Jan 13 05:15:49 CST 2026] [监控中] 当前最高GPU占用: 100%
[Tue Jan 13 05:15:49 CST 2026] [监控中] 等待 30 秒...
[Tue Jan 13 05:16:19 CST 2026] [监控中] 当前最高GPU占用: 94%
[Tue Jan 13 05:16:19 CST 2026] [监控中] 等待 30 秒...
[Tue Jan 13 05:16:49 CST 2026] [监控中] 当前最高GPU占用: 100%
[Tue Jan 13 05:16:49 CST 2026] [监控中] 等待 30 秒...
[Tue Jan 13 05:17:20 CST 2026] [监控中] 当前最高GPU占用: 96%
[Tue Jan 13 05:17:20 CST 2026] [监控中] 等待 30 秒...
[Tue Jan 13 05:17:50 CST 2026] [监控中] 当前最高GPU占用: 96%
[Tue Jan 13 05:17:50 CST 2026] [监控中] 等待 30 秒...
[Tue Jan 13 05:18:20 CST 2026] [监控中] 当前最高GPU占用: 100%
[Tue Jan 13 05:18:20 CST 2026] [监控中] 等待 30 秒...
[Tue Jan 13 05:18:50 CST 2026] [监控中] 当前最高GPU占用: 95%
[Tue Jan 13 05:18:50 CST 2026] [监控中] 等待 30 秒...
[Tue Jan 13 05:19:20 CST 2026] [监控中] 当前最高GPU占用: 100%
[Tue Jan 13 05:19:20 CST 2026] [监控中] 等待 30 秒...
[Tue Jan 13 05:19:50 CST 2026] [监控中] 当前最高GPU占用: 70%
[Tue Jan 13 05:19:50 CST 2026] [监控中] 等待 30 秒...
[Tue Jan 13 05:20:20 CST 2026] [监控中] 当前最高GPU占用: 96%
[Tue Jan 13 05:20:20 CST 2026] [监控中] 等待 30 秒...
[Tue Jan 13 05:20:50 CST 2026] [监控中] 当前最高GPU占用: 100%
[Tue Jan 13 05:20:50 CST 2026] [监控中] 等待 30 秒...
[Tue Jan 13 05:21:20 CST 2026] [监控中] 当前最高GPU占用: 100%
[Tue Jan 13 05:21:20 CST 2026] [监控中] 等待 30 秒...
[Tue Jan 13 05:21:50 CST 2026] [监控中] 当前最高GPU占用: 100%
[Tue Jan 13 05:21:50 CST 2026] [监控中] 等待 30 秒...
[Tue Jan 13 05:22:20 CST 2026] [监控中] 当前最高GPU占用: 96%
[Tue Jan 13 05:22:20 CST 2026] [监控中] 等待 30 秒...
[Tue Jan 13 05:22:50 CST 2026] [监控中] 当前最高GPU占用: 82%
[Tue Jan 13 05:22:50 CST 2026] [监控中] 等待 30 秒...
[Tue Jan 13 05:23:21 CST 2026] [监控中] 当前最高GPU占用: 100%
[Tue Jan 13 05:23:21 CST 2026] [监控中] 等待 30 秒...
[Tue Jan 13 05:23:51 CST 2026] [监控中] 当前最高GPU占用: 66%
[Tue Jan 13 05:23:51 CST 2026] [监控中] 等待 30 秒...
[Tue Jan 13 05:24:21 CST 2026] [监控中] 当前最高GPU占用: 100%
[Tue Jan 13 05:24:21 CST 2026] [监控中] 等待 30 秒...
[Tue Jan 13 05:24:51 CST 2026] [监控中] 当前最高GPU占用: 62%
[Tue Jan 13 05:24:51 CST 2026] [监控中] 等待 30 秒...
[Tue Jan 13 05:25:21 CST 2026] [监控中] 当前最高GPU占用: 100%
[Tue Jan 13 05:25:21 CST 2026] [监控中] 等待 30 秒...
[Tue Jan 13 05:25:51 CST 2026] [监控中] 当前最高GPU占用: 100%
[Tue Jan 13 05:25:51 CST 2026] [监控中] 等待 30 秒...
[Tue Jan 13 05:26:21 CST 2026] [监控中] 当前最高GPU占用: 83%
[Tue Jan 13 05:26:21 CST 2026] [监控中] 等待 30 秒...
[Tue Jan 13 05:26:51 CST 2026] [监控中] 当前最高GPU占用: 96%
[Tue Jan 13 05:26:51 CST 2026] [监控中] 等待 30 秒...
[Tue Jan 13 05:27:21 CST 2026] [监控中] 当前最高GPU占用: 100%
[Tue Jan 13 05:27:21 CST 2026] [监控中] 等待 30 秒...
[Tue Jan 13 05:27:51 CST 2026] [监控中] 当前最高GPU占用: 96%
[Tue Jan 13 05:27:51 CST 2026] [监控中] 等待 30 秒...
[Tue Jan 13 05:28:22 CST 2026] [监控中] 当前最高GPU占用: 95%
[Tue Jan 13 05:28:22 CST 2026] [监控中] 等待 30 秒...
[Tue Jan 13 05:28:52 CST 2026] [监控中] 当前最高GPU占用: 100%
[Tue Jan 13 05:28:52 CST 2026] [监控中] 等待 30 秒...
[Tue Jan 13 05:29:22 CST 2026] [监控中] 当前最高GPU占用: 97%
[Tue Jan 13 05:29:22 CST 2026] [监控中] 等待 30 秒...
[Tue Jan 13 05:29:52 CST 2026] [监控中] 当前最高GPU占用: 92%
[Tue Jan 13 05:29:52 CST 2026] [监控中] 等待 30 秒...
[Tue Jan 13 05:30:22 CST 2026] [监控中] 当前最高GPU占用: 68%
[Tue Jan 13 05:30:22 CST 2026] [监控中] 等待 30 秒...
[Tue Jan 13 05:30:52 CST 2026] [监控中] 当前最高GPU占用: 99%
[Tue Jan 13 05:30:52 CST 2026] [监控中] 等待 30 秒...
[Tue Jan 13 05:31:22 CST 2026] [监控中] 当前最高GPU占用: 95%
[Tue Jan 13 05:31:22 CST 2026] [监控中] 等待 30 秒...
[Tue Jan 13 05:31:52 CST 2026] [监控中] 当前最高GPU占用: 68%
[Tue Jan 13 05:31:52 CST 2026] [监控中] 等待 30 秒...
[Tue Jan 13 05:32:22 CST 2026] [监控中] 当前最高GPU占用: 96%
[Tue Jan 13 05:32:22 CST 2026] [监控中] 等待 30 秒...
[Tue Jan 13 05:32:52 CST 2026] [监控中] 当前最高GPU占用: 67%
[Tue Jan 13 05:32:52 CST 2026] [监控中] 等待 30 秒...
[Tue Jan 13 05:33:22 CST 2026] [监控中] 当前最高GPU占用: 96%
[Tue Jan 13 05:33:22 CST 2026] [监控中] 等待 30 秒...
[Tue Jan 13 05:33:53 CST 2026] [监控中] 当前最高GPU占用: 96%
[Tue Jan 13 05:33:53 CST 2026] [监控中] 等待 30 秒...
[Tue Jan 13 05:34:23 CST 2026] [监控中] 当前最高GPU占用: 95%
[Tue Jan 13 05:34:23 CST 2026] [监控中] 等待 30 秒...
[Tue Jan 13 05:34:53 CST 2026] [监控中] 当前最高GPU占用: 95%
[Tue Jan 13 05:34:53 CST 2026] [监控中] 等待 30 秒...
[Tue Jan 13 05:35:23 CST 2026] [监控中] 当前最高GPU占用: 66%
[Tue Jan 13 05:35:23 CST 2026] [监控中] 等待 30 秒...
[Tue Jan 13 05:35:53 CST 2026] [监控中] 当前最高GPU占用: 100%
[Tue Jan 13 05:35:53 CST 2026] [监控中] 等待 30 秒...
[Tue Jan 13 05:36:23 CST 2026] [监控中] 当前最高GPU占用: 100%
[Tue Jan 13 05:36:23 CST 2026] [监控中] 等待 30 秒...
[Tue Jan 13 05:36:53 CST 2026] [监控中] 当前最高GPU占用: 96%
[Tue Jan 13 05:36:53 CST 2026] [监控中] 等待 30 秒...
[Tue Jan 13 05:37:23 CST 2026] [监控中] 当前最高GPU占用: 74%
[Tue Jan 13 05:37:23 CST 2026] [监控中] 等待 30 秒...
[Tue Jan 13 05:37:53 CST 2026] [监控中] 当前最高GPU占用: 96%
[Tue Jan 13 05:37:53 CST 2026] [监控中] 等待 30 秒...
[Tue Jan 13 05:38:23 CST 2026] [监控中] 当前最高GPU占用: 68%
[Tue Jan 13 05:38:23 CST 2026] [监控中] 等待 30 秒...
[Tue Jan 13 05:38:54 CST 2026] [监控中] 当前最高GPU占用: 100%
[Tue Jan 13 05:38:54 CST 2026] [监控中] 等待 30 秒...
[Tue Jan 13 05:39:24 CST 2026] [监控中] 当前最高GPU占用: 67%
[Tue Jan 13 05:39:24 CST 2026] [监控中] 等待 30 秒...
[Tue Jan 13 05:39:54 CST 2026] [监控中] 当前最高GPU占用: 96%
[Tue Jan 13 05:39:54 CST 2026] [监控中] 等待 30 秒...
[Tue Jan 13 05:40:24 CST 2026] [监控中] 当前最高GPU占用: 95%
[Tue Jan 13 05:40:24 CST 2026] [监控中] 等待 30 秒...
[Tue Jan 13 05:40:54 CST 2026] [监控中] 当前最高GPU占用: 62%
[Tue Jan 13 05:40:54 CST 2026] [监控中] 等待 30 秒...
[Tue Jan 13 05:41:24 CST 2026] [监控中] 当前最高GPU占用: 100%
[Tue Jan 13 05:41:24 CST 2026] [监控中] 等待 30 秒...
[Tue Jan 13 05:41:54 CST 2026] [监控中] 当前最高GPU占用: 92%
[Tue Jan 13 05:41:54 CST 2026] [监控中] 等待 30 秒...
[Tue Jan 13 05:42:24 CST 2026] [监控中] 当前最高GPU占用: 96%
[Tue Jan 13 05:42:24 CST 2026] [监控中] 等待 30 秒...
[Tue Jan 13 05:42:54 CST 2026] [监控中] 当前最高GPU占用: 96%
[Tue Jan 13 05:42:54 CST 2026] [监控中] 等待 30 秒...
[Tue Jan 13 05:43:24 CST 2026] [监控中] 当前最高GPU占用: 96%
[Tue Jan 13 05:43:24 CST 2026] [监控中] 等待 30 秒...
[Tue Jan 13 05:43:55 CST 2026] [监控中] 当前最高GPU占用: 96%
[Tue Jan 13 05:43:55 CST 2026] [监控中] 等待 30 秒...
[Tue Jan 13 05:44:25 CST 2026] [监控中] 当前最高GPU占用: 100%
[Tue Jan 13 05:44:25 CST 2026] [监控中] 等待 30 秒...
[Tue Jan 13 05:44:55 CST 2026] [监控中] 当前最高GPU占用: 95%
[Tue Jan 13 05:44:55 CST 2026] [监控中] 等待 30 秒...
[Tue Jan 13 05:45:25 CST 2026] [监控中] 当前最高GPU占用: 100%
[Tue Jan 13 05:45:25 CST 2026] [监控中] 等待 30 秒...
[Tue Jan 13 05:45:55 CST 2026] [监控中] 当前最高GPU占用: 96%
[Tue Jan 13 05:45:55 CST 2026] [监控中] 等待 30 秒...
[Tue Jan 13 05:46:25 CST 2026] [监控中] 当前最高GPU占用: 96%
[Tue Jan 13 05:46:25 CST 2026] [监控中] 等待 30 秒...
[Tue Jan 13 05:46:55 CST 2026] [监控中] 当前最高GPU占用: 83%
[Tue Jan 13 05:46:55 CST 2026] [监控中] 等待 30 秒...
[Tue Jan 13 05:47:25 CST 2026] [监控中] 当前最高GPU占用: 100%
[Tue Jan 13 05:47:25 CST 2026] [监控中] 等待 30 秒...
[Tue Jan 13 05:47:55 CST 2026] [监控中] 当前最高GPU占用: 77%
[Tue Jan 13 05:47:55 CST 2026] [监控中] 等待 30 秒...
[Tue Jan 13 05:48:25 CST 2026] [监控中] 当前最高GPU占用: 96%
[Tue Jan 13 05:48:25 CST 2026] [监控中] 等待 30 秒...
[Tue Jan 13 05:48:55 CST 2026] [监控中] 当前最高GPU占用: 63%
[Tue Jan 13 05:48:55 CST 2026] [监控中] 等待 30 秒...
[Tue Jan 13 05:49:25 CST 2026] [监控中] 当前最高GPU占用: 96%
[Tue Jan 13 05:49:25 CST 2026] [监控中] 等待 30 秒...
[Tue Jan 13 05:49:56 CST 2026] [监控中] 当前最高GPU占用: 68%
[Tue Jan 13 05:49:56 CST 2026] [监控中] 等待 30 秒...
[Tue Jan 13 05:50:26 CST 2026] [监控中] 当前最高GPU占用: 91%
[Tue Jan 13 05:50:26 CST 2026] [监控中] 等待 30 秒...
[Tue Jan 13 05:50:56 CST 2026] [监控中] 当前最高GPU占用: 100%
[Tue Jan 13 05:50:56 CST 2026] [监控中] 等待 30 秒...
[Tue Jan 13 05:51:26 CST 2026] [监控中] 当前最高GPU占用: 87%
[Tue Jan 13 05:51:26 CST 2026] [监控中] 等待 30 秒...
[Tue Jan 13 05:51:56 CST 2026] [监控中] 当前最高GPU占用: 100%
[Tue Jan 13 05:51:56 CST 2026] [监控中] 等待 30 秒...
[Tue Jan 13 05:52:26 CST 2026] [监控中] 当前最高GPU占用: 83%
[Tue Jan 13 05:52:26 CST 2026] [监控中] 等待 30 秒...
[Tue Jan 13 05:52:56 CST 2026] [监控中] 当前最高GPU占用: 96%
[Tue Jan 13 05:52:56 CST 2026] [监控中] 等待 30 秒...
[Tue Jan 13 05:53:26 CST 2026] [监控中] 当前最高GPU占用: 74%
[Tue Jan 13 05:53:26 CST 2026] [监控中] 等待 30 秒...
[Tue Jan 13 05:53:56 CST 2026] [监控中] 当前最高GPU占用: 100%
[Tue Jan 13 05:53:56 CST 2026] [监控中] 等待 30 秒...
[Tue Jan 13 05:54:26 CST 2026] [监控中] 当前最高GPU占用: 67%
[Tue Jan 13 05:54:26 CST 2026] [监控中] 等待 30 秒...
[Tue Jan 13 05:54:56 CST 2026] [监控中] 当前最高GPU占用: 100%
[Tue Jan 13 05:54:57 CST 2026] [监控中] 等待 30 秒...
[Tue Jan 13 05:55:27 CST 2026] [监控中] 当前最高GPU占用: 100%
[Tue Jan 13 05:55:27 CST 2026] [监控中] 等待 30 秒...
[Tue Jan 13 05:55:57 CST 2026] [监控中] 当前最高GPU占用: 96%
[Tue Jan 13 05:55:57 CST 2026] [监控中] 等待 30 秒...
[Tue Jan 13 05:56:27 CST 2026] [监控中] 当前最高GPU占用: 87%
[Tue Jan 13 05:56:27 CST 2026] [监控中] 等待 30 秒...
[Tue Jan 13 05:56:57 CST 2026] [监控中] 当前最高GPU占用: 64%
[Tue Jan 13 05:56:57 CST 2026] [监控中] 等待 30 秒...
[Tue Jan 13 05:57:27 CST 2026] [监控中] 当前最高GPU占用: 100%
[Tue Jan 13 05:57:27 CST 2026] [监控中] 等待 30 秒...
[Tue Jan 13 05:57:57 CST 2026] [监控中] 当前最高GPU占用: 69%
[Tue Jan 13 05:57:57 CST 2026] [监控中] 等待 30 秒...
[Tue Jan 13 05:58:27 CST 2026] [监控中] 当前最高GPU占用: 100%
[Tue Jan 13 05:58:27 CST 2026] [监控中] 等待 30 秒...
[Tue Jan 13 05:58:57 CST 2026] [监控中] 当前最高GPU占用: 68%
[Tue Jan 13 05:58:57 CST 2026] [监控中] 等待 30 秒...
[Tue Jan 13 05:59:27 CST 2026] [监控中] 当前最高GPU占用: 95%
[Tue Jan 13 05:59:27 CST 2026] [监控中] 等待 30 秒...
[Tue Jan 13 05:59:57 CST 2026] [监控中] 当前最高GPU占用: 68%
[Tue Jan 13 05:59:57 CST 2026] [监控中] 等待 30 秒...
[Tue Jan 13 06:00:27 CST 2026] [监控中] 当前最高GPU占用: 91%
[Tue Jan 13 06:00:27 CST 2026] [监控中] 等待 30 秒...
[Tue Jan 13 06:00:58 CST 2026] [监控中] 当前最高GPU占用: 92%
[Tue Jan 13 06:00:58 CST 2026] [监控中] 等待 30 秒...
[Tue Jan 13 06:01:28 CST 2026] [监控中] 当前最高GPU占用: 100%
[Tue Jan 13 06:01:28 CST 2026] [监控中] 等待 30 秒...
[Tue Jan 13 06:01:58 CST 2026] [监控中] 当前最高GPU占用: 100%
[Tue Jan 13 06:01:58 CST 2026] [监控中] 等待 30 秒...
[Tue Jan 13 06:02:28 CST 2026] [监控中] 当前最高GPU占用: 100%
[Tue Jan 13 06:02:28 CST 2026] [监控中] 等待 30 秒...
[Tue Jan 13 06:02:58 CST 2026] [监控中] 当前最高GPU占用: 89%
[Tue Jan 13 06:02:58 CST 2026] [监控中] 等待 30 秒...
[Tue Jan 13 06:03:28 CST 2026] [监控中] 当前最高GPU占用: 100%
[Tue Jan 13 06:03:28 CST 2026] [监控中] 等待 30 秒...
[Tue Jan 13 06:03:58 CST 2026] [监控中] 当前最高GPU占用: 100%
[Tue Jan 13 06:03:58 CST 2026] [监控中] 等待 30 秒...
[Tue Jan 13 06:04:28 CST 2026] [监控中] 当前最高GPU占用: 93%
[Tue Jan 13 06:04:28 CST 2026] [监控中] 等待 30 秒...
[Tue Jan 13 06:04:58 CST 2026] [监控中] 当前最高GPU占用: 96%
[Tue Jan 13 06:04:58 CST 2026] [监控中] 等待 30 秒...
[Tue Jan 13 06:05:28 CST 2026] [监控中] 当前最高GPU占用: 99%
[Tue Jan 13 06:05:28 CST 2026] [监控中] 等待 30 秒...
[Tue Jan 13 06:05:58 CST 2026] [监控中] 当前最高GPU占用: 79%
[Tue Jan 13 06:05:58 CST 2026] [监控中] 等待 30 秒...
[Tue Jan 13 06:06:29 CST 2026] [监控中] 当前最高GPU占用: 100%
[Tue Jan 13 06:06:29 CST 2026] [监控中] 等待 30 秒...
[Tue Jan 13 06:06:59 CST 2026] [监控中] 当前最高GPU占用: 100%
[Tue Jan 13 06:06:59 CST 2026] [监控中] 等待 30 秒...
[Tue Jan 13 06:07:29 CST 2026] [监控中] 当前最高GPU占用: 95%
[Tue Jan 13 06:07:29 CST 2026] [监控中] 等待 30 秒...
[Tue Jan 13 06:07:59 CST 2026] [监控中] 当前最高GPU占用: 100%
[Tue Jan 13 06:07:59 CST 2026] [监控中] 等待 30 秒...
[Tue Jan 13 06:08:29 CST 2026] [监控中] 当前最高GPU占用: 88%
[Tue Jan 13 06:08:29 CST 2026] [监控中] 等待 30 秒...
[Tue Jan 13 06:08:59 CST 2026] [监控中] 当前最高GPU占用: 66%
[Tue Jan 13 06:08:59 CST 2026] [监控中] 等待 30 秒...
[Tue Jan 13 06:09:29 CST 2026] [监控中] 当前最高GPU占用: 100%
[Tue Jan 13 06:09:29 CST 2026] [监控中] 等待 30 秒...
[Tue Jan 13 06:09:59 CST 2026] [监控中] 当前最高GPU占用: 98%
[Tue Jan 13 06:09:59 CST 2026] [监控中] 等待 30 秒...
[Tue Jan 13 06:10:29 CST 2026] [监控中] 当前最高GPU占用: 64%
[Tue Jan 13 06:10:29 CST 2026] [监控中] 等待 30 秒...
[Tue Jan 13 06:10:59 CST 2026] [监控中] 当前最高GPU占用: 85%
[Tue Jan 13 06:10:59 CST 2026] [监控中] 等待 30 秒...
[Tue Jan 13 06:11:29 CST 2026] [监控中] 当前最高GPU占用: 73%
[Tue Jan 13 06:11:29 CST 2026] [监控中] 等待 30 秒...
[Tue Jan 13 06:12:00 CST 2026] [监控中] 当前最高GPU占用: 96%
[Tue Jan 13 06:12:00 CST 2026] [监控中] 等待 30 秒...
[Tue Jan 13 06:12:30 CST 2026] [监控中] 当前最高GPU占用: 64%
[Tue Jan 13 06:12:30 CST 2026] [监控中] 等待 30 秒...
[Tue Jan 13 06:13:00 CST 2026] [监控中] 当前最高GPU占用: 95%
[Tue Jan 13 06:13:00 CST 2026] [监控中] 等待 30 秒...
[Tue Jan 13 06:13:30 CST 2026] [监控中] 当前最高GPU占用: 95%
[Tue Jan 13 06:13:30 CST 2026] [监控中] 等待 30 秒...
[Tue Jan 13 06:14:00 CST 2026] [监控中] 当前最高GPU占用: 63%
[Tue Jan 13 06:14:00 CST 2026] [监控中] 等待 30 秒...
[Tue Jan 13 06:14:30 CST 2026] [监控中] 当前最高GPU占用: 100%
[Tue Jan 13 06:14:30 CST 2026] [监控中] 等待 30 秒...
[Tue Jan 13 06:15:00 CST 2026] [监控中] 当前最高GPU占用: 95%
[Tue Jan 13 06:15:00 CST 2026] [监控中] 等待 30 秒...
[Tue Jan 13 06:15:30 CST 2026] [监控中] 当前最高GPU占用: 96%
[Tue Jan 13 06:15:30 CST 2026] [监控中] 等待 30 秒...
[Tue Jan 13 06:16:00 CST 2026] [监控中] 当前最高GPU占用: 100%
[Tue Jan 13 06:16:00 CST 2026] [监控中] 等待 30 秒...
[Tue Jan 13 06:16:30 CST 2026] [监控中] 当前最高GPU占用: 70%
[Tue Jan 13 06:16:30 CST 2026] [监控中] 等待 30 秒...
[Tue Jan 13 06:17:00 CST 2026] [监控中] 当前最高GPU占用: 100%
[Tue Jan 13 06:17:00 CST 2026] [监控中] 等待 30 秒...
[Tue Jan 13 06:17:30 CST 2026] [监控中] 当前最高GPU占用: 67%
[Tue Jan 13 06:17:30 CST 2026] [监控中] 等待 30 秒...
[Tue Jan 13 06:18:01 CST 2026] [监控中] 当前最高GPU占用: 95%
[Tue Jan 13 06:18:01 CST 2026] [监控中] 等待 30 秒...
[Tue Jan 13 06:18:31 CST 2026] [监控中] 当前最高GPU占用: 95%
[Tue Jan 13 06:18:31 CST 2026] [监控中] 等待 30 秒...
[Tue Jan 13 06:19:01 CST 2026] [监控中] 当前最高GPU占用: 98%
[Tue Jan 13 06:19:01 CST 2026] [监控中] 等待 30 秒...
[Tue Jan 13 06:19:31 CST 2026] [监控中] 当前最高GPU占用: 96%
[Tue Jan 13 06:19:31 CST 2026] [监控中] 等待 30 秒...
[Tue Jan 13 06:20:01 CST 2026] [监控中] 当前最高GPU占用: 96%
[Tue Jan 13 06:20:01 CST 2026] [监控中] 等待 30 秒...
[Tue Jan 13 06:20:31 CST 2026] [监控中] 当前最高GPU占用: 66%
[Tue Jan 13 06:20:31 CST 2026] [监控中] 等待 30 秒...
[Tue Jan 13 06:21:01 CST 2026] [监控中] 当前最高GPU占用: 95%
[Tue Jan 13 06:21:01 CST 2026] [监控中] 等待 30 秒...
[Tue Jan 13 06:21:31 CST 2026] [监控中] 当前最高GPU占用: 99%
[Tue Jan 13 06:21:31 CST 2026] [监控中] 等待 30 秒...
[Tue Jan 13 06:22:01 CST 2026] [监控中] 当前最高GPU占用: 99%
[Tue Jan 13 06:22:01 CST 2026] [监控中] 等待 30 秒...
[Tue Jan 13 06:22:31 CST 2026] [监控中] 当前最高GPU占用: 100%
[Tue Jan 13 06:22:31 CST 2026] [监控中] 等待 30 秒...
[Tue Jan 13 06:23:02 CST 2026] [监控中] 当前最高GPU占用: 66%
[Tue Jan 13 06:23:02 CST 2026] [监控中] 等待 30 秒...
[Tue Jan 13 06:23:32 CST 2026] [监控中] 当前最高GPU占用: 100%
[Tue Jan 13 06:23:32 CST 2026] [监控中] 等待 30 秒...
[Tue Jan 13 06:24:02 CST 2026] [监控中] 当前最高GPU占用: 100%
[Tue Jan 13 06:24:02 CST 2026] [监控中] 等待 30 秒...
[Tue Jan 13 06:24:32 CST 2026] [监控中] 当前最高GPU占用: 96%
[Tue Jan 13 06:24:32 CST 2026] [监控中] 等待 30 秒...
[Tue Jan 13 06:25:02 CST 2026] [监控中] 当前最高GPU占用: 100%
[Tue Jan 13 06:25:02 CST 2026] [监控中] 等待 30 秒...
[Tue Jan 13 06:25:32 CST 2026] [监控中] 当前最高GPU占用: 67%
[Tue Jan 13 06:25:32 CST 2026] [监控中] 等待 30 秒...
[Tue Jan 13 06:26:02 CST 2026] [监控中] 当前最高GPU占用: 100%
[Tue Jan 13 06:26:02 CST 2026] [监控中] 等待 30 秒...
[Tue Jan 13 06:26:32 CST 2026] [监控中] 当前最高GPU占用: 96%
[Tue Jan 13 06:26:32 CST 2026] [监控中] 等待 30 秒...
[Tue Jan 13 06:27:02 CST 2026] [监控中] 当前最高GPU占用: 96%
[Tue Jan 13 06:27:02 CST 2026] [监控中] 等待 30 秒...
[Tue Jan 13 06:27:32 CST 2026] [监控中] 当前最高GPU占用: 89%
[Tue Jan 13 06:27:32 CST 2026] [监控中] 等待 30 秒...
[Tue Jan 13 06:28:02 CST 2026] [监控中] 当前最高GPU占用: 96%
[Tue Jan 13 06:28:02 CST 2026] [监控中] 等待 30 秒...
[Tue Jan 13 06:28:33 CST 2026] [监控中] 当前最高GPU占用: 97%
[Tue Jan 13 06:28:33 CST 2026] [监控中] 等待 30 秒...
[Tue Jan 13 06:29:03 CST 2026] [监控中] 当前最高GPU占用: 65%
[Tue Jan 13 06:29:03 CST 2026] [监控中] 等待 30 秒...
[Tue Jan 13 06:29:33 CST 2026] [监控中] 当前最高GPU占用: 100%
[Tue Jan 13 06:29:33 CST 2026] [监控中] 等待 30 秒...
[Tue Jan 13 06:30:03 CST 2026] [监控中] 当前最高GPU占用: 69%
[Tue Jan 13 06:30:03 CST 2026] [监控中] 等待 30 秒...
[Tue Jan 13 06:30:33 CST 2026] [监控中] 当前最高GPU占用: 96%
[Tue Jan 13 06:30:33 CST 2026] [监控中] 等待 30 秒...
[Tue Jan 13 06:31:03 CST 2026] [监控中] 当前最高GPU占用: 68%
[Tue Jan 13 06:31:03 CST 2026] [监控中] 等待 30 秒...
[Tue Jan 13 06:31:33 CST 2026] [监控中] 当前最高GPU占用: 82%
[Tue Jan 13 06:31:33 CST 2026] [监控中] 等待 30 秒...
[Tue Jan 13 06:32:03 CST 2026] [监控中] 当前最高GPU占用: 100%
[Tue Jan 13 06:32:03 CST 2026] [监控中] 等待 30 秒...
[Tue Jan 13 06:32:33 CST 2026] [监控中] 当前最高GPU占用: 96%
[Tue Jan 13 06:32:33 CST 2026] [监控中] 等待 30 秒...
[Tue Jan 13 06:33:03 CST 2026] [监控中] 当前最高GPU占用: 96%
[Tue Jan 13 06:33:03 CST 2026] [监控中] 等待 30 秒...
[Tue Jan 13 06:33:33 CST 2026] [监控中] 当前最高GPU占用: 70%
[Tue Jan 13 06:33:33 CST 2026] [监控中] 等待 30 秒...
[Tue Jan 13 06:34:04 CST 2026] [监控中] 当前最高GPU占用: 95%
[Tue Jan 13 06:34:04 CST 2026] [监控中] 等待 30 秒...
[Tue Jan 13 06:34:34 CST 2026] [监控中] 当前最高GPU占用: 96%
[Tue Jan 13 06:34:34 CST 2026] [监控中] 等待 30 秒...
[Tue Jan 13 06:35:04 CST 2026] [监控中] 当前最高GPU占用: 68%
[Tue Jan 13 06:35:04 CST 2026] [监控中] 等待 30 秒...
[Tue Jan 13 06:35:34 CST 2026] [监控中] 当前最高GPU占用: 95%
[Tue Jan 13 06:35:34 CST 2026] [监控中] 等待 30 秒...
[Tue Jan 13 06:36:04 CST 2026] [监控中] 当前最高GPU占用: 100%
[Tue Jan 13 06:36:04 CST 2026] [监控中] 等待 30 秒...
[Tue Jan 13 06:36:34 CST 2026] [监控中] 当前最高GPU占用: 92%
[Tue Jan 13 06:36:34 CST 2026] [监控中] 等待 30 秒...
[Tue Jan 13 06:37:04 CST 2026] [监控中] 当前最高GPU占用: 100%
[Tue Jan 13 06:37:04 CST 2026] [监控中] 等待 30 秒...
[Tue Jan 13 06:37:34 CST 2026] [监控中] 当前最高GPU占用: 96%
[Tue Jan 13 06:37:34 CST 2026] [监控中] 等待 30 秒...
[Tue Jan 13 06:38:04 CST 2026] [监控中] 当前最高GPU占用: 96%
[Tue Jan 13 06:38:04 CST 2026] [监控中] 等待 30 秒...
[Tue Jan 13 06:38:34 CST 2026] [监控中] 当前最高GPU占用: 67%
[Tue Jan 13 06:38:34 CST 2026] [监控中] 等待 30 秒...
[Tue Jan 13 06:39:04 CST 2026] [监控中] 当前最高GPU占用: 85%
[Tue Jan 13 06:39:04 CST 2026] [监控中] 等待 30 秒...
[Tue Jan 13 06:39:34 CST 2026] [监控中] 当前最高GPU占用: 95%
[Tue Jan 13 06:39:34 CST 2026] [监控中] 等待 30 秒...
[Tue Jan 13 06:40:05 CST 2026] [监控中] 当前最高GPU占用: 67%
[Tue Jan 13 06:40:05 CST 2026] [监控中] 等待 30 秒...
[Tue Jan 13 06:40:35 CST 2026] [监控中] 当前最高GPU占用: 100%
[Tue Jan 13 06:40:35 CST 2026] [监控中] 等待 30 秒...
[Tue Jan 13 06:41:05 CST 2026] [监控中] 当前最高GPU占用: 68%
[Tue Jan 13 06:41:05 CST 2026] [监控中] 等待 30 秒...
[Tue Jan 13 06:41:35 CST 2026] [监控中] 当前最高GPU占用: 100%
[Tue Jan 13 06:41:35 CST 2026] [监控中] 等待 30 秒...
[Tue Jan 13 06:42:05 CST 2026] [监控中] 当前最高GPU占用: 79%
[Tue Jan 13 06:42:05 CST 2026] [监控中] 等待 30 秒...
[Tue Jan 13 06:42:35 CST 2026] [监控中] 当前最高GPU占用: 96%
[Tue Jan 13 06:42:35 CST 2026] [监控中] 等待 30 秒...
[Tue Jan 13 06:43:05 CST 2026] [监控中] 当前最高GPU占用: 100%
[Tue Jan 13 06:43:05 CST 2026] [监控中] 等待 30 秒...
[Tue Jan 13 06:43:35 CST 2026] [监控中] 当前最高GPU占用: 95%
[Tue Jan 13 06:43:35 CST 2026] [监控中] 等待 30 秒...
[Tue Jan 13 06:44:05 CST 2026] [监控中] 当前最高GPU占用: 75%
[Tue Jan 13 06:44:05 CST 2026] [监控中] 等待 30 秒...
[Tue Jan 13 06:44:35 CST 2026] [监控中] 当前最高GPU占用: 69%
[Tue Jan 13 06:44:35 CST 2026] [监控中] 等待 30 秒...
[Tue Jan 13 06:45:05 CST 2026] [监控中] 当前最高GPU占用: 100%
[Tue Jan 13 06:45:05 CST 2026] [监控中] 等待 30 秒...
[Tue Jan 13 06:45:36 CST 2026] [监控中] 当前最高GPU占用: 87%
[Tue Jan 13 06:45:36 CST 2026] [监控中] 等待 30 秒...
[Tue Jan 13 06:46:06 CST 2026] [监控中] 当前最高GPU占用: 96%
[Tue Jan 13 06:46:06 CST 2026] [监控中] 等待 30 秒...
[Tue Jan 13 06:46:36 CST 2026] [监控中] 当前最高GPU占用: 68%
[Tue Jan 13 06:46:36 CST 2026] [监控中] 等待 30 秒...
[Tue Jan 13 06:47:06 CST 2026] [监控中] 当前最高GPU占用: 69%
[Tue Jan 13 06:47:06 CST 2026] [监控中] 等待 30 秒...
[Tue Jan 13 06:47:36 CST 2026] [监控中] 当前最高GPU占用: 100%
[Tue Jan 13 06:47:36 CST 2026] [监控中] 等待 30 秒...
[Tue Jan 13 06:48:06 CST 2026] [监控中] 当前最高GPU占用: 90%
[Tue Jan 13 06:48:06 CST 2026] [监控中] 等待 30 秒...
[Tue Jan 13 06:48:36 CST 2026] [监控中] 当前最高GPU占用: 92%
[Tue Jan 13 06:48:36 CST 2026] [监控中] 等待 30 秒...
[Tue Jan 13 06:49:06 CST 2026] [监控中] 当前最高GPU占用: 54%
[Tue Jan 13 06:49:06 CST 2026] [监控中] 等待 30 秒...
[Tue Jan 13 06:49:36 CST 2026] [监控中] 当前最高GPU占用: 90%
[Tue Jan 13 06:49:36 CST 2026] [监控中] 等待 30 秒...
[Tue Jan 13 06:50:06 CST 2026] [监控中] 当前最高GPU占用: 96%
[Tue Jan 13 06:50:06 CST 2026] [监控中] 等待 30 秒...
[Tue Jan 13 06:50:36 CST 2026] [监控中] 当前最高GPU占用: 81%
[Tue Jan 13 06:50:36 CST 2026] [监控中] 等待 30 秒...
[Tue Jan 13 06:51:06 CST 2026] [监控中] 当前最高GPU占用: 96%
[Tue Jan 13 06:51:06 CST 2026] [监控中] 等待 30 秒...
[Tue Jan 13 06:51:37 CST 2026] [监控中] 当前最高GPU占用: 77%
[Tue Jan 13 06:51:37 CST 2026] [监控中] 等待 30 秒...
[Tue Jan 13 06:52:07 CST 2026] [监控中] 当前最高GPU占用: 95%
[Tue Jan 13 06:52:07 CST 2026] [监控中] 等待 30 秒...
[Tue Jan 13 06:52:37 CST 2026] [监控中] 当前最高GPU占用: 100%
[Tue Jan 13 06:52:37 CST 2026] [监控中] 等待 30 秒...
[Tue Jan 13 06:53:07 CST 2026] [监控中] 当前最高GPU占用: 96%
[Tue Jan 13 06:53:07 CST 2026] [监控中] 等待 30 秒...
[Tue Jan 13 06:53:37 CST 2026] [监控中] 当前最高GPU占用: 96%
[Tue Jan 13 06:53:37 CST 2026] [监控中] 等待 30 秒...
[Tue Jan 13 06:54:07 CST 2026] [监控中] 当前最高GPU占用: 67%
[Tue Jan 13 06:54:07 CST 2026] [监控中] 等待 30 秒...
[Tue Jan 13 06:54:37 CST 2026] [监控中] 当前最高GPU占用: 96%
[Tue Jan 13 06:54:37 CST 2026] [监控中] 等待 30 秒...
[Tue Jan 13 06:55:07 CST 2026] [监控中] 当前最高GPU占用: 100%
[Tue Jan 13 06:55:07 CST 2026] [监控中] 等待 30 秒...
[Tue Jan 13 06:55:37 CST 2026] [监控中] 当前最高GPU占用: 100%
[Tue Jan 13 06:55:37 CST 2026] [监控中] 等待 30 秒...
[Tue Jan 13 06:56:07 CST 2026] [监控中] 当前最高GPU占用: 100%
[Tue Jan 13 06:56:07 CST 2026] [监控中] 等待 30 秒...
[Tue Jan 13 06:56:37 CST 2026] [监控中] 当前最高GPU占用: 61%
[Tue Jan 13 06:56:37 CST 2026] [监控中] 等待 30 秒...
[Tue Jan 13 06:57:08 CST 2026] [监控中] 当前最高GPU占用: 100%
[Tue Jan 13 06:57:08 CST 2026] [监控中] 等待 30 秒...
[Tue Jan 13 06:57:38 CST 2026] [监控中] 当前最高GPU占用: 91%
[Tue Jan 13 06:57:38 CST 2026] [监控中] 等待 30 秒...
[Tue Jan 13 06:58:08 CST 2026] [监控中] 当前最高GPU占用: 95%
[Tue Jan 13 06:58:08 CST 2026] [监控中] 等待 30 秒...
[Tue Jan 13 06:58:38 CST 2026] [监控中] 当前最高GPU占用: 100%
[Tue Jan 13 06:58:38 CST 2026] [监控中] 等待 30 秒...
[Tue Jan 13 06:59:08 CST 2026] [监控中] 当前最高GPU占用: 67%
[Tue Jan 13 06:59:08 CST 2026] [监控中] 等待 30 秒...
[Tue Jan 13 06:59:38 CST 2026] [监控中] 当前最高GPU占用: 100%
[Tue Jan 13 06:59:38 CST 2026] [监控中] 等待 30 秒...
[Tue Jan 13 07:00:08 CST 2026] [监控中] 当前最高GPU占用: 100%
[Tue Jan 13 07:00:08 CST 2026] [监控中] 等待 30 秒...
[Tue Jan 13 07:00:38 CST 2026] [监控中] 当前最高GPU占用: 96%
[Tue Jan 13 07:00:38 CST 2026] [监控中] 等待 30 秒...
[Tue Jan 13 07:01:08 CST 2026] [监控中] 当前最高GPU占用: 100%
[Tue Jan 13 07:01:08 CST 2026] [监控中] 等待 30 秒...
[Tue Jan 13 07:01:38 CST 2026] [监控中] 当前最高GPU占用: 63%
[Tue Jan 13 07:01:38 CST 2026] [监控中] 等待 30 秒...
[Tue Jan 13 07:02:09 CST 2026] [监控中] 当前最高GPU占用: 100%
[Tue Jan 13 07:02:09 CST 2026] [监控中] 等待 30 秒...
[Tue Jan 13 07:02:39 CST 2026] [监控中] 当前最高GPU占用: 100%
[Tue Jan 13 07:02:39 CST 2026] [监控中] 等待 30 秒...
[Tue Jan 13 07:03:09 CST 2026] [监控中] 当前最高GPU占用: 96%
[Tue Jan 13 07:03:09 CST 2026] [监控中] 等待 30 秒...
[Tue Jan 13 07:03:39 CST 2026] [监控中] 当前最高GPU占用: 96%
[Tue Jan 13 07:03:39 CST 2026] [监控中] 等待 30 秒...
[Tue Jan 13 07:04:09 CST 2026] [监控中] 当前最高GPU占用: 95%
[Tue Jan 13 07:04:09 CST 2026] [监控中] 等待 30 秒...
[Tue Jan 13 07:04:39 CST 2026] [监控中] 当前最高GPU占用: 96%
[Tue Jan 13 07:04:39 CST 2026] [监控中] 等待 30 秒...
[Tue Jan 13 07:05:09 CST 2026] [监控中] 当前最高GPU占用: 100%
[Tue Jan 13 07:05:09 CST 2026] [监控中] 等待 30 秒...
[Tue Jan 13 07:05:39 CST 2026] [监控中] 当前最高GPU占用: 95%
[Tue Jan 13 07:05:39 CST 2026] [监控中] 等待 30 秒...
[Tue Jan 13 07:06:09 CST 2026] [监控中] 当前最高GPU占用: 100%
[Tue Jan 13 07:06:09 CST 2026] [监控中] 等待 30 秒...
[Tue Jan 13 07:06:39 CST 2026] [监控中] 当前最高GPU占用: 96%
[Tue Jan 13 07:06:39 CST 2026] [监控中] 等待 30 秒...
[Tue Jan 13 07:07:09 CST 2026] [监控中] 当前最高GPU占用: 77%
[Tue Jan 13 07:07:09 CST 2026] [监控中] 等待 30 秒...
[Tue Jan 13 07:07:40 CST 2026] [监控中] 当前最高GPU占用: 100%
[Tue Jan 13 07:07:40 CST 2026] [监控中] 等待 30 秒...
[Tue Jan 13 07:08:10 CST 2026] [监控中] 当前最高GPU占用: 100%
[Tue Jan 13 07:08:10 CST 2026] [监控中] 等待 30 秒...
[Tue Jan 13 07:08:40 CST 2026] [监控中] 当前最高GPU占用: 95%
[Tue Jan 13 07:08:40 CST 2026] [监控中] 等待 30 秒...
[Tue Jan 13 07:09:10 CST 2026] [监控中] 当前最高GPU占用: 86%
[Tue Jan 13 07:09:10 CST 2026] [监控中] 等待 30 秒...
[Tue Jan 13 07:09:40 CST 2026] [监控中] 当前最高GPU占用: 100%
[Tue Jan 13 07:09:40 CST 2026] [监控中] 等待 30 秒...
[Tue Jan 13 07:10:10 CST 2026] [监控中] 当前最高GPU占用: 100%
[Tue Jan 13 07:10:10 CST 2026] [监控中] 等待 30 秒...
[Tue Jan 13 07:10:40 CST 2026] [监控中] 当前最高GPU占用: 100%
[Tue Jan 13 07:10:40 CST 2026] [监控中] 等待 30 秒...
[Tue Jan 13 07:11:10 CST 2026] [监控中] 当前最高GPU占用: 96%
[Tue Jan 13 07:11:10 CST 2026] [监控中] 等待 30 秒...
[Tue Jan 13 07:11:40 CST 2026] [监控中] 当前最高GPU占用: 96%
[Tue Jan 13 07:11:40 CST 2026] [监控中] 等待 30 秒...
[Tue Jan 13 07:12:10 CST 2026] [监控中] 当前最高GPU占用: 71%
[Tue Jan 13 07:12:10 CST 2026] [监控中] 等待 30 秒...
[Tue Jan 13 07:12:40 CST 2026] [监控中] 当前最高GPU占用: 96%
[Tue Jan 13 07:12:40 CST 2026] [监控中] 等待 30 秒...
[Tue Jan 13 07:13:11 CST 2026] [监控中] 当前最高GPU占用: 96%
[Tue Jan 13 07:13:11 CST 2026] [监控中] 等待 30 秒...
[Tue Jan 13 07:13:41 CST 2026] [监控中] 当前最高GPU占用: 96%
[Tue Jan 13 07:13:41 CST 2026] [监控中] 等待 30 秒...
[Tue Jan 13 07:14:11 CST 2026] [监控中] 当前最高GPU占用: 100%
[Tue Jan 13 07:14:11 CST 2026] [监控中] 等待 30 秒...
[Tue Jan 13 07:14:41 CST 2026] [监控中] 当前最高GPU占用: 90%
[Tue Jan 13 07:14:41 CST 2026] [监控中] 等待 30 秒...
[Tue Jan 13 07:15:11 CST 2026] [监控中] 当前最高GPU占用: 95%
[Tue Jan 13 07:15:11 CST 2026] [监控中] 等待 30 秒...
[Tue Jan 13 07:15:41 CST 2026] [监控中] 当前最高GPU占用: 96%
[Tue Jan 13 07:15:41 CST 2026] [监控中] 等待 30 秒...
[Tue Jan 13 07:16:11 CST 2026] [监控中] 当前最高GPU占用: 76%
[Tue Jan 13 07:16:11 CST 2026] [监控中] 等待 30 秒...
[Tue Jan 13 07:16:41 CST 2026] [监控中] 当前最高GPU占用: 96%
[Tue Jan 13 07:16:41 CST 2026] [监控中] 等待 30 秒...
[Tue Jan 13 07:17:11 CST 2026] [监控中] 当前最高GPU占用: 93%
[Tue Jan 13 07:17:11 CST 2026] [监控中] 等待 30 秒...
[Tue Jan 13 07:17:41 CST 2026] [监控中] 当前最高GPU占用: 71%
[Tue Jan 13 07:17:41 CST 2026] [监控中] 等待 30 秒...
[Tue Jan 13 07:18:11 CST 2026] [监控中] 当前最高GPU占用: 96%
[Tue Jan 13 07:18:11 CST 2026] [监控中] 等待 30 秒...
[Tue Jan 13 07:18:42 CST 2026] [监控中] 当前最高GPU占用: 98%
[Tue Jan 13 07:18:42 CST 2026] [监控中] 等待 30 秒...
[Tue Jan 13 07:19:12 CST 2026] [监控中] 当前最高GPU占用: 65%
[Tue Jan 13 07:19:12 CST 2026] [监控中] 等待 30 秒...
[Tue Jan 13 07:19:42 CST 2026] [监控中] 当前最高GPU占用: 69%
[Tue Jan 13 07:19:42 CST 2026] [监控中] 等待 30 秒...
[Tue Jan 13 07:20:12 CST 2026] [监控中] 当前最高GPU占用: 100%
[Tue Jan 13 07:20:12 CST 2026] [监控中] 等待 30 秒...
[Tue Jan 13 07:20:42 CST 2026] [监控中] 当前最高GPU占用: 96%
[Tue Jan 13 07:20:42 CST 2026] [监控中] 等待 30 秒...
[Tue Jan 13 07:21:12 CST 2026] [监控中] 当前最高GPU占用: 100%
[Tue Jan 13 07:21:12 CST 2026] [监控中] 等待 30 秒...
[Tue Jan 13 07:21:42 CST 2026] [监控中] 当前最高GPU占用: 100%
[Tue Jan 13 07:21:42 CST 2026] [监控中] 等待 30 秒...
[Tue Jan 13 07:22:12 CST 2026] [监控中] 当前最高GPU占用: 95%
[Tue Jan 13 07:22:12 CST 2026] [监控中] 等待 30 秒...
[Tue Jan 13 07:22:42 CST 2026] [监控中] 当前最高GPU占用: 66%
[Tue Jan 13 07:22:42 CST 2026] [监控中] 等待 30 秒...
[Tue Jan 13 07:23:12 CST 2026] [监控中] 当前最高GPU占用: 96%
[Tue Jan 13 07:23:12 CST 2026] [监控中] 等待 30 秒...
[Tue Jan 13 07:23:42 CST 2026] [监控中] 当前最高GPU占用: 67%
[Tue Jan 13 07:23:42 CST 2026] [监控中] 等待 30 秒...
[Tue Jan 13 07:24:13 CST 2026] [监控中] 当前最高GPU占用: 100%
[Tue Jan 13 07:24:13 CST 2026] [监控中] 等待 30 秒...
[Tue Jan 13 07:24:43 CST 2026] [监控中] 当前最高GPU占用: 100%
[Tue Jan 13 07:24:43 CST 2026] [监控中] 等待 30 秒...
[Tue Jan 13 07:25:13 CST 2026] [监控中] 当前最高GPU占用: 96%
[Tue Jan 13 07:25:13 CST 2026] [监控中] 等待 30 秒...
[Tue Jan 13 07:25:43 CST 2026] [监控中] 当前最高GPU占用: 100%
[Tue Jan 13 07:25:43 CST 2026] [监控中] 等待 30 秒...
[Tue Jan 13 07:26:13 CST 2026] [监控中] 当前最高GPU占用: 100%
[Tue Jan 13 07:26:13 CST 2026] [监控中] 等待 30 秒...
[Tue Jan 13 07:26:43 CST 2026] [监控中] 当前最高GPU占用: 96%
[Tue Jan 13 07:26:43 CST 2026] [监控中] 等待 30 秒...
[Tue Jan 13 07:27:13 CST 2026] [监控中] 当前最高GPU占用: 96%
[Tue Jan 13 07:27:13 CST 2026] [监控中] 等待 30 秒...
[Tue Jan 13 07:27:43 CST 2026] [监控中] 当前最高GPU占用: 95%
[Tue Jan 13 07:27:43 CST 2026] [监控中] 等待 30 秒...
[Tue Jan 13 07:28:13 CST 2026] [监控中] 当前最高GPU占用: 100%
[Tue Jan 13 07:28:13 CST 2026] [监控中] 等待 30 秒...
[Tue Jan 13 07:28:43 CST 2026] [监控中] 当前最高GPU占用: 100%
[Tue Jan 13 07:28:43 CST 2026] [监控中] 等待 30 秒...
[Tue Jan 13 07:29:14 CST 2026] [监控中] 当前最高GPU占用: 93%
[Tue Jan 13 07:29:14 CST 2026] [监控中] 等待 30 秒...
[Tue Jan 13 07:29:44 CST 2026] [监控中] 当前最高GPU占用: 100%
[Tue Jan 13 07:29:44 CST 2026] [监控中] 等待 30 秒...
[Tue Jan 13 07:30:14 CST 2026] [监控中] 当前最高GPU占用: 77%
[Tue Jan 13 07:30:14 CST 2026] [监控中] 等待 30 秒...
[Tue Jan 13 07:30:44 CST 2026] [监控中] 当前最高GPU占用: 100%
[Tue Jan 13 07:30:44 CST 2026] [监控中] 等待 30 秒...
[Tue Jan 13 07:31:14 CST 2026] [监控中] 当前最高GPU占用: 100%
[Tue Jan 13 07:31:14 CST 2026] [监控中] 等待 30 秒...
[Tue Jan 13 07:31:44 CST 2026] [监控中] 当前最高GPU占用: 66%
[Tue Jan 13 07:31:44 CST 2026] [监控中] 等待 30 秒...
[Tue Jan 13 07:32:14 CST 2026] [监控中] 当前最高GPU占用: 69%
[Tue Jan 13 07:32:14 CST 2026] [监控中] 等待 30 秒...
[Tue Jan 13 07:32:44 CST 2026] [监控中] 当前最高GPU占用: 88%
[Tue Jan 13 07:32:44 CST 2026] [监控中] 等待 30 秒...
[Tue Jan 13 07:33:14 CST 2026] [监控中] 当前最高GPU占用: 100%
[Tue Jan 13 07:33:14 CST 2026] [监控中] 等待 30 秒...
[Tue Jan 13 07:33:44 CST 2026] [监控中] 当前最高GPU占用: 96%
[Tue Jan 13 07:33:44 CST 2026] [监控中] 等待 30 秒...
[Tue Jan 13 07:34:14 CST 2026] [监控中] 当前最高GPU占用: 100%
[Tue Jan 13 07:34:14 CST 2026] [监控中] 等待 30 秒...
[Tue Jan 13 07:34:45 CST 2026] [监控中] 当前最高GPU占用: 100%
[Tue Jan 13 07:34:45 CST 2026] [监控中] 等待 30 秒...
[Tue Jan 13 07:35:15 CST 2026] [监控中] 当前最高GPU占用: 64%
[Tue Jan 13 07:35:15 CST 2026] [监控中] 等待 30 秒...
[Tue Jan 13 07:35:45 CST 2026] [监控中] 当前最高GPU占用: 100%
[Tue Jan 13 07:35:45 CST 2026] [监控中] 等待 30 秒...
[Tue Jan 13 07:36:15 CST 2026] [监控中] 当前最高GPU占用: 100%
[Tue Jan 13 07:36:15 CST 2026] [监控中] 等待 30 秒...
[Tue Jan 13 07:36:45 CST 2026] [监控中] 当前最高GPU占用: 95%
[Tue Jan 13 07:36:45 CST 2026] [监控中] 等待 30 秒...
[Tue Jan 13 07:37:15 CST 2026] [监控中] 当前最高GPU占用: 100%
[Tue Jan 13 07:37:15 CST 2026] [监控中] 等待 30 秒...
[Tue Jan 13 07:37:45 CST 2026] [监控中] 当前最高GPU占用: 67%
[Tue Jan 13 07:37:45 CST 2026] [监控中] 等待 30 秒...
[Tue Jan 13 07:38:15 CST 2026] [监控中] 当前最高GPU占用: 89%
[Tue Jan 13 07:38:15 CST 2026] [监控中] 等待 30 秒...
[Tue Jan 13 07:38:45 CST 2026] [监控中] 当前最高GPU占用: 66%
[Tue Jan 13 07:38:45 CST 2026] [监控中] 等待 30 秒...
[Tue Jan 13 07:39:15 CST 2026] [监控中] 当前最高GPU占用: 96%
[Tue Jan 13 07:39:15 CST 2026] [监控中] 等待 30 秒...
[Tue Jan 13 07:39:45 CST 2026] [监控中] 当前最高GPU占用: 73%
[Tue Jan 13 07:39:45 CST 2026] [监控中] 等待 30 秒...
[Tue Jan 13 07:40:15 CST 2026] [监控中] 当前最高GPU占用: 96%
[Tue Jan 13 07:40:15 CST 2026] [监控中] 等待 30 秒...
[Tue Jan 13 07:40:46 CST 2026] [监控中] 当前最高GPU占用: 65%
[Tue Jan 13 07:40:46 CST 2026] [监控中] 等待 30 秒...
[Tue Jan 13 07:41:16 CST 2026] [监控中] 当前最高GPU占用: 70%
[Tue Jan 13 07:41:16 CST 2026] [监控中] 等待 30 秒...
[Tue Jan 13 07:41:46 CST 2026] [监控中] 当前最高GPU占用: 81%
[Tue Jan 13 07:41:46 CST 2026] [监控中] 等待 30 秒...
[Tue Jan 13 07:42:16 CST 2026] [监控中] 当前最高GPU占用: 96%
[Tue Jan 13 07:42:16 CST 2026] [监控中] 等待 30 秒...
[Tue Jan 13 07:42:46 CST 2026] [监控中] 当前最高GPU占用: 94%
[Tue Jan 13 07:42:46 CST 2026] [监控中] 等待 30 秒...
[Tue Jan 13 07:43:16 CST 2026] [监控中] 当前最高GPU占用: 100%
[Tue Jan 13 07:43:16 CST 2026] [监控中] 等待 30 秒...
[Tue Jan 13 07:43:46 CST 2026] [监控中] 当前最高GPU占用: 96%
[Tue Jan 13 07:43:46 CST 2026] [监控中] 等待 30 秒...
[Tue Jan 13 07:44:16 CST 2026] [监控中] 当前最高GPU占用: 100%
[Tue Jan 13 07:44:16 CST 2026] [监控中] 等待 30 秒...
[Tue Jan 13 07:44:46 CST 2026] [监控中] 当前最高GPU占用: 96%
[Tue Jan 13 07:44:46 CST 2026] [监控中] 等待 30 秒...
[Tue Jan 13 07:45:16 CST 2026] [监控中] 当前最高GPU占用: 95%
[Tue Jan 13 07:45:16 CST 2026] [监控中] 等待 30 秒...
[Tue Jan 13 07:45:46 CST 2026] [监控中] 当前最高GPU占用: 96%
[Tue Jan 13 07:45:46 CST 2026] [监控中] 等待 30 秒...
[Tue Jan 13 07:46:16 CST 2026] [监控中] 当前最高GPU占用: 92%
[Tue Jan 13 07:46:16 CST 2026] [监控中] 等待 30 秒...
[Tue Jan 13 07:46:47 CST 2026] [监控中] 当前最高GPU占用: 100%
[Tue Jan 13 07:46:47 CST 2026] [监控中] 等待 30 秒...
[Tue Jan 13 07:47:17 CST 2026] [监控中] 当前最高GPU占用: 96%
[Tue Jan 13 07:47:17 CST 2026] [监控中] 等待 30 秒...
[Tue Jan 13 07:47:47 CST 2026] [监控中] 当前最高GPU占用: 90%
[Tue Jan 13 07:47:47 CST 2026] [监控中] 等待 30 秒...
[Tue Jan 13 07:48:17 CST 2026] [监控中] 当前最高GPU占用: 100%
[Tue Jan 13 07:48:17 CST 2026] [监控中] 等待 30 秒...
[Tue Jan 13 07:48:47 CST 2026] [监控中] 当前最高GPU占用: 99%
[Tue Jan 13 07:48:47 CST 2026] [监控中] 等待 30 秒...
[Tue Jan 13 07:49:17 CST 2026] [监控中] 当前最高GPU占用: 67%
[Tue Jan 13 07:49:17 CST 2026] [监控中] 等待 30 秒...
[Tue Jan 13 07:49:47 CST 2026] [监控中] 当前最高GPU占用: 83%
[Tue Jan 13 07:49:47 CST 2026] [监控中] 等待 30 秒...
[Tue Jan 13 07:50:17 CST 2026] [监控中] 当前最高GPU占用: 70%
[Tue Jan 13 07:50:17 CST 2026] [监控中] 等待 30 秒...
[Tue Jan 13 07:50:47 CST 2026] [监控中] 当前最高GPU占用: 96%
[Tue Jan 13 07:50:47 CST 2026] [监控中] 等待 30 秒...
[Tue Jan 13 07:51:17 CST 2026] [监控中] 当前最高GPU占用: 95%
[Tue Jan 13 07:51:17 CST 2026] [监控中] 等待 30 秒...
[Tue Jan 13 07:51:47 CST 2026] [监控中] 当前最高GPU占用: 70%
[Tue Jan 13 07:51:47 CST 2026] [监控中] 等待 30 秒...
[Tue Jan 13 07:52:18 CST 2026] [监控中] 当前最高GPU占用: 100%
[Tue Jan 13 07:52:18 CST 2026] [监控中] 等待 30 秒...
[Tue Jan 13 07:52:48 CST 2026] [监控中] 当前最高GPU占用: 96%
[Tue Jan 13 07:52:48 CST 2026] [监控中] 等待 30 秒...
[Tue Jan 13 07:53:18 CST 2026] [监控中] 当前最高GPU占用: 96%
[Tue Jan 13 07:53:18 CST 2026] [监控中] 等待 30 秒...
[Tue Jan 13 07:53:48 CST 2026] [监控中] 当前最高GPU占用: 69%
[Tue Jan 13 07:53:48 CST 2026] [监控中] 等待 30 秒...
[Tue Jan 13 07:54:18 CST 2026] [监控中] 当前最高GPU占用: 68%
[Tue Jan 13 07:54:18 CST 2026] [监控中] 等待 30 秒...
[Tue Jan 13 07:54:48 CST 2026] [监控中] 当前最高GPU占用: 100%
[Tue Jan 13 07:54:48 CST 2026] [监控中] 等待 30 秒...
[Tue Jan 13 07:55:18 CST 2026] [监控中] 当前最高GPU占用: 68%
[Tue Jan 13 07:55:18 CST 2026] [监控中] 等待 30 秒...
[Tue Jan 13 07:55:48 CST 2026] [监控中] 当前最高GPU占用: 95%
[Tue Jan 13 07:55:48 CST 2026] [监控中] 等待 30 秒...
[Tue Jan 13 07:56:18 CST 2026] [监控中] 当前最高GPU占用: 100%
[Tue Jan 13 07:56:18 CST 2026] [监控中] 等待 30 秒...
[Tue Jan 13 07:56:48 CST 2026] [监控中] 当前最高GPU占用: 71%
[Tue Jan 13 07:56:48 CST 2026] [监控中] 等待 30 秒...
[Tue Jan 13 07:57:19 CST 2026] [监控中] 当前最高GPU占用: 66%
[Tue Jan 13 07:57:19 CST 2026] [监控中] 等待 30 秒...
[Tue Jan 13 07:57:49 CST 2026] [监控中] 当前最高GPU占用: 100%
[Tue Jan 13 07:57:49 CST 2026] [监控中] 等待 30 秒...
[Tue Jan 13 07:58:19 CST 2026] [监控中] 当前最高GPU占用: 100%
[Tue Jan 13 07:58:19 CST 2026] [监控中] 等待 30 秒...
[Tue Jan 13 07:58:49 CST 2026] [监控中] 当前最高GPU占用: 81%
[Tue Jan 13 07:58:49 CST 2026] [监控中] 等待 30 秒...
[Tue Jan 13 07:59:19 CST 2026] [监控中] 当前最高GPU占用: 100%
[Tue Jan 13 07:59:19 CST 2026] [监控中] 等待 30 秒...
[Tue Jan 13 07:59:49 CST 2026] [监控中] 当前最高GPU占用: 100%
[Tue Jan 13 07:59:49 CST 2026] [监控中] 等待 30 秒...
[Tue Jan 13 08:00:19 CST 2026] [监控中] 当前最高GPU占用: 95%
[Tue Jan 13 08:00:19 CST 2026] [监控中] 等待 30 秒...
[Tue Jan 13 08:00:49 CST 2026] [监控中] 当前最高GPU占用: 100%
[Tue Jan 13 08:00:49 CST 2026] [监控中] 等待 30 秒...
[Tue Jan 13 08:01:19 CST 2026] [监控中] 当前最高GPU占用: 67%
[Tue Jan 13 08:01:19 CST 2026] [监控中] 等待 30 秒...
[Tue Jan 13 08:01:49 CST 2026] [监控中] 当前最高GPU占用: 96%
[Tue Jan 13 08:01:49 CST 2026] [监控中] 等待 30 秒...
[Tue Jan 13 08:02:19 CST 2026] [监控中] 当前最高GPU占用: 96%
[Tue Jan 13 08:02:19 CST 2026] [监控中] 等待 30 秒...
[Tue Jan 13 08:02:49 CST 2026] [监控中] 当前最高GPU占用: 80%
[Tue Jan 13 08:02:49 CST 2026] [监控中] 等待 30 秒...
[Tue Jan 13 08:03:20 CST 2026] [监控中] 当前最高GPU占用: 66%
[Tue Jan 13 08:03:20 CST 2026] [监控中] 等待 30 秒...
[Tue Jan 13 08:03:50 CST 2026] [监控中] 当前最高GPU占用: 95%
[Tue Jan 13 08:03:50 CST 2026] [监控中] 等待 30 秒...
[Tue Jan 13 08:04:20 CST 2026] [监控中] 当前最高GPU占用: 71%
[Tue Jan 13 08:04:20 CST 2026] [监控中] 等待 30 秒...
[Tue Jan 13 08:04:50 CST 2026] [监控中] 当前最高GPU占用: 95%
[Tue Jan 13 08:04:50 CST 2026] [监控中] 等待 30 秒...
[Tue Jan 13 08:05:20 CST 2026] [监控中] 当前最高GPU占用: 76%
[Tue Jan 13 08:05:20 CST 2026] [监控中] 等待 30 秒...
[Tue Jan 13 08:05:50 CST 2026] [监控中] 当前最高GPU占用: 65%
[Tue Jan 13 08:05:50 CST 2026] [监控中] 等待 30 秒...
[Tue Jan 13 08:06:20 CST 2026] [监控中] 当前最高GPU占用: 96%
[Tue Jan 13 08:06:20 CST 2026] [监控中] 等待 30 秒...
[Tue Jan 13 08:06:50 CST 2026] [监控中] 当前最高GPU占用: 100%
[Tue Jan 13 08:06:50 CST 2026] [监控中] 等待 30 秒...
[Tue Jan 13 08:07:20 CST 2026] [监控中] 当前最高GPU占用: 69%
[Tue Jan 13 08:07:20 CST 2026] [监控中] 等待 30 秒...
[Tue Jan 13 08:07:50 CST 2026] [监控中] 当前最高GPU占用: 95%
[Tue Jan 13 08:07:50 CST 2026] [监控中] 等待 30 秒...
[Tue Jan 13 08:08:20 CST 2026] [监控中] 当前最高GPU占用: 100%
[Tue Jan 13 08:08:20 CST 2026] [监控中] 等待 30 秒...
[Tue Jan 13 08:08:51 CST 2026] [监控中] 当前最高GPU占用: 95%
[Tue Jan 13 08:08:51 CST 2026] [监控中] 等待 30 秒...
[Tue Jan 13 08:09:21 CST 2026] [监控中] 当前最高GPU占用: 59%
[Tue Jan 13 08:09:21 CST 2026] [监控中] 等待 30 秒...
[Tue Jan 13 08:09:51 CST 2026] [监控中] 当前最高GPU占用: 69%
[Tue Jan 13 08:09:51 CST 2026] [监控中] 等待 30 秒...
[Tue Jan 13 08:10:21 CST 2026] [监控中] 当前最高GPU占用: 100%
[Tue Jan 13 08:10:21 CST 2026] [监控中] 等待 30 秒...
[Tue Jan 13 08:10:51 CST 2026] [监控中] 当前最高GPU占用: 83%
[Tue Jan 13 08:10:51 CST 2026] [监控中] 等待 30 秒...
[Tue Jan 13 08:11:21 CST 2026] [监控中] 当前最高GPU占用: 100%
[Tue Jan 13 08:11:21 CST 2026] [监控中] 等待 30 秒...
[Tue Jan 13 08:11:51 CST 2026] [监控中] 当前最高GPU占用: 68%
[Tue Jan 13 08:11:51 CST 2026] [监控中] 等待 30 秒...
[Tue Jan 13 08:12:21 CST 2026] [监控中] 当前最高GPU占用: 100%
[Tue Jan 13 08:12:21 CST 2026] [监控中] 等待 30 秒...
[Tue Jan 13 08:12:51 CST 2026] [监控中] 当前最高GPU占用: 99%
[Tue Jan 13 08:12:51 CST 2026] [监控中] 等待 30 秒...
[Tue Jan 13 08:13:21 CST 2026] [监控中] 当前最高GPU占用: 96%
[Tue Jan 13 08:13:21 CST 2026] [监控中] 等待 30 秒...
[Tue Jan 13 08:13:51 CST 2026] [监控中] 当前最高GPU占用: 95%
[Tue Jan 13 08:13:51 CST 2026] [监控中] 等待 30 秒...
[Tue Jan 13 08:14:22 CST 2026] [监控中] 当前最高GPU占用: 96%
[Tue Jan 13 08:14:22 CST 2026] [监控中] 等待 30 秒...
[Tue Jan 13 08:14:52 CST 2026] [监控中] 当前最高GPU占用: 96%
[Tue Jan 13 08:14:52 CST 2026] [监控中] 等待 30 秒...
[Tue Jan 13 08:15:22 CST 2026] [监控中] 当前最高GPU占用: 96%
[Tue Jan 13 08:15:22 CST 2026] [监控中] 等待 30 秒...
[Tue Jan 13 08:15:52 CST 2026] [监控中] 当前最高GPU占用: 97%
[Tue Jan 13 08:15:52 CST 2026] [监控中] 等待 30 秒...
[Tue Jan 13 08:16:22 CST 2026] [监控中] 当前最高GPU占用: 100%
[Tue Jan 13 08:16:22 CST 2026] [监控中] 等待 30 秒...
[Tue Jan 13 08:16:52 CST 2026] [监控中] 当前最高GPU占用: 96%
[Tue Jan 13 08:16:52 CST 2026] [监控中] 等待 30 秒...
[Tue Jan 13 08:17:22 CST 2026] [监控中] 当前最高GPU占用: 96%
[Tue Jan 13 08:17:22 CST 2026] [监控中] 等待 30 秒...
[Tue Jan 13 08:17:52 CST 2026] [监控中] 当前最高GPU占用: 69%
[Tue Jan 13 08:17:52 CST 2026] [监控中] 等待 30 秒...
[Tue Jan 13 08:18:22 CST 2026] [监控中] 当前最高GPU占用: 96%
[Tue Jan 13 08:18:22 CST 2026] [监控中] 等待 30 秒...
[Tue Jan 13 08:18:52 CST 2026] [监控中] 当前最高GPU占用: 96%
[Tue Jan 13 08:18:52 CST 2026] [监控中] 等待 30 秒...
[Tue Jan 13 08:19:23 CST 2026] [监控中] 当前最高GPU占用: 99%
[Tue Jan 13 08:19:23 CST 2026] [监控中] 等待 30 秒...
[Tue Jan 13 08:19:53 CST 2026] [监控中] 当前最高GPU占用: 86%
[Tue Jan 13 08:19:53 CST 2026] [监控中] 等待 30 秒...
[Tue Jan 13 08:20:23 CST 2026] [监控中] 当前最高GPU占用: 92%
[Tue Jan 13 08:20:23 CST 2026] [监控中] 等待 30 秒...
[Tue Jan 13 08:20:53 CST 2026] [监控中] 当前最高GPU占用: 100%
[Tue Jan 13 08:20:53 CST 2026] [监控中] 等待 30 秒...
[Tue Jan 13 08:21:23 CST 2026] [监控中] 当前最高GPU占用: 90%
[Tue Jan 13 08:21:23 CST 2026] [监控中] 等待 30 秒...
[Tue Jan 13 08:21:53 CST 2026] [监控中] 当前最高GPU占用: 93%
[Tue Jan 13 08:21:53 CST 2026] [监控中] 等待 30 秒...
[Tue Jan 13 08:22:23 CST 2026] [监控中] 当前最高GPU占用: 96%
[Tue Jan 13 08:22:23 CST 2026] [监控中] 等待 30 秒...
[Tue Jan 13 08:22:53 CST 2026] [监控中] 当前最高GPU占用: 95%
[Tue Jan 13 08:22:53 CST 2026] [监控中] 等待 30 秒...
[Tue Jan 13 08:23:23 CST 2026] [监控中] 当前最高GPU占用: 96%
[Tue Jan 13 08:23:23 CST 2026] [监控中] 等待 30 秒...
[Tue Jan 13 08:23:53 CST 2026] [监控中] 当前最高GPU占用: 93%
[Tue Jan 13 08:23:53 CST 2026] [监控中] 等待 30 秒...
[Tue Jan 13 08:24:23 CST 2026] [监控中] 当前最高GPU占用: 69%
[Tue Jan 13 08:24:23 CST 2026] [监控中] 等待 30 秒...
[Tue Jan 13 08:24:54 CST 2026] [监控中] 当前最高GPU占用: 69%
[Tue Jan 13 08:24:54 CST 2026] [监控中] 等待 30 秒...
[Tue Jan 13 08:25:24 CST 2026] [监控中] 当前最高GPU占用: 67%
[Tue Jan 13 08:25:24 CST 2026] [监控中] 等待 30 秒...
[Tue Jan 13 08:25:54 CST 2026] [监控中] 当前最高GPU占用: 64%
[Tue Jan 13 08:25:54 CST 2026] [监控中] 等待 30 秒...
[Tue Jan 13 08:26:24 CST 2026] [监控中] 当前最高GPU占用: 70%
[Tue Jan 13 08:26:24 CST 2026] [监控中] 等待 30 秒...
[Tue Jan 13 08:26:54 CST 2026] [监控中] 当前最高GPU占用: 96%
[Tue Jan 13 08:26:54 CST 2026] [监控中] 等待 30 秒...
[Tue Jan 13 08:27:24 CST 2026] [监控中] 当前最高GPU占用: 68%
[Tue Jan 13 08:27:24 CST 2026] [监控中] 等待 30 秒...
[Tue Jan 13 08:27:54 CST 2026] [监控中] 当前最高GPU占用: 88%
[Tue Jan 13 08:27:54 CST 2026] [监控中] 等待 30 秒...
[Tue Jan 13 08:28:24 CST 2026] [监控中] 当前最高GPU占用: 100%
[Tue Jan 13 08:28:24 CST 2026] [监控中] 等待 30 秒...
[Tue Jan 13 08:28:54 CST 2026] [监控中] 当前最高GPU占用: 86%
[Tue Jan 13 08:28:54 CST 2026] [监控中] 等待 30 秒...
[Tue Jan 13 08:29:24 CST 2026] [监控中] 当前最高GPU占用: 75%
[Tue Jan 13 08:29:24 CST 2026] [监控中] 等待 30 秒...
[Tue Jan 13 08:29:55 CST 2026] [监控中] 当前最高GPU占用: 87%
[Tue Jan 13 08:29:55 CST 2026] [监控中] 等待 30 秒...
[Tue Jan 13 08:30:25 CST 2026] [监控中] 当前最高GPU占用: 100%
[Tue Jan 13 08:30:25 CST 2026] [监控中] 等待 30 秒...
[Tue Jan 13 08:30:55 CST 2026] [监控中] 当前最高GPU占用: 79%
[Tue Jan 13 08:30:55 CST 2026] [监控中] 等待 30 秒...
[Tue Jan 13 08:31:25 CST 2026] [监控中] 当前最高GPU占用: 65%
[Tue Jan 13 08:31:25 CST 2026] [监控中] 等待 30 秒...
[Tue Jan 13 08:31:55 CST 2026] [监控中] 当前最高GPU占用: 78%
[Tue Jan 13 08:31:55 CST 2026] [监控中] 等待 30 秒...
[Tue Jan 13 08:32:25 CST 2026] [监控中] 当前最高GPU占用: 100%
[Tue Jan 13 08:32:25 CST 2026] [监控中] 等待 30 秒...
[Tue Jan 13 08:32:55 CST 2026] [监控中] 当前最高GPU占用: 67%
[Tue Jan 13 08:32:55 CST 2026] [监控中] 等待 30 秒...
[Tue Jan 13 08:33:25 CST 2026] [监控中] 当前最高GPU占用: 95%
[Tue Jan 13 08:33:25 CST 2026] [监控中] 等待 30 秒...
[Tue Jan 13 08:33:55 CST 2026] [监控中] 当前最高GPU占用: 82%
[Tue Jan 13 08:33:55 CST 2026] [监控中] 等待 30 秒...
[Tue Jan 13 08:34:25 CST 2026] [监控中] 当前最高GPU占用: 68%
[Tue Jan 13 08:34:25 CST 2026] [监控中] 等待 30 秒...
[Tue Jan 13 08:34:55 CST 2026] [监控中] 当前最高GPU占用: 100%
[Tue Jan 13 08:34:55 CST 2026] [监控中] 等待 30 秒...
[Tue Jan 13 08:35:25 CST 2026] [监控中] 当前最高GPU占用: 100%
[Tue Jan 13 08:35:25 CST 2026] [监控中] 等待 30 秒...
[Tue Jan 13 08:35:55 CST 2026] [监控中] 当前最高GPU占用: 100%
[Tue Jan 13 08:35:55 CST 2026] [监控中] 等待 30 秒...
[Tue Jan 13 08:36:25 CST 2026] [监控中] 当前最高GPU占用: 100%
[Tue Jan 13 08:36:25 CST 2026] [监控中] 等待 30 秒...
[Tue Jan 13 08:36:56 CST 2026] [监控中] 当前最高GPU占用: 100%
[Tue Jan 13 08:36:56 CST 2026] [监控中] 等待 30 秒...
[Tue Jan 13 08:37:26 CST 2026] [监控中] 当前最高GPU占用: 95%
[Tue Jan 13 08:37:26 CST 2026] [监控中] 等待 30 秒...
[Tue Jan 13 08:37:56 CST 2026] [监控中] 当前最高GPU占用: 72%
[Tue Jan 13 08:37:56 CST 2026] [监控中] 等待 30 秒...
[Tue Jan 13 08:38:26 CST 2026] [监控中] 当前最高GPU占用: 67%
[Tue Jan 13 08:38:26 CST 2026] [监控中] 等待 30 秒...
[Tue Jan 13 08:38:56 CST 2026] [监控中] 当前最高GPU占用: 100%
[Tue Jan 13 08:38:56 CST 2026] [监控中] 等待 30 秒...
[Tue Jan 13 08:39:26 CST 2026] [监控中] 当前最高GPU占用: 100%
[Tue Jan 13 08:39:26 CST 2026] [监控中] 等待 30 秒...
[Tue Jan 13 08:39:56 CST 2026] [监控中] 当前最高GPU占用: 66%
[Tue Jan 13 08:39:56 CST 2026] [监控中] 等待 30 秒...
[Tue Jan 13 08:40:26 CST 2026] [监控中] 当前最高GPU占用: 100%
[Tue Jan 13 08:40:26 CST 2026] [监控中] 等待 30 秒...
[Tue Jan 13 08:40:56 CST 2026] [监控中] 当前最高GPU占用: 100%
[Tue Jan 13 08:40:56 CST 2026] [监控中] 等待 30 秒...
[Tue Jan 13 08:41:26 CST 2026] [监控中] 当前最高GPU占用: 89%
[Tue Jan 13 08:41:26 CST 2026] [监控中] 等待 30 秒...
[Tue Jan 13 08:41:57 CST 2026] [监控中] 当前最高GPU占用: 96%
[Tue Jan 13 08:41:57 CST 2026] [监控中] 等待 30 秒...
[Tue Jan 13 08:42:27 CST 2026] [监控中] 当前最高GPU占用: 100%
[Tue Jan 13 08:42:27 CST 2026] [监控中] 等待 30 秒...
[Tue Jan 13 08:42:57 CST 2026] [监控中] 当前最高GPU占用: 68%
[Tue Jan 13 08:42:57 CST 2026] [监控中] 等待 30 秒...
[Tue Jan 13 08:43:27 CST 2026] [监控中] 当前最高GPU占用: 67%
[Tue Jan 13 08:43:27 CST 2026] [监控中] 等待 30 秒...
[Tue Jan 13 08:43:57 CST 2026] [监控中] 当前最高GPU占用: 96%
[Tue Jan 13 08:43:57 CST 2026] [监控中] 等待 30 秒...
[Tue Jan 13 08:44:27 CST 2026] [监控中] 当前最高GPU占用: 76%
[Tue Jan 13 08:44:27 CST 2026] [监控中] 等待 30 秒...
[Tue Jan 13 08:44:57 CST 2026] [监控中] 当前最高GPU占用: 54%
[Tue Jan 13 08:44:57 CST 2026] [监控中] 等待 30 秒...
[Tue Jan 13 08:45:27 CST 2026] [监控中] 当前最高GPU占用: 91%
[Tue Jan 13 08:45:27 CST 2026] [监控中] 等待 30 秒...
[Tue Jan 13 08:45:57 CST 2026] [监控中] 当前最高GPU占用: 96%
[Tue Jan 13 08:45:57 CST 2026] [监控中] 等待 30 秒...
[Tue Jan 13 08:46:27 CST 2026] [监控中] 当前最高GPU占用: 67%
[Tue Jan 13 08:46:27 CST 2026] [监控中] 等待 30 秒...
[Tue Jan 13 08:46:57 CST 2026] [监控中] 当前最高GPU占用: 97%
[Tue Jan 13 08:46:57 CST 2026] [监控中] 等待 30 秒...
[Tue Jan 13 08:47:28 CST 2026] [监控中] 当前最高GPU占用: 100%
[Tue Jan 13 08:47:28 CST 2026] [监控中] 等待 30 秒...
[Tue Jan 13 08:47:58 CST 2026] [监控中] 当前最高GPU占用: 96%
[Tue Jan 13 08:47:58 CST 2026] [监控中] 等待 30 秒...
[Tue Jan 13 08:48:28 CST 2026] [监控中] 当前最高GPU占用: 100%
[Tue Jan 13 08:48:28 CST 2026] [监控中] 等待 30 秒...
[Tue Jan 13 08:48:58 CST 2026] [监控中] 当前最高GPU占用: 96%
[Tue Jan 13 08:48:58 CST 2026] [监控中] 等待 30 秒...
[Tue Jan 13 08:49:28 CST 2026] [监控中] 当前最高GPU占用: 100%
[Tue Jan 13 08:49:28 CST 2026] [监控中] 等待 30 秒...
[Tue Jan 13 08:49:58 CST 2026] [监控中] 当前最高GPU占用: 83%
[Tue Jan 13 08:49:58 CST 2026] [监控中] 等待 30 秒...
[Tue Jan 13 08:50:28 CST 2026] [监控中] 当前最高GPU占用: 100%
[Tue Jan 13 08:50:28 CST 2026] [监控中] 等待 30 秒...
[Tue Jan 13 08:50:58 CST 2026] [监控中] 当前最高GPU占用: 100%
[Tue Jan 13 08:50:58 CST 2026] [监控中] 等待 30 秒...
[Tue Jan 13 08:51:28 CST 2026] [监控中] 当前最高GPU占用: 63%
[Tue Jan 13 08:51:28 CST 2026] [监控中] 等待 30 秒...
[Tue Jan 13 08:51:58 CST 2026] [监控中] 当前最高GPU占用: 96%
[Tue Jan 13 08:51:58 CST 2026] [监控中] 等待 30 秒...
[Tue Jan 13 08:52:28 CST 2026] [监控中] 当前最高GPU占用: 100%
[Tue Jan 13 08:52:28 CST 2026] [监控中] 等待 30 秒...
[Tue Jan 13 08:52:58 CST 2026] [监控中] 当前最高GPU占用: 96%
[Tue Jan 13 08:52:58 CST 2026] [监控中] 等待 30 秒...
[Tue Jan 13 08:53:29 CST 2026] [监控中] 当前最高GPU占用: 95%
[Tue Jan 13 08:53:29 CST 2026] [监控中] 等待 30 秒...
[Tue Jan 13 08:53:59 CST 2026] [监控中] 当前最高GPU占用: 66%
[Tue Jan 13 08:53:59 CST 2026] [监控中] 等待 30 秒...
[Tue Jan 13 08:54:29 CST 2026] [监控中] 当前最高GPU占用: 100%
[Tue Jan 13 08:54:29 CST 2026] [监控中] 等待 30 秒...
[Tue Jan 13 08:54:59 CST 2026] [监控中] 当前最高GPU占用: 100%
[Tue Jan 13 08:54:59 CST 2026] [监控中] 等待 30 秒...
[Tue Jan 13 08:55:29 CST 2026] [监控中] 当前最高GPU占用: 96%
[Tue Jan 13 08:55:29 CST 2026] [监控中] 等待 30 秒...
[Tue Jan 13 08:55:59 CST 2026] [监控中] 当前最高GPU占用: 100%
[Tue Jan 13 08:55:59 CST 2026] [监控中] 等待 30 秒...
[Tue Jan 13 08:56:29 CST 2026] [监控中] 当前最高GPU占用: 100%
[Tue Jan 13 08:56:29 CST 2026] [监控中] 等待 30 秒...
[Tue Jan 13 08:56:59 CST 2026] [监控中] 当前最高GPU占用: 95%
[Tue Jan 13 08:56:59 CST 2026] [监控中] 等待 30 秒...
[Tue Jan 13 08:57:29 CST 2026] [监控中] 当前最高GPU占用: 96%
[Tue Jan 13 08:57:29 CST 2026] [监控中] 等待 30 秒...
[Tue Jan 13 08:57:59 CST 2026] [监控中] 当前最高GPU占用: 81%
[Tue Jan 13 08:57:59 CST 2026] [监控中] 等待 30 秒...
[Tue Jan 13 08:58:30 CST 2026] [监控中] 当前最高GPU占用: 96%
[Tue Jan 13 08:58:30 CST 2026] [监控中] 等待 30 秒...
[Tue Jan 13 08:59:00 CST 2026] [监控中] 当前最高GPU占用: 65%
[Tue Jan 13 08:59:00 CST 2026] [监控中] 等待 30 秒...
[Tue Jan 13 08:59:30 CST 2026] [监控中] 当前最高GPU占用: 76%
[Tue Jan 13 08:59:30 CST 2026] [监控中] 等待 30 秒...
[Tue Jan 13 09:00:00 CST 2026] [监控中] 当前最高GPU占用: 60%
[Tue Jan 13 09:00:00 CST 2026] [监控中] 等待 30 秒...
[Tue Jan 13 09:00:30 CST 2026] [监控中] 当前最高GPU占用: 100%
[Tue Jan 13 09:00:30 CST 2026] [监控中] 等待 30 秒...
[Tue Jan 13 09:01:00 CST 2026] [监控中] 当前最高GPU占用: 100%
[Tue Jan 13 09:01:00 CST 2026] [监控中] 等待 30 秒...
[Tue Jan 13 09:01:30 CST 2026] [监控中] 当前最高GPU占用: 100%
[Tue Jan 13 09:01:30 CST 2026] [监控中] 等待 30 秒...
[Tue Jan 13 09:02:00 CST 2026] [监控中] 当前最高GPU占用: 67%
[Tue Jan 13 09:02:00 CST 2026] [监控中] 等待 30 秒...
[Tue Jan 13 09:02:30 CST 2026] [监控中] 当前最高GPU占用: 84%
[Tue Jan 13 09:02:30 CST 2026] [监控中] 等待 30 秒...
[Tue Jan 13 09:03:00 CST 2026] [监控中] 当前最高GPU占用: 96%
[Tue Jan 13 09:03:00 CST 2026] [监控中] 等待 30 秒...
[Tue Jan 13 09:03:30 CST 2026] [监控中] 当前最高GPU占用: 100%
[Tue Jan 13 09:03:30 CST 2026] [监控中] 等待 30 秒...
[Tue Jan 13 09:04:00 CST 2026] [监控中] 当前最高GPU占用: 100%
[Tue Jan 13 09:04:00 CST 2026] [监控中] 等待 30 秒...
[Tue Jan 13 09:04:30 CST 2026] [监控中] 当前最高GPU占用: 95%
[Tue Jan 13 09:04:30 CST 2026] [监控中] 等待 30 秒...
[Tue Jan 13 09:05:01 CST 2026] [监控中] 当前最高GPU占用: 100%
[Tue Jan 13 09:05:01 CST 2026] [监控中] 等待 30 秒...
[Tue Jan 13 09:05:31 CST 2026] [监控中] 当前最高GPU占用: 100%
[Tue Jan 13 09:05:31 CST 2026] [监控中] 等待 30 秒...
[Tue Jan 13 09:06:01 CST 2026] [监控中] 当前最高GPU占用: 96%
[Tue Jan 13 09:06:01 CST 2026] [监控中] 等待 30 秒...
[Tue Jan 13 09:06:31 CST 2026] [监控中] 当前最高GPU占用: 99%
[Tue Jan 13 09:06:31 CST 2026] [监控中] 等待 30 秒...
[Tue Jan 13 09:07:01 CST 2026] [监控中] 当前最高GPU占用: 66%
[Tue Jan 13 09:07:01 CST 2026] [监控中] 等待 30 秒...
[Tue Jan 13 09:07:31 CST 2026] [监控中] 当前最高GPU占用: 100%
[Tue Jan 13 09:07:31 CST 2026] [监控中] 等待 30 秒...
[Tue Jan 13 09:08:01 CST 2026] [监控中] 当前最高GPU占用: 82%
[Tue Jan 13 09:08:01 CST 2026] [监控中] 等待 30 秒...
[Tue Jan 13 09:08:31 CST 2026] [监控中] 当前最高GPU占用: 100%
[Tue Jan 13 09:08:31 CST 2026] [监控中] 等待 30 秒...
[Tue Jan 13 09:09:01 CST 2026] [监控中] 当前最高GPU占用: 97%
[Tue Jan 13 09:09:01 CST 2026] [监控中] 等待 30 秒...
[Tue Jan 13 09:09:31 CST 2026] [监控中] 当前最高GPU占用: 67%
[Tue Jan 13 09:09:31 CST 2026] [监控中] 等待 30 秒...
[Tue Jan 13 09:10:01 CST 2026] [监控中] 当前最高GPU占用: 96%
[Tue Jan 13 09:10:01 CST 2026] [监控中] 等待 30 秒...
[Tue Jan 13 09:10:31 CST 2026] [监控中] 当前最高GPU占用: 100%
[Tue Jan 13 09:10:31 CST 2026] [监控中] 等待 30 秒...
[Tue Jan 13 09:11:02 CST 2026] [监控中] 当前最高GPU占用: 96%
[Tue Jan 13 09:11:02 CST 2026] [监控中] 等待 30 秒...
[Tue Jan 13 09:11:32 CST 2026] [监控中] 当前最高GPU占用: 100%
[Tue Jan 13 09:11:32 CST 2026] [监控中] 等待 30 秒...
[Tue Jan 13 09:12:02 CST 2026] [监控中] 当前最高GPU占用: 66%
[Tue Jan 13 09:12:02 CST 2026] [监控中] 等待 30 秒...
[Tue Jan 13 09:12:32 CST 2026] [监控中] 当前最高GPU占用: 96%
[Tue Jan 13 09:12:32 CST 2026] [监控中] 等待 30 秒...
[Tue Jan 13 09:13:02 CST 2026] [监控中] 当前最高GPU占用: 100%
[Tue Jan 13 09:13:02 CST 2026] [监控中] 等待 30 秒...
[Tue Jan 13 09:13:32 CST 2026] [监控中] 当前最高GPU占用: 96%
[Tue Jan 13 09:13:32 CST 2026] [监控中] 等待 30 秒...
[Tue Jan 13 09:14:02 CST 2026] [监控中] 当前最高GPU占用: 96%
[Tue Jan 13 09:14:02 CST 2026] [监控中] 等待 30 秒...
[Tue Jan 13 09:14:32 CST 2026] [监控中] 当前最高GPU占用: 100%
[Tue Jan 13 09:14:32 CST 2026] [监控中] 等待 30 秒...
[Tue Jan 13 09:15:02 CST 2026] [监控中] 当前最高GPU占用: 99%
[Tue Jan 13 09:15:02 CST 2026] [监控中] 等待 30 秒...
[Tue Jan 13 09:15:32 CST 2026] [监控中] 当前最高GPU占用: 96%
[Tue Jan 13 09:15:32 CST 2026] [监控中] 等待 30 秒...
[Tue Jan 13 09:16:02 CST 2026] [监控中] 当前最高GPU占用: 100%
[Tue Jan 13 09:16:02 CST 2026] [监控中] 等待 30 秒...
[Tue Jan 13 09:16:33 CST 2026] [监控中] 当前最高GPU占用: 95%
[Tue Jan 13 09:16:33 CST 2026] [监控中] 等待 30 秒...
[Tue Jan 13 09:17:03 CST 2026] [监控中] 当前最高GPU占用: 100%
[Tue Jan 13 09:17:03 CST 2026] [监控中] 等待 30 秒...
[Tue Jan 13 09:17:33 CST 2026] [监控中] 当前最高GPU占用: 63%
[Tue Jan 13 09:17:33 CST 2026] [监控中] 等待 30 秒...
[Tue Jan 13 09:18:03 CST 2026] [监控中] 当前最高GPU占用: 96%
[Tue Jan 13 09:18:03 CST 2026] [监控中] 等待 30 秒...
[Tue Jan 13 09:18:33 CST 2026] [监控中] 当前最高GPU占用: 70%
[Tue Jan 13 09:18:33 CST 2026] [监控中] 等待 30 秒...
[Tue Jan 13 09:19:03 CST 2026] [监控中] 当前最高GPU占用: 96%
[Tue Jan 13 09:19:03 CST 2026] [监控中] 等待 30 秒...
[Tue Jan 13 09:19:33 CST 2026] [监控中] 当前最高GPU占用: 100%
[Tue Jan 13 09:19:33 CST 2026] [监控中] 等待 30 秒...
[Tue Jan 13 09:20:03 CST 2026] [监控中] 当前最高GPU占用: 83%
[Tue Jan 13 09:20:03 CST 2026] [监控中] 等待 30 秒...
[Tue Jan 13 09:20:33 CST 2026] [监控中] 当前最高GPU占用: 96%
[Tue Jan 13 09:20:33 CST 2026] [监控中] 等待 30 秒...
[Tue Jan 13 09:21:03 CST 2026] [监控中] 当前最高GPU占用: 100%
[Tue Jan 13 09:21:03 CST 2026] [监控中] 等待 30 秒...
[Tue Jan 13 09:21:33 CST 2026] [监控中] 当前最高GPU占用: 69%
[Tue Jan 13 09:21:33 CST 2026] [监控中] 等待 30 秒...
[Tue Jan 13 09:22:04 CST 2026] [监控中] 当前最高GPU占用: 66%
[Tue Jan 13 09:22:04 CST 2026] [监控中] 等待 30 秒...
[Tue Jan 13 09:22:34 CST 2026] [监控中] 当前最高GPU占用: 100%
[Tue Jan 13 09:22:34 CST 2026] [监控中] 等待 30 秒...
[Tue Jan 13 09:23:04 CST 2026] [监控中] 当前最高GPU占用: 100%
[Tue Jan 13 09:23:04 CST 2026] [监控中] 等待 30 秒...
[Tue Jan 13 09:23:34 CST 2026] [监控中] 当前最高GPU占用: 66%
[Tue Jan 13 09:23:34 CST 2026] [监控中] 等待 30 秒...
[Tue Jan 13 09:24:04 CST 2026] [监控中] 当前最高GPU占用: 100%
[Tue Jan 13 09:24:04 CST 2026] [监控中] 等待 30 秒...
[Tue Jan 13 09:24:34 CST 2026] [监控中] 当前最高GPU占用: 99%
[Tue Jan 13 09:24:34 CST 2026] [监控中] 等待 30 秒...
[Tue Jan 13 09:25:04 CST 2026] [监控中] 当前最高GPU占用: 91%
[Tue Jan 13 09:25:04 CST 2026] [监控中] 等待 30 秒...
[Tue Jan 13 09:25:34 CST 2026] [监控中] 当前最高GPU占用: 96%
[Tue Jan 13 09:25:34 CST 2026] [监控中] 等待 30 秒...
[Tue Jan 13 09:26:04 CST 2026] [监控中] 当前最高GPU占用: 98%
[Tue Jan 13 09:26:04 CST 2026] [监控中] 等待 30 秒...
[Tue Jan 13 09:26:34 CST 2026] [监控中] 当前最高GPU占用: 100%
[Tue Jan 13 09:26:34 CST 2026] [监控中] 等待 30 秒...
[Tue Jan 13 09:27:04 CST 2026] [监控中] 当前最高GPU占用: 100%
[Tue Jan 13 09:27:04 CST 2026] [监控中] 等待 30 秒...
[Tue Jan 13 09:27:35 CST 2026] [监控中] 当前最高GPU占用: 100%
[Tue Jan 13 09:27:35 CST 2026] [监控中] 等待 30 秒...
[Tue Jan 13 09:28:05 CST 2026] [监控中] 当前最高GPU占用: 70%
[Tue Jan 13 09:28:05 CST 2026] [监控中] 等待 30 秒...
[Tue Jan 13 09:28:35 CST 2026] [监控中] 当前最高GPU占用: 66%
[Tue Jan 13 09:28:35 CST 2026] [监控中] 等待 30 秒...
[Tue Jan 13 09:29:05 CST 2026] [监控中] 当前最高GPU占用: 89%
[Tue Jan 13 09:29:05 CST 2026] [监控中] 等待 30 秒...
[Tue Jan 13 09:29:35 CST 2026] [监控中] 当前最高GPU占用: 68%
[Tue Jan 13 09:29:35 CST 2026] [监控中] 等待 30 秒...
[Tue Jan 13 09:30:05 CST 2026] [监控中] 当前最高GPU占用: 95%
[Tue Jan 13 09:30:05 CST 2026] [监控中] 等待 30 秒...
[Tue Jan 13 09:30:35 CST 2026] [监控中] 当前最高GPU占用: 69%
[Tue Jan 13 09:30:35 CST 2026] [监控中] 等待 30 秒...
[Tue Jan 13 09:31:05 CST 2026] [监控中] 当前最高GPU占用: 67%
[Tue Jan 13 09:31:05 CST 2026] [监控中] 等待 30 秒...
[Tue Jan 13 09:31:35 CST 2026] [监控中] 当前最高GPU占用: 100%
[Tue Jan 13 09:31:35 CST 2026] [监控中] 等待 30 秒...
[Tue Jan 13 09:32:05 CST 2026] [监控中] 当前最高GPU占用: 71%
[Tue Jan 13 09:32:05 CST 2026] [监控中] 等待 30 秒...
[Tue Jan 13 09:32:35 CST 2026] [监控中] 当前最高GPU占用: 95%
[Tue Jan 13 09:32:35 CST 2026] [监控中] 等待 30 秒...
[Tue Jan 13 09:33:05 CST 2026] [监控中] 当前最高GPU占用: 74%
[Tue Jan 13 09:33:05 CST 2026] [监控中] 等待 30 秒...
[Tue Jan 13 09:33:35 CST 2026] [监控中] 当前最高GPU占用: 100%
[Tue Jan 13 09:33:35 CST 2026] [监控中] 等待 30 秒...
[Tue Jan 13 09:34:05 CST 2026] [监控中] 当前最高GPU占用: 96%
[Tue Jan 13 09:34:05 CST 2026] [监控中] 等待 30 秒...
[Tue Jan 13 09:34:36 CST 2026] [监控中] 当前最高GPU占用: 100%
[Tue Jan 13 09:34:36 CST 2026] [监控中] 等待 30 秒...
[Tue Jan 13 09:35:06 CST 2026] [监控中] 当前最高GPU占用: 67%
[Tue Jan 13 09:35:06 CST 2026] [监控中] 等待 30 秒...
[Tue Jan 13 09:35:36 CST 2026] [监控中] 当前最高GPU占用: 87%
[Tue Jan 13 09:35:36 CST 2026] [监控中] 等待 30 秒...
[Tue Jan 13 09:36:06 CST 2026] [监控中] 当前最高GPU占用: 100%
[Tue Jan 13 09:36:06 CST 2026] [监控中] 等待 30 秒...
[Tue Jan 13 09:36:36 CST 2026] [监控中] 当前最高GPU占用: 95%
[Tue Jan 13 09:36:36 CST 2026] [监控中] 等待 30 秒...
[Tue Jan 13 09:37:06 CST 2026] [监控中] 当前最高GPU占用: 74%
[Tue Jan 13 09:37:06 CST 2026] [监控中] 等待 30 秒...
[Tue Jan 13 09:37:36 CST 2026] [监控中] 当前最高GPU占用: 100%
[Tue Jan 13 09:37:36 CST 2026] [监控中] 等待 30 秒...
[Tue Jan 13 09:38:06 CST 2026] [监控中] 当前最高GPU占用: 100%
[Tue Jan 13 09:38:06 CST 2026] [监控中] 等待 30 秒...
[Tue Jan 13 09:38:36 CST 2026] [监控中] 当前最高GPU占用: 95%
[Tue Jan 13 09:38:36 CST 2026] [监控中] 等待 30 秒...
[Tue Jan 13 09:39:06 CST 2026] [监控中] 当前最高GPU占用: 67%
[Tue Jan 13 09:39:06 CST 2026] [监控中] 等待 30 秒...
[Tue Jan 13 09:39:37 CST 2026] [监控中] 当前最高GPU占用: 100%
[Tue Jan 13 09:39:37 CST 2026] [监控中] 等待 30 秒...
[Tue Jan 13 09:40:07 CST 2026] [监控中] 当前最高GPU占用: 80%
[Tue Jan 13 09:40:07 CST 2026] [监控中] 等待 30 秒...
[Tue Jan 13 09:40:37 CST 2026] [监控中] 当前最高GPU占用: 100%
[Tue Jan 13 09:40:37 CST 2026] [监控中] 等待 30 秒...
[Tue Jan 13 09:41:07 CST 2026] [监控中] 当前最高GPU占用: 100%
[Tue Jan 13 09:41:07 CST 2026] [监控中] 等待 30 秒...
[Tue Jan 13 09:41:37 CST 2026] [监控中] 当前最高GPU占用: 95%
[Tue Jan 13 09:41:37 CST 2026] [监控中] 等待 30 秒...
[Tue Jan 13 09:42:07 CST 2026] [监控中] 当前最高GPU占用: 67%
[Tue Jan 13 09:42:07 CST 2026] [监控中] 等待 30 秒...
[Tue Jan 13 09:42:37 CST 2026] [监控中] 当前最高GPU占用: 69%
[Tue Jan 13 09:42:37 CST 2026] [监控中] 等待 30 秒...
[Tue Jan 13 09:43:07 CST 2026] [监控中] 当前最高GPU占用: 95%
[Tue Jan 13 09:43:07 CST 2026] [监控中] 等待 30 秒...
[Tue Jan 13 09:43:37 CST 2026] [监控中] 当前最高GPU占用: 68%
[Tue Jan 13 09:43:37 CST 2026] [监控中] 等待 30 秒...
[Tue Jan 13 09:44:07 CST 2026] [监控中] 当前最高GPU占用: 72%
[Tue Jan 13 09:44:07 CST 2026] [监控中] 等待 30 秒...
[Tue Jan 13 09:44:37 CST 2026] [监控中] 当前最高GPU占用: 100%
[Tue Jan 13 09:44:37 CST 2026] [监控中] 等待 30 秒...
[Tue Jan 13 09:45:08 CST 2026] [监控中] 当前最高GPU占用: 96%
[Tue Jan 13 09:45:08 CST 2026] [监控中] 等待 30 秒...
[Tue Jan 13 09:45:38 CST 2026] [监控中] 当前最高GPU占用: 62%
[Tue Jan 13 09:45:38 CST 2026] [监控中] 等待 30 秒...
[Tue Jan 13 09:46:08 CST 2026] [监控中] 当前最高GPU占用: 100%
[Tue Jan 13 09:46:08 CST 2026] [监控中] 等待 30 秒...
[Tue Jan 13 09:46:38 CST 2026] [监控中] 当前最高GPU占用: 70%
[Tue Jan 13 09:46:38 CST 2026] [监控中] 等待 30 秒...
[Tue Jan 13 09:47:08 CST 2026] [监控中] 当前最高GPU占用: 95%
[Tue Jan 13 09:47:08 CST 2026] [监控中] 等待 30 秒...
[Tue Jan 13 09:47:38 CST 2026] [监控中] 当前最高GPU占用: 100%
[Tue Jan 13 09:47:38 CST 2026] [监控中] 等待 30 秒...
[Tue Jan 13 09:48:08 CST 2026] [监控中] 当前最高GPU占用: 87%
[Tue Jan 13 09:48:08 CST 2026] [监控中] 等待 30 秒...
[Tue Jan 13 09:48:38 CST 2026] [监控中] 当前最高GPU占用: 100%
[Tue Jan 13 09:48:38 CST 2026] [监控中] 等待 30 秒...
[Tue Jan 13 09:49:08 CST 2026] [监控中] 当前最高GPU占用: 100%
[Tue Jan 13 09:49:08 CST 2026] [监控中] 等待 30 秒...
[Tue Jan 13 09:49:38 CST 2026] [监控中] 当前最高GPU占用: 96%
[Tue Jan 13 09:49:38 CST 2026] [监控中] 等待 30 秒...
[Tue Jan 13 09:50:08 CST 2026] [监控中] 当前最高GPU占用: 85%
[Tue Jan 13 09:50:08 CST 2026] [监控中] 等待 30 秒...
[Tue Jan 13 09:50:39 CST 2026] [监控中] 当前最高GPU占用: 97%
[Tue Jan 13 09:50:39 CST 2026] [监控中] 等待 30 秒...
[Tue Jan 13 09:51:09 CST 2026] [监控中] 当前最高GPU占用: 100%
[Tue Jan 13 09:51:09 CST 2026] [监控中] 等待 30 秒...
[Tue Jan 13 09:51:39 CST 2026] [监控中] 当前最高GPU占用: 99%
[Tue Jan 13 09:51:39 CST 2026] [监控中] 等待 30 秒...
[Tue Jan 13 09:52:09 CST 2026] [监控中] 当前最高GPU占用: 96%
[Tue Jan 13 09:52:09 CST 2026] [监控中] 等待 30 秒...
[Tue Jan 13 09:52:39 CST 2026] [监控中] 当前最高GPU占用: 68%
[Tue Jan 13 09:52:39 CST 2026] [监控中] 等待 30 秒...
[Tue Jan 13 09:53:09 CST 2026] [监控中] 当前最高GPU占用: 96%
[Tue Jan 13 09:53:09 CST 2026] [监控中] 等待 30 秒...
[Tue Jan 13 09:53:39 CST 2026] [监控中] 当前最高GPU占用: 67%
[Tue Jan 13 09:53:39 CST 2026] [监控中] 等待 30 秒...
[Tue Jan 13 09:54:09 CST 2026] [监控中] 当前最高GPU占用: 65%
[Tue Jan 13 09:54:09 CST 2026] [监控中] 等待 30 秒...
[Tue Jan 13 09:54:39 CST 2026] [监控中] 当前最高GPU占用: 100%
[Tue Jan 13 09:54:39 CST 2026] [监控中] 等待 30 秒...
[Tue Jan 13 09:55:09 CST 2026] [监控中] 当前最高GPU占用: 68%
[Tue Jan 13 09:55:09 CST 2026] [监控中] 等待 30 秒...
[Tue Jan 13 09:55:40 CST 2026] [监控中] 当前最高GPU占用: 95%
[Tue Jan 13 09:55:40 CST 2026] [监控中] 等待 30 秒...
[Tue Jan 13 09:56:10 CST 2026] [监控中] 当前最高GPU占用: 98%
[Tue Jan 13 09:56:10 CST 2026] [监控中] 等待 30 秒...
[Tue Jan 13 09:56:40 CST 2026] [监控中] 当前最高GPU占用: 82%
[Tue Jan 13 09:56:40 CST 2026] [监控中] 等待 30 秒...
[Tue Jan 13 09:57:10 CST 2026] [监控中] 当前最高GPU占用: 95%
[Tue Jan 13 09:57:10 CST 2026] [监控中] 等待 30 秒...
[Tue Jan 13 09:57:40 CST 2026] [监控中] 当前最高GPU占用: 96%
[Tue Jan 13 09:57:40 CST 2026] [监控中] 等待 30 秒...
[Tue Jan 13 09:58:10 CST 2026] [监控中] 当前最高GPU占用: 95%
[Tue Jan 13 09:58:10 CST 2026] [监控中] 等待 30 秒...
[Tue Jan 13 09:58:40 CST 2026] [监控中] 当前最高GPU占用: 64%
[Tue Jan 13 09:58:40 CST 2026] [监控中] 等待 30 秒...
[Tue Jan 13 09:59:10 CST 2026] [监控中] 当前最高GPU占用: 96%
[Tue Jan 13 09:59:10 CST 2026] [监控中] 等待 30 秒...
[Tue Jan 13 09:59:40 CST 2026] [监控中] 当前最高GPU占用: 96%
[Tue Jan 13 09:59:40 CST 2026] [监控中] 等待 30 秒...
[Tue Jan 13 10:00:10 CST 2026] [监控中] 当前最高GPU占用: 70%
[Tue Jan 13 10:00:10 CST 2026] [监控中] 等待 30 秒...
[Tue Jan 13 10:00:40 CST 2026] [监控中] 当前最高GPU占用: 69%
[Tue Jan 13 10:00:40 CST 2026] [监控中] 等待 30 秒...
[Tue Jan 13 10:01:11 CST 2026] [监控中] 当前最高GPU占用: 67%
[Tue Jan 13 10:01:11 CST 2026] [监控中] 等待 30 秒...
[Tue Jan 13 10:01:41 CST 2026] [监控中] 当前最高GPU占用: 96%
[Tue Jan 13 10:01:41 CST 2026] [监控中] 等待 30 秒...
[Tue Jan 13 10:02:11 CST 2026] [监控中] 当前最高GPU占用: 66%
[Tue Jan 13 10:02:11 CST 2026] [监控中] 等待 30 秒...
[Tue Jan 13 10:02:41 CST 2026] [监控中] 当前最高GPU占用: 100%
[Tue Jan 13 10:02:41 CST 2026] [监控中] 等待 30 秒...
[Tue Jan 13 10:03:11 CST 2026] [监控中] 当前最高GPU占用: 100%
[Tue Jan 13 10:03:11 CST 2026] [监控中] 等待 30 秒...
[Tue Jan 13 10:03:41 CST 2026] [监控中] 当前最高GPU占用: 63%
[Tue Jan 13 10:03:41 CST 2026] [监控中] 等待 30 秒...
[Tue Jan 13 10:04:11 CST 2026] [监控中] 当前最高GPU占用: 98%
[Tue Jan 13 10:04:11 CST 2026] [监控中] 等待 30 秒...
[Tue Jan 13 10:04:41 CST 2026] [监控中] 当前最高GPU占用: 100%
[Tue Jan 13 10:04:41 CST 2026] [监控中] 等待 30 秒...
[Tue Jan 13 10:05:11 CST 2026] [监控中] 当前最高GPU占用: 96%
[Tue Jan 13 10:05:11 CST 2026] [监控中] 等待 30 秒...
[Tue Jan 13 10:05:41 CST 2026] [监控中] 当前最高GPU占用: 97%
[Tue Jan 13 10:05:41 CST 2026] [监控中] 等待 30 秒...
[Tue Jan 13 10:06:11 CST 2026] [监控中] 当前最高GPU占用: 96%
[Tue Jan 13 10:06:11 CST 2026] [监控中] 等待 30 秒...
[Tue Jan 13 10:06:42 CST 2026] [监控中] 当前最高GPU占用: 96%
[Tue Jan 13 10:06:42 CST 2026] [监控中] 等待 30 秒...
[Tue Jan 13 10:07:12 CST 2026] [监控中] 当前最高GPU占用: 96%
[Tue Jan 13 10:07:12 CST 2026] [监控中] 等待 30 秒...
[Tue Jan 13 10:07:42 CST 2026] [监控中] 当前最高GPU占用: 68%
[Tue Jan 13 10:07:42 CST 2026] [监控中] 等待 30 秒...
[Tue Jan 13 10:08:12 CST 2026] [监控中] 当前最高GPU占用: 94%
[Tue Jan 13 10:08:12 CST 2026] [监控中] 等待 30 秒...
[Tue Jan 13 10:08:42 CST 2026] [监控中] 当前最高GPU占用: 66%
[Tue Jan 13 10:08:42 CST 2026] [监控中] 等待 30 秒...
[Tue Jan 13 10:09:12 CST 2026] [监控中] 当前最高GPU占用: 100%
[Tue Jan 13 10:09:12 CST 2026] [监控中] 等待 30 秒...
[Tue Jan 13 10:09:42 CST 2026] [监控中] 当前最高GPU占用: 66%
[Tue Jan 13 10:09:42 CST 2026] [监控中] 等待 30 秒...
[Tue Jan 13 10:10:12 CST 2026] [监控中] 当前最高GPU占用: 88%
[Tue Jan 13 10:10:12 CST 2026] [监控中] 等待 30 秒...
[Tue Jan 13 10:10:42 CST 2026] [监控中] 当前最高GPU占用: 100%
[Tue Jan 13 10:10:42 CST 2026] [监控中] 等待 30 秒...
[Tue Jan 13 10:11:12 CST 2026] [监控中] 当前最高GPU占用: 100%
[Tue Jan 13 10:11:12 CST 2026] [监控中] 等待 30 秒...
[Tue Jan 13 10:11:43 CST 2026] [监控中] 当前最高GPU占用: 91%
[Tue Jan 13 10:11:43 CST 2026] [监控中] 等待 30 秒...
[Tue Jan 13 10:12:13 CST 2026] [监控中] 当前最高GPU占用: 92%
[Tue Jan 13 10:12:13 CST 2026] [监控中] 等待 30 秒...
[Tue Jan 13 10:12:43 CST 2026] [监控中] 当前最高GPU占用: 67%
[Tue Jan 13 10:12:43 CST 2026] [监控中] 等待 30 秒...
[Tue Jan 13 10:13:13 CST 2026] [监控中] 当前最高GPU占用: 96%
[Tue Jan 13 10:13:13 CST 2026] [监控中] 等待 30 秒...
[Tue Jan 13 10:13:43 CST 2026] [监控中] 当前最高GPU占用: 62%
[Tue Jan 13 10:13:43 CST 2026] [监控中] 等待 30 秒...
[Tue Jan 13 10:14:13 CST 2026] [监控中] 当前最高GPU占用: 100%
[Tue Jan 13 10:14:13 CST 2026] [监控中] 等待 30 秒...
[Tue Jan 13 10:14:43 CST 2026] [监控中] 当前最高GPU占用: 68%
[Tue Jan 13 10:14:43 CST 2026] [监控中] 等待 30 秒...
[Tue Jan 13 10:15:13 CST 2026] [监控中] 当前最高GPU占用: 93%
[Tue Jan 13 10:15:13 CST 2026] [监控中] 等待 30 秒...
[Tue Jan 13 10:15:43 CST 2026] [监控中] 当前最高GPU占用: 65%
[Tue Jan 13 10:15:43 CST 2026] [监控中] 等待 30 秒...
[Tue Jan 13 10:16:13 CST 2026] [监控中] 当前最高GPU占用: 100%
[Tue Jan 13 10:16:13 CST 2026] [监控中] 等待 30 秒...
[Tue Jan 13 10:16:44 CST 2026] [监控中] 当前最高GPU占用: 100%
[Tue Jan 13 10:16:44 CST 2026] [监控中] 等待 30 秒...
[Tue Jan 13 10:17:14 CST 2026] [监控中] 当前最高GPU占用: 100%
[Tue Jan 13 10:17:14 CST 2026] [监控中] 等待 30 秒...
[Tue Jan 13 10:17:44 CST 2026] [监控中] 当前最高GPU占用: 67%
[Tue Jan 13 10:17:44 CST 2026] [监控中] 等待 30 秒...
[Tue Jan 13 10:18:14 CST 2026] [监控中] 当前最高GPU占用: 100%
[Tue Jan 13 10:18:14 CST 2026] [监控中] 等待 30 秒...
[Tue Jan 13 10:18:44 CST 2026] [监控中] 当前最高GPU占用: 95%
[Tue Jan 13 10:18:44 CST 2026] [监控中] 等待 30 秒...
[Tue Jan 13 10:19:14 CST 2026] [监控中] 当前最高GPU占用: 72%
[Tue Jan 13 10:19:14 CST 2026] [监控中] 等待 30 秒...
[Tue Jan 13 10:19:44 CST 2026] [监控中] 当前最高GPU占用: 100%
[Tue Jan 13 10:19:44 CST 2026] [监控中] 等待 30 秒...
[Tue Jan 13 10:20:14 CST 2026] [监控中] 当前最高GPU占用: 64%
[Tue Jan 13 10:20:14 CST 2026] [监控中] 等待 30 秒...
[Tue Jan 13 10:20:44 CST 2026] [监控中] 当前最高GPU占用: 100%
[Tue Jan 13 10:20:44 CST 2026] [监控中] 等待 30 秒...
[Tue Jan 13 10:21:14 CST 2026] [监控中] 当前最高GPU占用: 84%
[Tue Jan 13 10:21:14 CST 2026] [监控中] 等待 30 秒...
[Tue Jan 13 10:21:44 CST 2026] [监控中] 当前最高GPU占用: 95%
[Tue Jan 13 10:21:44 CST 2026] [监控中] 等待 30 秒...
[Tue Jan 13 10:22:15 CST 2026] [监控中] 当前最高GPU占用: 96%
[Tue Jan 13 10:22:15 CST 2026] [监控中] 等待 30 秒...
[Tue Jan 13 10:22:45 CST 2026] [监控中] 当前最高GPU占用: 100%
[Tue Jan 13 10:22:45 CST 2026] [监控中] 等待 30 秒...
[Tue Jan 13 10:23:15 CST 2026] [监控中] 当前最高GPU占用: 65%
[Tue Jan 13 10:23:15 CST 2026] [监控中] 等待 30 秒...
[Tue Jan 13 10:23:45 CST 2026] [监控中] 当前最高GPU占用: 100%
[Tue Jan 13 10:23:45 CST 2026] [监控中] 等待 30 秒...
[Tue Jan 13 10:24:15 CST 2026] [监控中] 当前最高GPU占用: 59%
[Tue Jan 13 10:24:15 CST 2026] [监控中] 等待 30 秒...
[Tue Jan 13 10:24:45 CST 2026] [监控中] 当前最高GPU占用: 95%
[Tue Jan 13 10:24:45 CST 2026] [监控中] 等待 30 秒...
[Tue Jan 13 10:25:15 CST 2026] [监控中] 当前最高GPU占用: 100%
[Tue Jan 13 10:25:15 CST 2026] [监控中] 等待 30 秒...
[Tue Jan 13 10:25:45 CST 2026] [监控中] 当前最高GPU占用: 67%
[Tue Jan 13 10:25:45 CST 2026] [监控中] 等待 30 秒...
[Tue Jan 13 10:26:15 CST 2026] [监控中] 当前最高GPU占用: 69%
[Tue Jan 13 10:26:15 CST 2026] [监控中] 等待 30 秒...
[Tue Jan 13 10:26:45 CST 2026] [监控中] 当前最高GPU占用: 96%
[Tue Jan 13 10:26:45 CST 2026] [监控中] 等待 30 秒...
[Tue Jan 13 10:27:15 CST 2026] [监控中] 当前最高GPU占用: 96%
[Tue Jan 13 10:27:15 CST 2026] [监控中] 等待 30 秒...
[Tue Jan 13 10:27:45 CST 2026] [监控中] 当前最高GPU占用: 87%
[Tue Jan 13 10:27:45 CST 2026] [监控中] 等待 30 秒...
[Tue Jan 13 10:28:15 CST 2026] [监控中] 当前最高GPU占用: 66%
[Tue Jan 13 10:28:15 CST 2026] [监控中] 等待 30 秒...
[Tue Jan 13 10:28:46 CST 2026] [监控中] 当前最高GPU占用: 77%
[Tue Jan 13 10:28:46 CST 2026] [监控中] 等待 30 秒...
[Tue Jan 13 10:29:16 CST 2026] [监控中] 当前最高GPU占用: 94%
[Tue Jan 13 10:29:16 CST 2026] [监控中] 等待 30 秒...
[Tue Jan 13 10:29:46 CST 2026] [监控中] 当前最高GPU占用: 96%
[Tue Jan 13 10:29:46 CST 2026] [监控中] 等待 30 秒...
[Tue Jan 13 10:30:16 CST 2026] [监控中] 当前最高GPU占用: 96%
[Tue Jan 13 10:30:16 CST 2026] [监控中] 等待 30 秒...
[Tue Jan 13 10:30:46 CST 2026] [监控中] 当前最高GPU占用: 96%
[Tue Jan 13 10:30:46 CST 2026] [监控中] 等待 30 秒...
[Tue Jan 13 10:31:16 CST 2026] [监控中] 当前最高GPU占用: 96%
[Tue Jan 13 10:31:16 CST 2026] [监控中] 等待 30 秒...
[Tue Jan 13 10:31:46 CST 2026] [监控中] 当前最高GPU占用: 100%
[Tue Jan 13 10:31:46 CST 2026] [监控中] 等待 30 秒...
[Tue Jan 13 10:32:16 CST 2026] [监控中] 当前最高GPU占用: 100%
[Tue Jan 13 10:32:16 CST 2026] [监控中] 等待 30 秒...
[Tue Jan 13 10:32:46 CST 2026] [监控中] 当前最高GPU占用: 71%
[Tue Jan 13 10:32:46 CST 2026] [监控中] 等待 30 秒...
[Tue Jan 13 10:33:17 CST 2026] [监控中] 当前最高GPU占用: 69%
[Tue Jan 13 10:33:17 CST 2026] [监控中] 等待 30 秒...
[Tue Jan 13 10:33:47 CST 2026] [监控中] 当前最高GPU占用: 100%
[Tue Jan 13 10:33:47 CST 2026] [监控中] 等待 30 秒...
[Tue Jan 13 10:34:17 CST 2026] [监控中] 当前最高GPU占用: 96%
[Tue Jan 13 10:34:17 CST 2026] [监控中] 等待 30 秒...
[Tue Jan 13 10:34:47 CST 2026] [监控中] 当前最高GPU占用: 96%
[Tue Jan 13 10:34:47 CST 2026] [监控中] 等待 30 秒...
[Tue Jan 13 10:35:17 CST 2026] [监控中] 当前最高GPU占用: 66%
[Tue Jan 13 10:35:17 CST 2026] [监控中] 等待 30 秒...
[Tue Jan 13 10:35:47 CST 2026] [监控中] 当前最高GPU占用: 100%
[Tue Jan 13 10:35:47 CST 2026] [监控中] 等待 30 秒...
[Tue Jan 13 10:36:17 CST 2026] [监控中] 当前最高GPU占用: 67%
[Tue Jan 13 10:36:17 CST 2026] [监控中] 等待 30 秒...
[Tue Jan 13 10:36:47 CST 2026] [监控中] 当前最高GPU占用: 96%
[Tue Jan 13 10:36:47 CST 2026] [监控中] 等待 30 秒...
[Tue Jan 13 10:37:17 CST 2026] [监控中] 当前最高GPU占用: 95%
[Tue Jan 13 10:37:17 CST 2026] [监控中] 等待 30 秒...
[Tue Jan 13 10:37:47 CST 2026] [监控中] 当前最高GPU占用: 66%
[Tue Jan 13 10:37:47 CST 2026] [监控中] 等待 30 秒...
[Tue Jan 13 10:38:18 CST 2026] [监控中] 当前最高GPU占用: 95%
[Tue Jan 13 10:38:18 CST 2026] [监控中] 等待 30 秒...
[Tue Jan 13 10:38:48 CST 2026] [监控中] 当前最高GPU占用: 100%
[Tue Jan 13 10:38:48 CST 2026] [监控中] 等待 30 秒...
[Tue Jan 13 10:39:18 CST 2026] [监控中] 当前最高GPU占用: 95%
[Tue Jan 13 10:39:18 CST 2026] [监控中] 等待 30 秒...
[Tue Jan 13 10:39:48 CST 2026] [监控中] 当前最高GPU占用: 100%
[Tue Jan 13 10:39:48 CST 2026] [监控中] 等待 30 秒...
[Tue Jan 13 10:40:18 CST 2026] [监控中] 当前最高GPU占用: 96%
[Tue Jan 13 10:40:18 CST 2026] [监控中] 等待 30 秒...
[Tue Jan 13 10:40:48 CST 2026] [监控中] 当前最高GPU占用: 95%
[Tue Jan 13 10:40:48 CST 2026] [监控中] 等待 30 秒...
[Tue Jan 13 10:41:18 CST 2026] [监控中] 当前最高GPU占用: 100%
[Tue Jan 13 10:41:18 CST 2026] [监控中] 等待 30 秒...
[Tue Jan 13 10:41:48 CST 2026] [监控中] 当前最高GPU占用: 79%
[Tue Jan 13 10:41:48 CST 2026] [监控中] 等待 30 秒...
[Tue Jan 13 10:42:18 CST 2026] [监控中] 当前最高GPU占用: 100%
[Tue Jan 13 10:42:18 CST 2026] [监控中] 等待 30 秒...
[Tue Jan 13 10:42:48 CST 2026] [监控中] 当前最高GPU占用: 96%
[Tue Jan 13 10:42:48 CST 2026] [监控中] 等待 30 秒...
[Tue Jan 13 10:43:18 CST 2026] [监控中] 当前最高GPU占用: 100%
[Tue Jan 13 10:43:18 CST 2026] [监控中] 等待 30 秒...
[Tue Jan 13 10:43:49 CST 2026] [监控中] 当前最高GPU占用: 85%
[Tue Jan 13 10:43:49 CST 2026] [监控中] 等待 30 秒...
[Tue Jan 13 10:44:19 CST 2026] [监控中] 当前最高GPU占用: 100%
[Tue Jan 13 10:44:19 CST 2026] [监控中] 等待 30 秒...
[Tue Jan 13 10:44:49 CST 2026] [监控中] 当前最高GPU占用: 96%
[Tue Jan 13 10:44:49 CST 2026] [监控中] 等待 30 秒...
[Tue Jan 13 10:45:19 CST 2026] [监控中] 当前最高GPU占用: 100%
[Tue Jan 13 10:45:19 CST 2026] [监控中] 等待 30 秒...
[Tue Jan 13 10:45:49 CST 2026] [监控中] 当前最高GPU占用: 96%
[Tue Jan 13 10:45:49 CST 2026] [监控中] 等待 30 秒...
[Tue Jan 13 10:46:19 CST 2026] [监控中] 当前最高GPU占用: 100%
[Tue Jan 13 10:46:19 CST 2026] [监控中] 等待 30 秒...
[Tue Jan 13 10:46:49 CST 2026] [监控中] 当前最高GPU占用: 100%
[Tue Jan 13 10:46:49 CST 2026] [监控中] 等待 30 秒...
[Tue Jan 13 10:47:19 CST 2026] [监控中] 当前最高GPU占用: 95%
[Tue Jan 13 10:47:19 CST 2026] [监控中] 等待 30 秒...
[Tue Jan 13 10:47:49 CST 2026] [监控中] 当前最高GPU占用: 96%
[Tue Jan 13 10:47:49 CST 2026] [监控中] 等待 30 秒...
[Tue Jan 13 10:48:19 CST 2026] [监控中] 当前最高GPU占用: 95%
[Tue Jan 13 10:48:19 CST 2026] [监控中] 等待 30 秒...
[Tue Jan 13 10:48:49 CST 2026] [监控中] 当前最高GPU占用: 95%
[Tue Jan 13 10:48:49 CST 2026] [监控中] 等待 30 秒...
[Tue Jan 13 10:49:20 CST 2026] [监控中] 当前最高GPU占用: 100%
[Tue Jan 13 10:49:20 CST 2026] [监控中] 等待 30 秒...
[Tue Jan 13 10:49:50 CST 2026] [监控中] 当前最高GPU占用: 76%
[Tue Jan 13 10:49:50 CST 2026] [监控中] 等待 30 秒...
[Tue Jan 13 10:50:20 CST 2026] [监控中] 当前最高GPU占用: 66%
[Tue Jan 13 10:50:20 CST 2026] [监控中] 等待 30 秒...
[Tue Jan 13 10:50:50 CST 2026] [监控中] 当前最高GPU占用: 100%
[Tue Jan 13 10:50:50 CST 2026] [监控中] 等待 30 秒...
[Tue Jan 13 10:51:20 CST 2026] [监控中] 当前最高GPU占用: 93%
[Tue Jan 13 10:51:20 CST 2026] [监控中] 等待 30 秒...
[Tue Jan 13 10:51:50 CST 2026] [监控中] 当前最高GPU占用: 100%
[Tue Jan 13 10:51:50 CST 2026] [监控中] 等待 30 秒...
[Tue Jan 13 10:52:20 CST 2026] [监控中] 当前最高GPU占用: 100%
[Tue Jan 13 10:52:20 CST 2026] [监控中] 等待 30 秒...
[Tue Jan 13 10:52:50 CST 2026] [监控中] 当前最高GPU占用: 81%
[Tue Jan 13 10:52:50 CST 2026] [监控中] 等待 30 秒...
[Tue Jan 13 10:53:20 CST 2026] [监控中] 当前最高GPU占用: 82%
[Tue Jan 13 10:53:20 CST 2026] [监控中] 等待 30 秒...
[Tue Jan 13 10:53:50 CST 2026] [监控中] 当前最高GPU占用: 80%
[Tue Jan 13 10:53:50 CST 2026] [监控中] 等待 30 秒...
[Tue Jan 13 10:54:20 CST 2026] [监控中] 当前最高GPU占用: 95%
[Tue Jan 13 10:54:20 CST 2026] [监控中] 等待 30 秒...
[Tue Jan 13 10:54:50 CST 2026] [监控中] 当前最高GPU占用: 96%
[Tue Jan 13 10:54:50 CST 2026] [监控中] 等待 30 秒...
[Tue Jan 13 10:55:21 CST 2026] [监控中] 当前最高GPU占用: 96%
[Tue Jan 13 10:55:21 CST 2026] [监控中] 等待 30 秒...
[Tue Jan 13 10:55:51 CST 2026] [监控中] 当前最高GPU占用: 64%
[Tue Jan 13 10:55:51 CST 2026] [监控中] 等待 30 秒...
[Tue Jan 13 10:56:21 CST 2026] [监控中] 当前最高GPU占用: 96%
[Tue Jan 13 10:56:21 CST 2026] [监控中] 等待 30 秒...
[Tue Jan 13 10:56:51 CST 2026] [监控中] 当前最高GPU占用: 69%
[Tue Jan 13 10:56:51 CST 2026] [监控中] 等待 30 秒...
[Tue Jan 13 10:57:21 CST 2026] [监控中] 当前最高GPU占用: 80%
[Tue Jan 13 10:57:21 CST 2026] [监控中] 等待 30 秒...
[Tue Jan 13 10:57:51 CST 2026] [监控中] 当前最高GPU占用: 68%
[Tue Jan 13 10:57:51 CST 2026] [监控中] 等待 30 秒...
[Tue Jan 13 10:58:21 CST 2026] [监控中] 当前最高GPU占用: 92%
[Tue Jan 13 10:58:21 CST 2026] [监控中] 等待 30 秒...
[Tue Jan 13 10:58:51 CST 2026] [监控中] 当前最高GPU占用: 100%
[Tue Jan 13 10:58:51 CST 2026] [监控中] 等待 30 秒...
[Tue Jan 13 10:59:21 CST 2026] [监控中] 当前最高GPU占用: 100%
[Tue Jan 13 10:59:21 CST 2026] [监控中] 等待 30 秒...
[Tue Jan 13 10:59:51 CST 2026] [监控中] 当前最高GPU占用: 95%
[Tue Jan 13 10:59:51 CST 2026] [监控中] 等待 30 秒...
[Tue Jan 13 11:00:22 CST 2026] [监控中] 当前最高GPU占用: 100%
[Tue Jan 13 11:00:22 CST 2026] [监控中] 等待 30 秒...
[Tue Jan 13 11:00:52 CST 2026] [监控中] 当前最高GPU占用: 92%
[Tue Jan 13 11:00:52 CST 2026] [监控中] 等待 30 秒...
[Tue Jan 13 11:01:22 CST 2026] [监控中] 当前最高GPU占用: 95%
[Tue Jan 13 11:01:22 CST 2026] [监控中] 等待 30 秒...
[Tue Jan 13 11:01:52 CST 2026] [监控中] 当前最高GPU占用: 100%
[Tue Jan 13 11:01:52 CST 2026] [监控中] 等待 30 秒...
[Tue Jan 13 11:02:22 CST 2026] [监控中] 当前最高GPU占用: 68%
[Tue Jan 13 11:02:22 CST 2026] [监控中] 等待 30 秒...
[Tue Jan 13 11:02:52 CST 2026] [监控中] 当前最高GPU占用: 100%
[Tue Jan 13 11:02:52 CST 2026] [监控中] 等待 30 秒...
[Tue Jan 13 11:03:22 CST 2026] [监控中] 当前最高GPU占用: 100%
[Tue Jan 13 11:03:22 CST 2026] [监控中] 等待 30 秒...
[Tue Jan 13 11:03:52 CST 2026] [监控中] 当前最高GPU占用: 95%
[Tue Jan 13 11:03:52 CST 2026] [监控中] 等待 30 秒...
[Tue Jan 13 11:04:22 CST 2026] [监控中] 当前最高GPU占用: 100%
[Tue Jan 13 11:04:22 CST 2026] [监控中] 等待 30 秒...
[Tue Jan 13 11:04:53 CST 2026] [监控中] 当前最高GPU占用: 77%
[Tue Jan 13 11:04:53 CST 2026] [监控中] 等待 30 秒...
[Tue Jan 13 11:05:23 CST 2026] [监控中] 当前最高GPU占用: 67%
[Tue Jan 13 11:05:23 CST 2026] [监控中] 等待 30 秒...
[Tue Jan 13 11:05:53 CST 2026] [监控中] 当前最高GPU占用: 75%
[Tue Jan 13 11:05:53 CST 2026] [监控中] 等待 30 秒...
[Tue Jan 13 11:06:23 CST 2026] [监控中] 当前最高GPU占用: 95%
[Tue Jan 13 11:06:23 CST 2026] [监控中] 等待 30 秒...
[Tue Jan 13 11:06:53 CST 2026] [监控中] 当前最高GPU占用: 98%
[Tue Jan 13 11:06:53 CST 2026] [监控中] 等待 30 秒...
[Tue Jan 13 11:07:23 CST 2026] [监控中] 当前最高GPU占用: 93%
[Tue Jan 13 11:07:23 CST 2026] [监控中] 等待 30 秒...
[Tue Jan 13 11:07:53 CST 2026] [监控中] 当前最高GPU占用: 70%
[Tue Jan 13 11:07:53 CST 2026] [监控中] 等待 30 秒...
[Tue Jan 13 11:08:23 CST 2026] [监控中] 当前最高GPU占用: 67%
[Tue Jan 13 11:08:23 CST 2026] [监控中] 等待 30 秒...
[Tue Jan 13 11:08:53 CST 2026] [监控中] 当前最高GPU占用: 95%
[Tue Jan 13 11:08:53 CST 2026] [监控中] 等待 30 秒...
[Tue Jan 13 11:09:24 CST 2026] [监控中] 当前最高GPU占用: 95%
[Tue Jan 13 11:09:24 CST 2026] [监控中] 等待 30 秒...
[Tue Jan 13 11:09:54 CST 2026] [监控中] 当前最高GPU占用: 95%
[Tue Jan 13 11:09:54 CST 2026] [监控中] 等待 30 秒...
[Tue Jan 13 11:10:24 CST 2026] [监控中] 当前最高GPU占用: 95%
[Tue Jan 13 11:10:24 CST 2026] [监控中] 等待 30 秒...
[Tue Jan 13 11:10:54 CST 2026] [监控中] 当前最高GPU占用: 68%
[Tue Jan 13 11:10:54 CST 2026] [监控中] 等待 30 秒...
[Tue Jan 13 11:11:24 CST 2026] [监控中] 当前最高GPU占用: 95%
[Tue Jan 13 11:11:24 CST 2026] [监控中] 等待 30 秒...
[Tue Jan 13 11:11:54 CST 2026] [监控中] 当前最高GPU占用: 72%
[Tue Jan 13 11:11:54 CST 2026] [监控中] 等待 30 秒...
[Tue Jan 13 11:12:24 CST 2026] [监控中] 当前最高GPU占用: 94%
[Tue Jan 13 11:12:24 CST 2026] [监控中] 等待 30 秒...
[Tue Jan 13 11:12:54 CST 2026] [监控中] 当前最高GPU占用: 100%
[Tue Jan 13 11:12:54 CST 2026] [监控中] 等待 30 秒...
[Tue Jan 13 11:13:24 CST 2026] [监控中] 当前最高GPU占用: 100%
[Tue Jan 13 11:13:24 CST 2026] [监控中] 等待 30 秒...
[Tue Jan 13 11:13:55 CST 2026] [监控中] 当前最高GPU占用: 95%
[Tue Jan 13 11:13:55 CST 2026] [监控中] 等待 30 秒...
[Tue Jan 13 11:14:25 CST 2026] [监控中] 当前最高GPU占用: 63%
[Tue Jan 13 11:14:25 CST 2026] [监控中] 等待 30 秒...
[Tue Jan 13 11:14:55 CST 2026] [监控中] 当前最高GPU占用: 100%
[Tue Jan 13 11:14:55 CST 2026] [监控中] 等待 30 秒...
[Tue Jan 13 11:15:25 CST 2026] [监控中] 当前最高GPU占用: 95%
[Tue Jan 13 11:15:25 CST 2026] [监控中] 等待 30 秒...
[Tue Jan 13 11:15:55 CST 2026] [监控中] 当前最高GPU占用: 78%
[Tue Jan 13 11:15:55 CST 2026] [监控中] 等待 30 秒...
[Tue Jan 13 11:16:25 CST 2026] [监控中] 当前最高GPU占用: 60%
[Tue Jan 13 11:16:25 CST 2026] [监控中] 等待 30 秒...
[Tue Jan 13 11:16:55 CST 2026] [监控中] 当前最高GPU占用: 93%
[Tue Jan 13 11:16:55 CST 2026] [监控中] 等待 30 秒...
[Tue Jan 13 11:17:25 CST 2026] [监控中] 当前最高GPU占用: 95%
[Tue Jan 13 11:17:25 CST 2026] [监控中] 等待 30 秒...
[Tue Jan 13 11:17:55 CST 2026] [监控中] 当前最高GPU占用: 100%
[Tue Jan 13 11:17:55 CST 2026] [监控中] 等待 30 秒...
[Tue Jan 13 11:18:25 CST 2026] [监控中] 当前最高GPU占用: 100%
[Tue Jan 13 11:18:25 CST 2026] [监控中] 等待 30 秒...
[Tue Jan 13 11:18:55 CST 2026] [监控中] 当前最高GPU占用: 97%
[Tue Jan 13 11:18:55 CST 2026] [监控中] 等待 30 秒...
[Tue Jan 13 11:19:26 CST 2026] [监控中] 当前最高GPU占用: 98%
[Tue Jan 13 11:19:26 CST 2026] [监控中] 等待 30 秒...
[Tue Jan 13 11:19:56 CST 2026] [监控中] 当前最高GPU占用: 95%
[Tue Jan 13 11:19:56 CST 2026] [监控中] 等待 30 秒...
[Tue Jan 13 11:20:26 CST 2026] [监控中] 当前最高GPU占用: 100%
[Tue Jan 13 11:20:26 CST 2026] [监控中] 等待 30 秒...
[Tue Jan 13 11:20:56 CST 2026] [监控中] 当前最高GPU占用: 95%
[Tue Jan 13 11:20:56 CST 2026] [监控中] 等待 30 秒...
[Tue Jan 13 11:21:26 CST 2026] [监控中] 当前最高GPU占用: 95%
[Tue Jan 13 11:21:26 CST 2026] [监控中] 等待 30 秒...
[Tue Jan 13 11:21:56 CST 2026] [监控中] 当前最高GPU占用: 95%
[Tue Jan 13 11:21:56 CST 2026] [监控中] 等待 30 秒...
[Tue Jan 13 11:22:26 CST 2026] [监控中] 当前最高GPU占用: 100%
[Tue Jan 13 11:22:26 CST 2026] [监控中] 等待 30 秒...
[Tue Jan 13 11:22:56 CST 2026] [监控中] 当前最高GPU占用: 65%
[Tue Jan 13 11:22:56 CST 2026] [监控中] 等待 30 秒...
[Tue Jan 13 11:23:26 CST 2026] [监控中] 当前最高GPU占用: 80%
[Tue Jan 13 11:23:26 CST 2026] [监控中] 等待 30 秒...
[Tue Jan 13 11:23:56 CST 2026] [监控中] 当前最高GPU占用: 100%
[Tue Jan 13 11:23:56 CST 2026] [监控中] 等待 30 秒...
[Tue Jan 13 11:24:27 CST 2026] [监控中] 当前最高GPU占用: 67%
[Tue Jan 13 11:24:27 CST 2026] [监控中] 等待 30 秒...
[Tue Jan 13 11:24:57 CST 2026] [监控中] 当前最高GPU占用: 100%
[Tue Jan 13 11:24:57 CST 2026] [监控中] 等待 30 秒...
[Tue Jan 13 11:25:27 CST 2026] [监控中] 当前最高GPU占用: 82%
[Tue Jan 13 11:25:27 CST 2026] [监控中] 等待 30 秒...
[Tue Jan 13 11:25:57 CST 2026] [监控中] 当前最高GPU占用: 75%
[Tue Jan 13 11:25:57 CST 2026] [监控中] 等待 30 秒...
[Tue Jan 13 11:26:27 CST 2026] [监控中] 当前最高GPU占用: 100%
[Tue Jan 13 11:26:27 CST 2026] [监控中] 等待 30 秒...
[Tue Jan 13 11:26:57 CST 2026] [监控中] 当前最高GPU占用: 96%
[Tue Jan 13 11:26:57 CST 2026] [监控中] 等待 30 秒...
[Tue Jan 13 11:27:27 CST 2026] [监控中] 当前最高GPU占用: 67%
[Tue Jan 13 11:27:27 CST 2026] [监控中] 等待 30 秒...
[Tue Jan 13 11:27:57 CST 2026] [监控中] 当前最高GPU占用: 100%
[Tue Jan 13 11:27:57 CST 2026] [监控中] 等待 30 秒...
[Tue Jan 13 11:28:27 CST 2026] [监控中] 当前最高GPU占用: 88%
[Tue Jan 13 11:28:27 CST 2026] [监控中] 等待 30 秒...
[Tue Jan 13 11:28:57 CST 2026] [监控中] 当前最高GPU占用: 96%
[Tue Jan 13 11:28:57 CST 2026] [监控中] 等待 30 秒...
[Tue Jan 13 11:29:28 CST 2026] [监控中] 当前最高GPU占用: 78%
[Tue Jan 13 11:29:28 CST 2026] [监控中] 等待 30 秒...
[Tue Jan 13 11:29:58 CST 2026] [监控中] 当前最高GPU占用: 100%
[Tue Jan 13 11:29:58 CST 2026] [监控中] 等待 30 秒...
[Tue Jan 13 11:30:28 CST 2026] [监控中] 当前最高GPU占用: 95%
[Tue Jan 13 11:30:28 CST 2026] [监控中] 等待 30 秒...
[Tue Jan 13 11:30:58 CST 2026] [监控中] 当前最高GPU占用: 100%
[Tue Jan 13 11:30:58 CST 2026] [监控中] 等待 30 秒...
[Tue Jan 13 11:31:28 CST 2026] [监控中] 当前最高GPU占用: 63%
[Tue Jan 13 11:31:28 CST 2026] [监控中] 等待 30 秒...
[Tue Jan 13 11:31:58 CST 2026] [监控中] 当前最高GPU占用: 100%
[Tue Jan 13 11:31:58 CST 2026] [监控中] 等待 30 秒...
[Tue Jan 13 11:32:28 CST 2026] [监控中] 当前最高GPU占用: 68%
[Tue Jan 13 11:32:28 CST 2026] [监控中] 等待 30 秒...
[Tue Jan 13 11:32:58 CST 2026] [监控中] 当前最高GPU占用: 100%
[Tue Jan 13 11:32:58 CST 2026] [监控中] 等待 30 秒...
[Tue Jan 13 11:33:28 CST 2026] [监控中] 当前最高GPU占用: 76%
[Tue Jan 13 11:33:28 CST 2026] [监控中] 等待 30 秒...
[Tue Jan 13 11:33:59 CST 2026] [监控中] 当前最高GPU占用: 69%
[Tue Jan 13 11:33:59 CST 2026] [监控中] 等待 30 秒...
[Tue Jan 13 11:34:29 CST 2026] [监控中] 当前最高GPU占用: 94%
[Tue Jan 13 11:34:29 CST 2026] [监控中] 等待 30 秒...
[Tue Jan 13 11:34:59 CST 2026] [监控中] 当前最高GPU占用: 95%
[Tue Jan 13 11:34:59 CST 2026] [监控中] 等待 30 秒...
[Tue Jan 13 11:35:29 CST 2026] [监控中] 当前最高GPU占用: 95%
[Tue Jan 13 11:35:29 CST 2026] [监控中] 等待 30 秒...
[Tue Jan 13 11:35:59 CST 2026] [监控中] 当前最高GPU占用: 95%
[Tue Jan 13 11:35:59 CST 2026] [监控中] 等待 30 秒...
[Tue Jan 13 11:36:29 CST 2026] [监控中] 当前最高GPU占用: 66%
[Tue Jan 13 11:36:29 CST 2026] [监控中] 等待 30 秒...
[Tue Jan 13 11:36:59 CST 2026] [监控中] 当前最高GPU占用: 95%
[Tue Jan 13 11:36:59 CST 2026] [监控中] 等待 30 秒...
[Tue Jan 13 11:37:29 CST 2026] [监控中] 当前最高GPU占用: 64%
[Tue Jan 13 11:37:29 CST 2026] [监控中] 等待 30 秒...
[Tue Jan 13 11:37:59 CST 2026] [监控中] 当前最高GPU占用: 87%
[Tue Jan 13 11:37:59 CST 2026] [监控中] 等待 30 秒...
[Tue Jan 13 11:38:29 CST 2026] [监控中] 当前最高GPU占用: 95%
[Tue Jan 13 11:38:29 CST 2026] [监控中] 等待 30 秒...
[Tue Jan 13 11:39:00 CST 2026] [监控中] 当前最高GPU占用: 95%
[Tue Jan 13 11:39:00 CST 2026] [监控中] 等待 30 秒...
[Tue Jan 13 11:39:30 CST 2026] [监控中] 当前最高GPU占用: 62%
[Tue Jan 13 11:39:30 CST 2026] [监控中] 等待 30 秒...
[Tue Jan 13 11:40:00 CST 2026] [监控中] 当前最高GPU占用: 94%
[Tue Jan 13 11:40:00 CST 2026] [监控中] 等待 30 秒...
[Tue Jan 13 11:40:30 CST 2026] [监控中] 当前最高GPU占用: 95%
[Tue Jan 13 11:40:30 CST 2026] [监控中] 等待 30 秒...
[Tue Jan 13 11:41:00 CST 2026] [监控中] 当前最高GPU占用: 100%
[Tue Jan 13 11:41:00 CST 2026] [监控中] 等待 30 秒...
[Tue Jan 13 11:41:30 CST 2026] [监控中] 当前最高GPU占用: 86%
[Tue Jan 13 11:41:30 CST 2026] [监控中] 等待 30 秒...
[Tue Jan 13 11:42:00 CST 2026] [监控中] 当前最高GPU占用: 95%
[Tue Jan 13 11:42:00 CST 2026] [监控中] 等待 30 秒...
[Tue Jan 13 11:42:30 CST 2026] [监控中] 当前最高GPU占用: 95%
[Tue Jan 13 11:42:30 CST 2026] [监控中] 等待 30 秒...
[Tue Jan 13 11:43:00 CST 2026] [监控中] 当前最高GPU占用: 95%
[Tue Jan 13 11:43:00 CST 2026] [监控中] 等待 30 秒...
[Tue Jan 13 11:43:30 CST 2026] [监控中] 当前最高GPU占用: 100%
[Tue Jan 13 11:43:30 CST 2026] [监控中] 等待 30 秒...
[Tue Jan 13 11:44:00 CST 2026] [监控中] 当前最高GPU占用: 83%
[Tue Jan 13 11:44:00 CST 2026] [监控中] 等待 30 秒...
[Tue Jan 13 11:44:30 CST 2026] [监控中] 当前最高GPU占用: 95%
[Tue Jan 13 11:44:30 CST 2026] [监控中] 等待 30 秒...
[Tue Jan 13 11:45:00 CST 2026] [监控中] 当前最高GPU占用: 63%
[Tue Jan 13 11:45:00 CST 2026] [监控中] 等待 30 秒...
[Tue Jan 13 11:45:31 CST 2026] [监控中] 当前最高GPU占用: 64%
[Tue Jan 13 11:45:31 CST 2026] [监控中] 等待 30 秒...
[Tue Jan 13 11:46:01 CST 2026] [监控中] 当前最高GPU占用: 100%
[Tue Jan 13 11:46:01 CST 2026] [监控中] 等待 30 秒...
[Tue Jan 13 11:46:31 CST 2026] [监控中] 当前最高GPU占用: 95%
[Tue Jan 13 11:46:31 CST 2026] [监控中] 等待 30 秒...
[Tue Jan 13 11:47:01 CST 2026] [监控中] 当前最高GPU占用: 86%
[Tue Jan 13 11:47:01 CST 2026] [监控中] 等待 30 秒...
[Tue Jan 13 11:47:31 CST 2026] [监控中] 当前最高GPU占用: 94%
[Tue Jan 13 11:47:31 CST 2026] [监控中] 等待 30 秒...
[Tue Jan 13 11:48:01 CST 2026] [监控中] 当前最高GPU占用: 54%
[Tue Jan 13 11:48:01 CST 2026] [监控中] 等待 30 秒...
[Tue Jan 13 11:48:31 CST 2026] [监控中] 当前最高GPU占用: 60%
[Tue Jan 13 11:48:31 CST 2026] [监控中] 等待 30 秒...
[Tue Jan 13 11:49:01 CST 2026] [监控中] 当前最高GPU占用: 80%
[Tue Jan 13 11:49:01 CST 2026] [监控中] 等待 30 秒...
[Tue Jan 13 11:49:31 CST 2026] [监控中] 当前最高GPU占用: 99%
[Tue Jan 13 11:49:31 CST 2026] [监控中] 等待 30 秒...
[Tue Jan 13 11:50:02 CST 2026] [监控中] 当前最高GPU占用: 94%
[Tue Jan 13 11:50:02 CST 2026] [监控中] 等待 30 秒...
[Tue Jan 13 11:50:32 CST 2026] [监控中] 当前最高GPU占用: 100%
[Tue Jan 13 11:50:32 CST 2026] [监控中] 等待 30 秒...
[Tue Jan 13 11:51:02 CST 2026] [监控中] 当前最高GPU占用: 95%
[Tue Jan 13 11:51:02 CST 2026] [监控中] 等待 30 秒...
[Tue Jan 13 11:51:32 CST 2026] [监控中] 当前最高GPU占用: 91%
[Tue Jan 13 11:51:32 CST 2026] [监控中] 等待 30 秒...
[Tue Jan 13 11:52:02 CST 2026] [监控中] 当前最高GPU占用: 96%
[Tue Jan 13 11:52:02 CST 2026] [监控中] 等待 30 秒...
[Tue Jan 13 11:52:32 CST 2026] [监控中] 当前最高GPU占用: 100%
[Tue Jan 13 11:52:32 CST 2026] [监控中] 等待 30 秒...
[Tue Jan 13 11:53:02 CST 2026] [监控中] 当前最高GPU占用: 62%
[Tue Jan 13 11:53:02 CST 2026] [监控中] 等待 30 秒...
[Tue Jan 13 11:53:32 CST 2026] [监控中] 当前最高GPU占用: 99%
[Tue Jan 13 11:53:32 CST 2026] [监控中] 等待 30 秒...
[Tue Jan 13 11:54:02 CST 2026] [监控中] 当前最高GPU占用: 100%
[Tue Jan 13 11:54:02 CST 2026] [监控中] 等待 30 秒...
[Tue Jan 13 11:54:32 CST 2026] [监控中] 当前最高GPU占用: 100%
[Tue Jan 13 11:54:32 CST 2026] [监控中] 等待 30 秒...
[Tue Jan 13 11:55:03 CST 2026] [监控中] 当前最高GPU占用: 63%
[Tue Jan 13 11:55:03 CST 2026] [监控中] 等待 30 秒...
[Tue Jan 13 11:55:33 CST 2026] [监控中] 当前最高GPU占用: 84%
[Tue Jan 13 11:55:33 CST 2026] [监控中] 等待 30 秒...
[Tue Jan 13 11:56:03 CST 2026] [监控中] 当前最高GPU占用: 72%
[Tue Jan 13 11:56:03 CST 2026] [监控中] 等待 30 秒...
[Tue Jan 13 11:56:33 CST 2026] [监控中] 当前最高GPU占用: 61%
[Tue Jan 13 11:56:33 CST 2026] [监控中] 等待 30 秒...
[Tue Jan 13 11:57:03 CST 2026] [监控中] 当前最高GPU占用: 92%
[Tue Jan 13 11:57:03 CST 2026] [监控中] 等待 30 秒...
[Tue Jan 13 11:57:33 CST 2026] [监控中] 当前最高GPU占用: 100%
[Tue Jan 13 11:57:33 CST 2026] [监控中] 等待 30 秒...
[Tue Jan 13 11:58:03 CST 2026] [监控中] 当前最高GPU占用: 91%
[Tue Jan 13 11:58:03 CST 2026] [监控中] 等待 30 秒...
[Tue Jan 13 11:58:33 CST 2026] [监控中] 当前最高GPU占用: 98%
[Tue Jan 13 11:58:33 CST 2026] [监控中] 等待 30 秒...
[Tue Jan 13 11:59:03 CST 2026] [监控中] 当前最高GPU占用: 70%
[Tue Jan 13 11:59:03 CST 2026] [监控中] 等待 30 秒...
[Tue Jan 13 11:59:34 CST 2026] [监控中] 当前最高GPU占用: 67%
[Tue Jan 13 11:59:34 CST 2026] [监控中] 等待 30 秒...
[Tue Jan 13 12:00:04 CST 2026] [监控中] 当前最高GPU占用: 94%
[Tue Jan 13 12:00:04 CST 2026] [监控中] 等待 30 秒...
[Tue Jan 13 12:00:34 CST 2026] [监控中] 当前最高GPU占用: 54%
[Tue Jan 13 12:00:34 CST 2026] [监控中] 等待 30 秒...
[Tue Jan 13 12:01:04 CST 2026] [监控中] 当前最高GPU占用: 94%
[Tue Jan 13 12:01:04 CST 2026] [监控中] 等待 30 秒...
[Tue Jan 13 12:01:34 CST 2026] [监控中] 当前最高GPU占用: 92%
[Tue Jan 13 12:01:34 CST 2026] [监控中] 等待 30 秒...
[Tue Jan 13 12:02:04 CST 2026] [监控中] 当前最高GPU占用: 100%
[Tue Jan 13 12:02:04 CST 2026] [监控中] 等待 30 秒...
[Tue Jan 13 12:02:34 CST 2026] [监控中] 当前最高GPU占用: 94%
[Tue Jan 13 12:02:34 CST 2026] [监控中] 等待 30 秒...
[Tue Jan 13 12:03:04 CST 2026] [监控中] 当前最高GPU占用: 69%
[Tue Jan 13 12:03:04 CST 2026] [监控中] 等待 30 秒...
[Tue Jan 13 12:03:34 CST 2026] [监控中] 当前最高GPU占用: 62%
[Tue Jan 13 12:03:34 CST 2026] [监控中] 等待 30 秒...
[Tue Jan 13 12:04:04 CST 2026] [监控中] 当前最高GPU占用: 94%
[Tue Jan 13 12:04:04 CST 2026] [监控中] 等待 30 秒...
[Tue Jan 13 12:04:35 CST 2026] [监控中] 当前最高GPU占用: 59%
[Tue Jan 13 12:04:35 CST 2026] [监控中] 等待 30 秒...
[Tue Jan 13 12:05:05 CST 2026] [监控中] 当前最高GPU占用: 93%
[Tue Jan 13 12:05:05 CST 2026] [监控中] 等待 30 秒...
[Tue Jan 13 12:05:35 CST 2026] [监控中] 当前最高GPU占用: 94%
[Tue Jan 13 12:05:35 CST 2026] [监控中] 等待 30 秒...
[Tue Jan 13 12:06:05 CST 2026] [监控中] 当前最高GPU占用: 58%
[Tue Jan 13 12:06:05 CST 2026] [监控中] 等待 30 秒...
[Tue Jan 13 12:06:35 CST 2026] [监控中] 当前最高GPU占用: 100%
[Tue Jan 13 12:06:35 CST 2026] [监控中] 等待 30 秒...
[Tue Jan 13 12:07:05 CST 2026] [监控中] 当前最高GPU占用: 94%
[Tue Jan 13 12:07:05 CST 2026] [监控中] 等待 30 秒...
[Tue Jan 13 12:07:35 CST 2026] [监控中] 当前最高GPU占用: 94%
[Tue Jan 13 12:07:35 CST 2026] [监控中] 等待 30 秒...
[Tue Jan 13 12:08:05 CST 2026] [监控中] 当前最高GPU占用: 64%
[Tue Jan 13 12:08:05 CST 2026] [监控中] 等待 30 秒...
[Tue Jan 13 12:08:35 CST 2026] [监控中] 当前最高GPU占用: 68%
[Tue Jan 13 12:08:35 CST 2026] [监控中] 等待 30 秒...
[Tue Jan 13 12:09:05 CST 2026] [监控中] 当前最高GPU占用: 63%
[Tue Jan 13 12:09:05 CST 2026] [监控中] 等待 30 秒...
[Tue Jan 13 12:09:35 CST 2026] [监控中] 当前最高GPU占用: 68%
[Tue Jan 13 12:09:35 CST 2026] [监控中] 等待 30 秒...
[Tue Jan 13 12:10:05 CST 2026] [监控中] 当前最高GPU占用: 100%
[Tue Jan 13 12:10:05 CST 2026] [监控中] 等待 30 秒...
[Tue Jan 13 12:10:35 CST 2026] [监控中] 当前最高GPU占用: 66%
[Tue Jan 13 12:10:35 CST 2026] [监控中] 等待 30 秒...
[Tue Jan 13 12:11:05 CST 2026] [监控中] 当前最高GPU占用: 100%
[Tue Jan 13 12:11:05 CST 2026] [监控中] 等待 30 秒...
[Tue Jan 13 12:11:36 CST 2026] [监控中] 当前最高GPU占用: 100%
[Tue Jan 13 12:11:36 CST 2026] [监控中] 等待 30 秒...
[Tue Jan 13 12:12:06 CST 2026] [监控中] 当前最高GPU占用: 95%
[Tue Jan 13 12:12:06 CST 2026] [监控中] 等待 30 秒...
[Tue Jan 13 12:12:36 CST 2026] [监控中] 当前最高GPU占用: 95%
[Tue Jan 13 12:12:36 CST 2026] [监控中] 等待 30 秒...
[Tue Jan 13 12:13:06 CST 2026] [监控中] 当前最高GPU占用: 95%
[Tue Jan 13 12:13:06 CST 2026] [监控中] 等待 30 秒...
[Tue Jan 13 12:13:36 CST 2026] [监控中] 当前最高GPU占用: 95%
[Tue Jan 13 12:13:36 CST 2026] [监控中] 等待 30 秒...
[Tue Jan 13 12:14:06 CST 2026] [监控中] 当前最高GPU占用: 65%
[Tue Jan 13 12:14:06 CST 2026] [监控中] 等待 30 秒...
[Tue Jan 13 12:14:36 CST 2026] [监控中] 当前最高GPU占用: 95%
[Tue Jan 13 12:14:36 CST 2026] [监控中] 等待 30 秒...
[Tue Jan 13 12:15:06 CST 2026] [监控中] 当前最高GPU占用: 100%
[Tue Jan 13 12:15:06 CST 2026] [监控中] 等待 30 秒...
[Tue Jan 13 12:15:36 CST 2026] [监控中] 当前最高GPU占用: 66%
[Tue Jan 13 12:15:36 CST 2026] [监控中] 等待 30 秒...
[Tue Jan 13 12:16:06 CST 2026] [监控中] 当前最高GPU占用: 100%
[Tue Jan 13 12:16:06 CST 2026] [监控中] 等待 30 秒...
[Tue Jan 13 12:16:37 CST 2026] [监控中] 当前最高GPU占用: 92%
[Tue Jan 13 12:16:37 CST 2026] [监控中] 等待 30 秒...
[Tue Jan 13 12:17:07 CST 2026] [监控中] 当前最高GPU占用: 100%
[Tue Jan 13 12:17:07 CST 2026] [监控中] 等待 30 秒...
[Tue Jan 13 12:17:37 CST 2026] [监控中] 当前最高GPU占用: 95%
[Tue Jan 13 12:17:37 CST 2026] [监控中] 等待 30 秒...
[Tue Jan 13 12:18:07 CST 2026] [监控中] 当前最高GPU占用: 95%
[Tue Jan 13 12:18:07 CST 2026] [监控中] 等待 30 秒...
[Tue Jan 13 12:18:37 CST 2026] [监控中] 当前最高GPU占用: 95%
[Tue Jan 13 12:18:37 CST 2026] [监控中] 等待 30 秒...
[Tue Jan 13 12:19:07 CST 2026] [监控中] 当前最高GPU占用: 100%
[Tue Jan 13 12:19:07 CST 2026] [监控中] 等待 30 秒...
[Tue Jan 13 12:19:37 CST 2026] [监控中] 当前最高GPU占用: 100%
[Tue Jan 13 12:19:37 CST 2026] [监控中] 等待 30 秒...
[Tue Jan 13 12:20:07 CST 2026] [监控中] 当前最高GPU占用: 64%
[Tue Jan 13 12:20:07 CST 2026] [监控中] 等待 30 秒...
[Tue Jan 13 12:20:37 CST 2026] [监控中] 当前最高GPU占用: 76%
[Tue Jan 13 12:20:37 CST 2026] [监控中] 等待 30 秒...
[Tue Jan 13 12:21:07 CST 2026] [监控中] 当前最高GPU占用: 100%
[Tue Jan 13 12:21:07 CST 2026] [监控中] 等待 30 秒...
[Tue Jan 13 12:21:37 CST 2026] [监控中] 当前最高GPU占用: 100%
[Tue Jan 13 12:21:37 CST 2026] [监控中] 等待 30 秒...
[Tue Jan 13 12:22:08 CST 2026] [监控中] 当前最高GPU占用: 94%
[Tue Jan 13 12:22:08 CST 2026] [监控中] 等待 30 秒...
[Tue Jan 13 12:22:38 CST 2026] [监控中] 当前最高GPU占用: 100%
[Tue Jan 13 12:22:38 CST 2026] [监控中] 等待 30 秒...
[Tue Jan 13 12:23:08 CST 2026] [监控中] 当前最高GPU占用: 70%
[Tue Jan 13 12:23:08 CST 2026] [监控中] 等待 30 秒...
[Tue Jan 13 12:23:38 CST 2026] [监控中] 当前最高GPU占用: 70%
[Tue Jan 13 12:23:38 CST 2026] [监控中] 等待 30 秒...
[Tue Jan 13 12:24:08 CST 2026] [监控中] 当前最高GPU占用: 98%
[Tue Jan 13 12:24:08 CST 2026] [监控中] 等待 30 秒...
[Tue Jan 13 12:24:38 CST 2026] [监控中] 当前最高GPU占用: 100%
[Tue Jan 13 12:24:38 CST 2026] [监控中] 等待 30 秒...
[Tue Jan 13 12:25:08 CST 2026] [监控中] 当前最高GPU占用: 90%
[Tue Jan 13 12:25:08 CST 2026] [监控中] 等待 30 秒...
[Tue Jan 13 12:25:38 CST 2026] [监控中] 当前最高GPU占用: 95%
[Tue Jan 13 12:25:38 CST 2026] [监控中] 等待 30 秒...
[Tue Jan 13 12:26:08 CST 2026] [监控中] 当前最高GPU占用: 100%
[Tue Jan 13 12:26:08 CST 2026] [监控中] 等待 30 秒...
[Tue Jan 13 12:26:38 CST 2026] [监控中] 当前最高GPU占用: 97%
[Tue Jan 13 12:26:38 CST 2026] [监控中] 等待 30 秒...
[Tue Jan 13 12:27:09 CST 2026] [监控中] 当前最高GPU占用: 95%
[Tue Jan 13 12:27:09 CST 2026] [监控中] 等待 30 秒...
[Tue Jan 13 12:27:39 CST 2026] [监控中] 当前最高GPU占用: 88%
[Tue Jan 13 12:27:39 CST 2026] [监控中] 等待 30 秒...
[Tue Jan 13 12:28:09 CST 2026] [监控中] 当前最高GPU占用: 67%
[Tue Jan 13 12:28:09 CST 2026] [监控中] 等待 30 秒...
[Tue Jan 13 12:28:39 CST 2026] [监控中] 当前最高GPU占用: 94%
[Tue Jan 13 12:28:39 CST 2026] [监控中] 等待 30 秒...
[Tue Jan 13 12:29:09 CST 2026] [监控中] 当前最高GPU占用: 100%
[Tue Jan 13 12:29:09 CST 2026] [监控中] 等待 30 秒...
[Tue Jan 13 12:29:39 CST 2026] [监控中] 当前最高GPU占用: 100%
[Tue Jan 13 12:29:39 CST 2026] [监控中] 等待 30 秒...
[Tue Jan 13 12:30:09 CST 2026] [监控中] 当前最高GPU占用: 95%
[Tue Jan 13 12:30:09 CST 2026] [监控中] 等待 30 秒...
[Tue Jan 13 12:30:39 CST 2026] [监控中] 当前最高GPU占用: 65%
[Tue Jan 13 12:30:39 CST 2026] [监控中] 等待 30 秒...
[Tue Jan 13 12:31:09 CST 2026] [监控中] 当前最高GPU占用: 76%
[Tue Jan 13 12:31:09 CST 2026] [监控中] 等待 30 秒...
[Tue Jan 13 12:31:39 CST 2026] [监控中] 当前最高GPU占用: 96%
[Tue Jan 13 12:31:39 CST 2026] [监控中] 等待 30 秒...
[Tue Jan 13 12:32:09 CST 2026] [监控中] 当前最高GPU占用: 100%
[Tue Jan 13 12:32:09 CST 2026] [监控中] 等待 30 秒...
[Tue Jan 13 12:32:40 CST 2026] [监控中] 当前最高GPU占用: 100%
[Tue Jan 13 12:32:40 CST 2026] [监控中] 等待 30 秒...
[Tue Jan 13 12:33:10 CST 2026] [监控中] 当前最高GPU占用: 92%
[Tue Jan 13 12:33:10 CST 2026] [监控中] 等待 30 秒...
[Tue Jan 13 12:33:40 CST 2026] [监控中] 当前最高GPU占用: 100%
[Tue Jan 13 12:33:40 CST 2026] [监控中] 等待 30 秒...
[Tue Jan 13 12:34:10 CST 2026] [监控中] 当前最高GPU占用: 68%
[Tue Jan 13 12:34:10 CST 2026] [监控中] 等待 30 秒...
[Tue Jan 13 12:34:40 CST 2026] [监控中] 当前最高GPU占用: 67%
[Tue Jan 13 12:34:40 CST 2026] [监控中] 等待 30 秒...
[Tue Jan 13 12:35:10 CST 2026] [监控中] 当前最高GPU占用: 100%
[Tue Jan 13 12:35:10 CST 2026] [监控中] 等待 30 秒...
[Tue Jan 13 12:35:40 CST 2026] [监控中] 当前最高GPU占用: 60%
[Tue Jan 13 12:35:40 CST 2026] [监控中] 等待 30 秒...
[Tue Jan 13 12:36:10 CST 2026] [监控中] 当前最高GPU占用: 95%
[Tue Jan 13 12:36:10 CST 2026] [监控中] 等待 30 秒...
[Tue Jan 13 12:36:40 CST 2026] [监控中] 当前最高GPU占用: 94%
[Tue Jan 13 12:36:40 CST 2026] [监控中] 等待 30 秒...
[Tue Jan 13 12:37:10 CST 2026] [监控中] 当前最高GPU占用: 100%
[Tue Jan 13 12:37:10 CST 2026] [监控中] 等待 30 秒...
[Tue Jan 13 12:37:40 CST 2026] [监控中] 当前最高GPU占用: 98%
[Tue Jan 13 12:37:40 CST 2026] [监控中] 等待 30 秒...
[Tue Jan 13 12:38:11 CST 2026] [监控中] 当前最高GPU占用: 67%
[Tue Jan 13 12:38:11 CST 2026] [监控中] 等待 30 秒...
[Tue Jan 13 12:38:41 CST 2026] [监控中] 当前最高GPU占用: 76%
[Tue Jan 13 12:38:41 CST 2026] [监控中] 等待 30 秒...
[Tue Jan 13 12:39:11 CST 2026] [监控中] 当前最高GPU占用: 95%
[Tue Jan 13 12:39:11 CST 2026] [监控中] 等待 30 秒...
[Tue Jan 13 12:39:41 CST 2026] [监控中] 当前最高GPU占用: 85%
[Tue Jan 13 12:39:41 CST 2026] [监控中] 等待 30 秒...
[Tue Jan 13 12:40:11 CST 2026] [监控中] 当前最高GPU占用: 68%
[Tue Jan 13 12:40:11 CST 2026] [监控中] 等待 30 秒...
[Tue Jan 13 12:40:41 CST 2026] [监控中] 当前最高GPU占用: 96%
[Tue Jan 13 12:40:41 CST 2026] [监控中] 等待 30 秒...
[Tue Jan 13 12:41:11 CST 2026] [监控中] 当前最高GPU占用: 70%
[Tue Jan 13 12:41:11 CST 2026] [监控中] 等待 30 秒...
[Tue Jan 13 12:41:41 CST 2026] [监控中] 当前最高GPU占用: 100%
[Tue Jan 13 12:41:41 CST 2026] [监控中] 等待 30 秒...
[Tue Jan 13 12:42:11 CST 2026] [监控中] 当前最高GPU占用: 100%
[Tue Jan 13 12:42:11 CST 2026] [监控中] 等待 30 秒...
[Tue Jan 13 12:42:41 CST 2026] [监控中] 当前最高GPU占用: 94%
[Tue Jan 13 12:42:41 CST 2026] [监控中] 等待 30 秒...
[Tue Jan 13 12:43:12 CST 2026] [监控中] 当前最高GPU占用: 99%
[Tue Jan 13 12:43:12 CST 2026] [监控中] 等待 30 秒...
[Tue Jan 13 12:43:42 CST 2026] [监控中] 当前最高GPU占用: 95%
[Tue Jan 13 12:43:42 CST 2026] [监控中] 等待 30 秒...
[Tue Jan 13 12:44:12 CST 2026] [监控中] 当前最高GPU占用: 100%
[Tue Jan 13 12:44:12 CST 2026] [监控中] 等待 30 秒...
[Tue Jan 13 12:44:42 CST 2026] [监控中] 当前最高GPU占用: 100%
[Tue Jan 13 12:44:42 CST 2026] [监控中] 等待 30 秒...
[Tue Jan 13 12:45:12 CST 2026] [监控中] 当前最高GPU占用: 100%
[Tue Jan 13 12:45:12 CST 2026] [监控中] 等待 30 秒...
[Tue Jan 13 12:45:42 CST 2026] [监控中] 当前最高GPU占用: 89%
[Tue Jan 13 12:45:42 CST 2026] [监控中] 等待 30 秒...
[Tue Jan 13 12:46:12 CST 2026] [监控中] 当前最高GPU占用: 95%
[Tue Jan 13 12:46:12 CST 2026] [监控中] 等待 30 秒...
[Tue Jan 13 12:46:42 CST 2026] [监控中] 当前最高GPU占用: 98%
[Tue Jan 13 12:46:42 CST 2026] [监控中] 等待 30 秒...
[Tue Jan 13 12:47:12 CST 2026] [监控中] 当前最高GPU占用: 96%
[Tue Jan 13 12:47:12 CST 2026] [监控中] 等待 30 秒...
[Tue Jan 13 12:47:42 CST 2026] [监控中] 当前最高GPU占用: 84%
[Tue Jan 13 12:47:42 CST 2026] [监控中] 等待 30 秒...
[Tue Jan 13 12:48:12 CST 2026] [监控中] 当前最高GPU占用: 95%
[Tue Jan 13 12:48:12 CST 2026] [监控中] 等待 30 秒...
[Tue Jan 13 12:48:43 CST 2026] [监控中] 当前最高GPU占用: 69%
[Tue Jan 13 12:48:43 CST 2026] [监控中] 等待 30 秒...
[Tue Jan 13 12:49:13 CST 2026] [监控中] 当前最高GPU占用: 95%
[Tue Jan 13 12:49:13 CST 2026] [监控中] 等待 30 秒...
[Tue Jan 13 12:49:43 CST 2026] [监控中] 当前最高GPU占用: 96%
[Tue Jan 13 12:49:43 CST 2026] [监控中] 等待 30 秒...
[Tue Jan 13 12:50:13 CST 2026] [监控中] 当前最高GPU占用: 95%
[Tue Jan 13 12:50:13 CST 2026] [监控中] 等待 30 秒...
[Tue Jan 13 12:50:43 CST 2026] [监控中] 当前最高GPU占用: 100%
[Tue Jan 13 12:50:43 CST 2026] [监控中] 等待 30 秒...
[Tue Jan 13 12:51:13 CST 2026] [监控中] 当前最高GPU占用: 100%
[Tue Jan 13 12:51:13 CST 2026] [监控中] 等待 30 秒...
[Tue Jan 13 12:51:43 CST 2026] [监控中] 当前最高GPU占用: 100%
[Tue Jan 13 12:51:43 CST 2026] [监控中] 等待 30 秒...
[Tue Jan 13 12:52:13 CST 2026] [监控中] 当前最高GPU占用: 95%
[Tue Jan 13 12:52:13 CST 2026] [监控中] 等待 30 秒...
[Tue Jan 13 12:52:43 CST 2026] [监控中] 当前最高GPU占用: 95%
[Tue Jan 13 12:52:43 CST 2026] [监控中] 等待 30 秒...
[Tue Jan 13 12:53:13 CST 2026] [监控中] 当前最高GPU占用: 100%
[Tue Jan 13 12:53:13 CST 2026] [监控中] 等待 30 秒...
[Tue Jan 13 12:53:43 CST 2026] [监控中] 当前最高GPU占用: 68%
[Tue Jan 13 12:53:43 CST 2026] [监控中] 等待 30 秒...
[Tue Jan 13 12:54:14 CST 2026] [监控中] 当前最高GPU占用: 95%
[Tue Jan 13 12:54:14 CST 2026] [监控中] 等待 30 秒...
[Tue Jan 13 12:54:44 CST 2026] [监控中] 当前最高GPU占用: 95%
[Tue Jan 13 12:54:44 CST 2026] [监控中] 等待 30 秒...
[Tue Jan 13 12:55:14 CST 2026] [监控中] 当前最高GPU占用: 95%
[Tue Jan 13 12:55:14 CST 2026] [监控中] 等待 30 秒...
[Tue Jan 13 12:55:44 CST 2026] [监控中] 当前最高GPU占用: 94%
[Tue Jan 13 12:55:44 CST 2026] [监控中] 等待 30 秒...
[Tue Jan 13 12:56:14 CST 2026] [监控中] 当前最高GPU占用: 96%
[Tue Jan 13 12:56:14 CST 2026] [监控中] 等待 30 秒...
[Tue Jan 13 12:56:44 CST 2026] [监控中] 当前最高GPU占用: 95%
[Tue Jan 13 12:56:44 CST 2026] [监控中] 等待 30 秒...
[Tue Jan 13 12:57:14 CST 2026] [监控中] 当前最高GPU占用: 87%
[Tue Jan 13 12:57:14 CST 2026] [监控中] 等待 30 秒...
[Tue Jan 13 12:57:44 CST 2026] [监控中] 当前最高GPU占用: 95%
[Tue Jan 13 12:57:44 CST 2026] [监控中] 等待 30 秒...
[Tue Jan 13 12:58:14 CST 2026] [监控中] 当前最高GPU占用: 88%
[Tue Jan 13 12:58:14 CST 2026] [监控中] 等待 30 秒...
[Tue Jan 13 12:58:44 CST 2026] [监控中] 当前最高GPU占用: 96%
[Tue Jan 13 12:58:44 CST 2026] [监控中] 等待 30 秒...
[Tue Jan 13 12:59:14 CST 2026] [监控中] 当前最高GPU占用: 95%
[Tue Jan 13 12:59:14 CST 2026] [监控中] 等待 30 秒...
[Tue Jan 13 12:59:44 CST 2026] [监控中] 当前最高GPU占用: 71%
[Tue Jan 13 12:59:44 CST 2026] [监控中] 等待 30 秒...
[Tue Jan 13 13:00:15 CST 2026] [监控中] 当前最高GPU占用: 67%
[Tue Jan 13 13:00:15 CST 2026] [监控中] 等待 30 秒...
[Tue Jan 13 13:00:45 CST 2026] [监控中] 当前最高GPU占用: 71%
[Tue Jan 13 13:00:45 CST 2026] [监控中] 等待 30 秒...
[Tue Jan 13 13:01:15 CST 2026] [监控中] 当前最高GPU占用: 100%
[Tue Jan 13 13:01:15 CST 2026] [监控中] 等待 30 秒...
[Tue Jan 13 13:01:45 CST 2026] [监控中] 当前最高GPU占用: 95%
[Tue Jan 13 13:01:45 CST 2026] [监控中] 等待 30 秒...
[Tue Jan 13 13:02:15 CST 2026] [监控中] 当前最高GPU占用: 69%
[Tue Jan 13 13:02:15 CST 2026] [监控中] 等待 30 秒...
[Tue Jan 13 13:02:45 CST 2026] [监控中] 当前最高GPU占用: 95%
[Tue Jan 13 13:02:45 CST 2026] [监控中] 等待 30 秒...
[Tue Jan 13 13:03:15 CST 2026] [监控中] 当前最高GPU占用: 95%
[Tue Jan 13 13:03:15 CST 2026] [监控中] 等待 30 秒...
[Tue Jan 13 13:03:45 CST 2026] [监控中] 当前最高GPU占用: 71%
[Tue Jan 13 13:03:45 CST 2026] [监控中] 等待 30 秒...
[Tue Jan 13 13:04:15 CST 2026] [监控中] 当前最高GPU占用: 100%
[Tue Jan 13 13:04:15 CST 2026] [监控中] 等待 30 秒...
[Tue Jan 13 13:04:45 CST 2026] [监控中] 当前最高GPU占用: 100%
[Tue Jan 13 13:04:45 CST 2026] [监控中] 等待 30 秒...
[Tue Jan 13 13:05:15 CST 2026] [监控中] 当前最高GPU占用: 95%
[Tue Jan 13 13:05:15 CST 2026] [监控中] 等待 30 秒...
[Tue Jan 13 13:05:46 CST 2026] [监控中] 当前最高GPU占用: 95%
[Tue Jan 13 13:05:46 CST 2026] [监控中] 等待 30 秒...
[Tue Jan 13 13:06:16 CST 2026] [监控中] 当前最高GPU占用: 95%
[Tue Jan 13 13:06:16 CST 2026] [监控中] 等待 30 秒...
[Tue Jan 13 13:06:46 CST 2026] [监控中] 当前最高GPU占用: 100%
[Tue Jan 13 13:06:46 CST 2026] [监控中] 等待 30 秒...
[Tue Jan 13 13:07:16 CST 2026] [监控中] 当前最高GPU占用: 100%
[Tue Jan 13 13:07:16 CST 2026] [监控中] 等待 30 秒...
[Tue Jan 13 13:07:46 CST 2026] [监控中] 当前最高GPU占用: 95%
[Tue Jan 13 13:07:46 CST 2026] [监控中] 等待 30 秒...
[Tue Jan 13 13:08:16 CST 2026] [监控中] 当前最高GPU占用: 93%
[Tue Jan 13 13:08:16 CST 2026] [监控中] 等待 30 秒...
[Tue Jan 13 13:08:46 CST 2026] [监控中] 当前最高GPU占用: 64%
[Tue Jan 13 13:08:46 CST 2026] [监控中] 等待 30 秒...
[Tue Jan 13 13:09:16 CST 2026] [监控中] 当前最高GPU占用: 68%
[Tue Jan 13 13:09:16 CST 2026] [监控中] 等待 30 秒...
[Tue Jan 13 13:09:46 CST 2026] [监控中] 当前最高GPU占用: 100%
[Tue Jan 13 13:09:46 CST 2026] [监控中] 等待 30 秒...
[Tue Jan 13 13:10:16 CST 2026] [监控中] 当前最高GPU占用: 80%
[Tue Jan 13 13:10:16 CST 2026] [监控中] 等待 30 秒...
[Tue Jan 13 13:10:47 CST 2026] [监控中] 当前最高GPU占用: 93%
[Tue Jan 13 13:10:47 CST 2026] [监控中] 等待 30 秒...
[Tue Jan 13 13:11:17 CST 2026] [监控中] 当前最高GPU占用: 100%
[Tue Jan 13 13:11:17 CST 2026] [监控中] 等待 30 秒...
[Tue Jan 13 13:11:47 CST 2026] [监控中] 当前最高GPU占用: 85%
[Tue Jan 13 13:11:47 CST 2026] [监控中] 等待 30 秒...
[Tue Jan 13 13:12:17 CST 2026] [监控中] 当前最高GPU占用: 94%
[Tue Jan 13 13:12:17 CST 2026] [监控中] 等待 30 秒...
[Tue Jan 13 13:12:47 CST 2026] [监控中] 当前最高GPU占用: 100%
[Tue Jan 13 13:12:47 CST 2026] [监控中] 等待 30 秒...
[Tue Jan 13 13:13:17 CST 2026] [监控中] 当前最高GPU占用: 73%
[Tue Jan 13 13:13:17 CST 2026] [监控中] 等待 30 秒...
[Tue Jan 13 13:13:47 CST 2026] [监控中] 当前最高GPU占用: 100%
[Tue Jan 13 13:13:47 CST 2026] [监控中] 等待 30 秒...
[Tue Jan 13 13:14:17 CST 2026] [监控中] 当前最高GPU占用: 100%
[Tue Jan 13 13:14:17 CST 2026] [监控中] 等待 30 秒...
[Tue Jan 13 13:14:47 CST 2026] [监控中] 当前最高GPU占用: 68%
[Tue Jan 13 13:14:47 CST 2026] [监控中] 等待 30 秒...
[Tue Jan 13 13:15:17 CST 2026] [监控中] 当前最高GPU占用: 98%
[Tue Jan 13 13:15:17 CST 2026] [监控中] 等待 30 秒...
[Tue Jan 13 13:15:48 CST 2026] [监控中] 当前最高GPU占用: 100%
[Tue Jan 13 13:15:48 CST 2026] [监控中] 等待 30 秒...
[Tue Jan 13 13:16:18 CST 2026] [监控中] 当前最高GPU占用: 95%
[Tue Jan 13 13:16:18 CST 2026] [监控中] 等待 30 秒...
[Tue Jan 13 13:16:48 CST 2026] [监控中] 当前最高GPU占用: 84%
[Tue Jan 13 13:16:48 CST 2026] [监控中] 等待 30 秒...
[Tue Jan 13 13:17:18 CST 2026] [监控中] 当前最高GPU占用: 100%
[Tue Jan 13 13:17:18 CST 2026] [监控中] 等待 30 秒...
[Tue Jan 13 13:17:48 CST 2026] [监控中] 当前最高GPU占用: 100%
[Tue Jan 13 13:17:48 CST 2026] [监控中] 等待 30 秒...
[Tue Jan 13 13:18:18 CST 2026] [监控中] 当前最高GPU占用: 96%
[Tue Jan 13 13:18:18 CST 2026] [监控中] 等待 30 秒...
[Tue Jan 13 13:18:48 CST 2026] [监控中] 当前最高GPU占用: 62%
[Tue Jan 13 13:18:48 CST 2026] [监控中] 等待 30 秒...
[Tue Jan 13 13:19:18 CST 2026] [监控中] 当前最高GPU占用: 95%
[Tue Jan 13 13:19:18 CST 2026] [监控中] 等待 30 秒...
[Tue Jan 13 13:19:48 CST 2026] [监控中] 当前最高GPU占用: 95%
[Tue Jan 13 13:19:48 CST 2026] [监控中] 等待 30 秒...
[Tue Jan 13 13:20:18 CST 2026] [监控中] 当前最高GPU占用: 100%
[Tue Jan 13 13:20:18 CST 2026] [监控中] 等待 30 秒...
[Tue Jan 13 13:20:49 CST 2026] [监控中] 当前最高GPU占用: 69%
[Tue Jan 13 13:20:49 CST 2026] [监控中] 等待 30 秒...
[Tue Jan 13 13:21:19 CST 2026] [监控中] 当前最高GPU占用: 80%
[Tue Jan 13 13:21:19 CST 2026] [监控中] 等待 30 秒...
[Tue Jan 13 13:21:49 CST 2026] [监控中] 当前最高GPU占用: 67%
[Tue Jan 13 13:21:49 CST 2026] [监控中] 等待 30 秒...
[Tue Jan 13 13:22:19 CST 2026] [监控中] 当前最高GPU占用: 100%
[Tue Jan 13 13:22:19 CST 2026] [监控中] 等待 30 秒...
[Tue Jan 13 13:22:49 CST 2026] [监控中] 当前最高GPU占用: 64%
[Tue Jan 13 13:22:49 CST 2026] [监控中] 等待 30 秒...
[Tue Jan 13 13:23:19 CST 2026] [监控中] 当前最高GPU占用: 74%
[Tue Jan 13 13:23:19 CST 2026] [监控中] 等待 30 秒...
[Tue Jan 13 13:23:49 CST 2026] [监控中] 当前最高GPU占用: 66%
[Tue Jan 13 13:23:49 CST 2026] [监控中] 等待 30 秒...
[Tue Jan 13 13:24:19 CST 2026] [监控中] 当前最高GPU占用: 95%
[Tue Jan 13 13:24:19 CST 2026] [监控中] 等待 30 秒...
[Tue Jan 13 13:24:49 CST 2026] [监控中] 当前最高GPU占用: 92%
[Tue Jan 13 13:24:49 CST 2026] [监控中] 等待 30 秒...
[Tue Jan 13 13:25:19 CST 2026] [监控中] 当前最高GPU占用: 64%
[Tue Jan 13 13:25:19 CST 2026] [监控中] 等待 30 秒...
[Tue Jan 13 13:25:49 CST 2026] [监控中] 当前最高GPU占用: 95%
[Tue Jan 13 13:25:49 CST 2026] [监控中] 等待 30 秒...
[Tue Jan 13 13:26:20 CST 2026] [监控中] 当前最高GPU占用: 95%
[Tue Jan 13 13:26:20 CST 2026] [监控中] 等待 30 秒...
[Tue Jan 13 13:26:50 CST 2026] [监控中] 当前最高GPU占用: 100%
[Tue Jan 13 13:26:50 CST 2026] [监控中] 等待 30 秒...
[Tue Jan 13 13:27:20 CST 2026] [监控中] 当前最高GPU占用: 95%
[Tue Jan 13 13:27:20 CST 2026] [监控中] 等待 30 秒...
[Tue Jan 13 13:27:50 CST 2026] [监控中] 当前最高GPU占用: 88%
[Tue Jan 13 13:27:50 CST 2026] [监控中] 等待 30 秒...
[Tue Jan 13 13:28:20 CST 2026] [监控中] 当前最高GPU占用: 66%
[Tue Jan 13 13:28:20 CST 2026] [监控中] 等待 30 秒...
[Tue Jan 13 13:28:50 CST 2026] [监控中] 当前最高GPU占用: 100%
[Tue Jan 13 13:28:50 CST 2026] [监控中] 等待 30 秒...
[Tue Jan 13 13:29:20 CST 2026] [监控中] 当前最高GPU占用: 95%
[Tue Jan 13 13:29:20 CST 2026] [监控中] 等待 30 秒...
[Tue Jan 13 13:29:50 CST 2026] [监控中] 当前最高GPU占用: 95%
[Tue Jan 13 13:29:50 CST 2026] [监控中] 等待 30 秒...
[Tue Jan 13 13:30:20 CST 2026] [监控中] 当前最高GPU占用: 95%
[Tue Jan 13 13:30:20 CST 2026] [监控中] 等待 30 秒...
[Tue Jan 13 13:30:50 CST 2026] [监控中] 当前最高GPU占用: 100%
[Tue Jan 13 13:30:50 CST 2026] [监控中] 等待 30 秒...
[Tue Jan 13 13:31:20 CST 2026] [监控中] 当前最高GPU占用: 78%
[Tue Jan 13 13:31:20 CST 2026] [监控中] 等待 30 秒...
[Tue Jan 13 13:31:51 CST 2026] [监控中] 当前最高GPU占用: 63%
[Tue Jan 13 13:31:51 CST 2026] [监控中] 等待 30 秒...
[Tue Jan 13 13:32:21 CST 2026] [监控中] 当前最高GPU占用: 100%
[Tue Jan 13 13:32:21 CST 2026] [监控中] 等待 30 秒...
[Tue Jan 13 13:32:51 CST 2026] [监控中] 当前最高GPU占用: 64%
[Tue Jan 13 13:32:51 CST 2026] [监控中] 等待 30 秒...
[Tue Jan 13 13:33:21 CST 2026] [监控中] 当前最高GPU占用: 65%
[Tue Jan 13 13:33:21 CST 2026] [监控中] 等待 30 秒...
[Tue Jan 13 13:33:51 CST 2026] [监控中] 当前最高GPU占用: 100%
[Tue Jan 13 13:33:51 CST 2026] [监控中] 等待 30 秒...
[Tue Jan 13 13:34:21 CST 2026] [监控中] 当前最高GPU占用: 95%
[Tue Jan 13 13:34:21 CST 2026] [监控中] 等待 30 秒...
[Tue Jan 13 13:34:51 CST 2026] [监控中] 当前最高GPU占用: 100%
[Tue Jan 13 13:34:51 CST 2026] [监控中] 等待 30 秒...
[Tue Jan 13 13:35:21 CST 2026] [监控中] 当前最高GPU占用: 94%
[Tue Jan 13 13:35:21 CST 2026] [监控中] 等待 30 秒...
[Tue Jan 13 13:35:51 CST 2026] [监控中] 当前最高GPU占用: 66%
[Tue Jan 13 13:35:51 CST 2026] [监控中] 等待 30 秒...
[Tue Jan 13 13:36:21 CST 2026] [监控中] 当前最高GPU占用: 84%
[Tue Jan 13 13:36:21 CST 2026] [监控中] 等待 30 秒...
[Tue Jan 13 13:36:52 CST 2026] [监控中] 当前最高GPU占用: 95%
[Tue Jan 13 13:36:52 CST 2026] [监控中] 等待 30 秒...
[Tue Jan 13 13:37:22 CST 2026] [监控中] 当前最高GPU占用: 95%
[Tue Jan 13 13:37:22 CST 2026] [监控中] 等待 30 秒...
[Tue Jan 13 13:37:52 CST 2026] [监控中] 当前最高GPU占用: 95%
[Tue Jan 13 13:37:52 CST 2026] [监控中] 等待 30 秒...
[Tue Jan 13 13:38:22 CST 2026] [监控中] 当前最高GPU占用: 100%
[Tue Jan 13 13:38:22 CST 2026] [监控中] 等待 30 秒...
[Tue Jan 13 13:38:52 CST 2026] [监控中] 当前最高GPU占用: 91%
[Tue Jan 13 13:38:52 CST 2026] [监控中] 等待 30 秒...
[Tue Jan 13 13:39:22 CST 2026] [监控中] 当前最高GPU占用: 95%
[Tue Jan 13 13:39:22 CST 2026] [监控中] 等待 30 秒...
[Tue Jan 13 13:39:52 CST 2026] [监控中] 当前最高GPU占用: 88%
[Tue Jan 13 13:39:52 CST 2026] [监控中] 等待 30 秒...
[Tue Jan 13 13:40:22 CST 2026] [监控中] 当前最高GPU占用: 71%
[Tue Jan 13 13:40:22 CST 2026] [监控中] 等待 30 秒...
[Tue Jan 13 13:40:52 CST 2026] [监控中] 当前最高GPU占用: 95%
[Tue Jan 13 13:40:52 CST 2026] [监控中] 等待 30 秒...
[Tue Jan 13 13:41:22 CST 2026] [监控中] 当前最高GPU占用: 100%
[Tue Jan 13 13:41:22 CST 2026] [监控中] 等待 30 秒...
[Tue Jan 13 13:41:53 CST 2026] [监控中] 当前最高GPU占用: 95%
[Tue Jan 13 13:41:53 CST 2026] [监控中] 等待 30 秒...
[Tue Jan 13 13:42:23 CST 2026] [监控中] 当前最高GPU占用: 95%
[Tue Jan 13 13:42:23 CST 2026] [监控中] 等待 30 秒...
[Tue Jan 13 13:42:53 CST 2026] [监控中] 当前最高GPU占用: 95%
[Tue Jan 13 13:42:53 CST 2026] [监控中] 等待 30 秒...
[Tue Jan 13 13:43:23 CST 2026] [监控中] 当前最高GPU占用: 100%
[Tue Jan 13 13:43:23 CST 2026] [监控中] 等待 30 秒...
[Tue Jan 13 13:43:53 CST 2026] [监控中] 当前最高GPU占用: 100%
[Tue Jan 13 13:43:53 CST 2026] [监控中] 等待 30 秒...
[Tue Jan 13 13:44:23 CST 2026] [监控中] 当前最高GPU占用: 96%
[Tue Jan 13 13:44:23 CST 2026] [监控中] 等待 30 秒...
[Tue Jan 13 13:44:53 CST 2026] [监控中] 当前最高GPU占用: 64%
[Tue Jan 13 13:44:53 CST 2026] [监控中] 等待 30 秒...
[Tue Jan 13 13:45:23 CST 2026] [监控中] 当前最高GPU占用: 70%
[Tue Jan 13 13:45:23 CST 2026] [监控中] 等待 30 秒...
[Tue Jan 13 13:45:53 CST 2026] [监控中] 当前最高GPU占用: 97%
[Tue Jan 13 13:45:53 CST 2026] [监控中] 等待 30 秒...
[Tue Jan 13 13:46:24 CST 2026] [监控中] 当前最高GPU占用: 97%
[Tue Jan 13 13:46:24 CST 2026] [监控中] 等待 30 秒...
[Tue Jan 13 13:46:54 CST 2026] [监控中] 当前最高GPU占用: 96%
[Tue Jan 13 13:46:54 CST 2026] [监控中] 等待 30 秒...
[Tue Jan 13 13:47:24 CST 2026] [监控中] 当前最高GPU占用: 65%
[Tue Jan 13 13:47:24 CST 2026] [监控中] 等待 30 秒...
[Tue Jan 13 13:47:54 CST 2026] [监控中] 当前最高GPU占用: 91%
[Tue Jan 13 13:47:54 CST 2026] [监控中] 等待 30 秒...
[Tue Jan 13 13:48:24 CST 2026] [监控中] 当前最高GPU占用: 95%
[Tue Jan 13 13:48:24 CST 2026] [监控中] 等待 30 秒...
[Tue Jan 13 13:48:54 CST 2026] [监控中] 当前最高GPU占用: 100%
[Tue Jan 13 13:48:54 CST 2026] [监控中] 等待 30 秒...
[Tue Jan 13 13:49:24 CST 2026] [监控中] 当前最高GPU占用: 80%
[Tue Jan 13 13:49:24 CST 2026] [监控中] 等待 30 秒...
[Tue Jan 13 13:49:54 CST 2026] [监控中] 当前最高GPU占用: 95%
[Tue Jan 13 13:49:54 CST 2026] [监控中] 等待 30 秒...
[Tue Jan 13 13:50:24 CST 2026] [监控中] 当前最高GPU占用: 95%
[Tue Jan 13 13:50:24 CST 2026] [监控中] 等待 30 秒...
[Tue Jan 13 13:50:54 CST 2026] [监控中] 当前最高GPU占用: 100%
[Tue Jan 13 13:50:54 CST 2026] [监控中] 等待 30 秒...
[Tue Jan 13 13:51:25 CST 2026] [监控中] 当前最高GPU占用: 66%
[Tue Jan 13 13:51:25 CST 2026] [监控中] 等待 30 秒...
[Tue Jan 13 13:51:55 CST 2026] [监控中] 当前最高GPU占用: 100%
[Tue Jan 13 13:51:55 CST 2026] [监控中] 等待 30 秒...
[Tue Jan 13 13:52:25 CST 2026] [监控中] 当前最高GPU占用: 66%
[Tue Jan 13 13:52:25 CST 2026] [监控中] 等待 30 秒...
[Tue Jan 13 13:52:55 CST 2026] [监控中] 当前最高GPU占用: 67%
[Tue Jan 13 13:52:55 CST 2026] [监控中] 等待 30 秒...
[Tue Jan 13 13:53:25 CST 2026] [监控中] 当前最高GPU占用: 74%
[Tue Jan 13 13:53:25 CST 2026] [监控中] 等待 30 秒...
[Tue Jan 13 13:53:55 CST 2026] [监控中] 当前最高GPU占用: 79%
[Tue Jan 13 13:53:55 CST 2026] [监控中] 等待 30 秒...
[Tue Jan 13 13:54:25 CST 2026] [监控中] 当前最高GPU占用: 100%
[Tue Jan 13 13:54:25 CST 2026] [监控中] 等待 30 秒...
[Tue Jan 13 13:54:55 CST 2026] [监控中] 当前最高GPU占用: 63%
[Tue Jan 13 13:54:55 CST 2026] [监控中] 等待 30 秒...
[Tue Jan 13 13:55:25 CST 2026] [监控中] 当前最高GPU占用: 74%
[Tue Jan 13 13:55:25 CST 2026] [监控中] 等待 30 秒...
[Tue Jan 13 13:55:55 CST 2026] [监控中] 当前最高GPU占用: 95%
[Tue Jan 13 13:55:55 CST 2026] [监控中] 等待 30 秒...
[Tue Jan 13 13:56:25 CST 2026] [监控中] 当前最高GPU占用: 96%
[Tue Jan 13 13:56:25 CST 2026] [监控中] 等待 30 秒...
[Tue Jan 13 13:56:55 CST 2026] [监控中] 当前最高GPU占用: 84%
[Tue Jan 13 13:56:55 CST 2026] [监控中] 等待 30 秒...
[Tue Jan 13 13:57:25 CST 2026] [监控中] 当前最高GPU占用: 95%
[Tue Jan 13 13:57:25 CST 2026] [监控中] 等待 30 秒...
[Tue Jan 13 13:57:56 CST 2026] [监控中] 当前最高GPU占用: 100%
[Tue Jan 13 13:57:56 CST 2026] [监控中] 等待 30 秒...
[Tue Jan 13 13:58:26 CST 2026] [监控中] 当前最高GPU占用: 96%
[Tue Jan 13 13:58:26 CST 2026] [监控中] 等待 30 秒...
[Tue Jan 13 13:58:56 CST 2026] [监控中] 当前最高GPU占用: 100%
[Tue Jan 13 13:58:56 CST 2026] [监控中] 等待 30 秒...
[Tue Jan 13 13:59:26 CST 2026] [监控中] 当前最高GPU占用: 100%
[Tue Jan 13 13:59:26 CST 2026] [监控中] 等待 30 秒...
[Tue Jan 13 13:59:56 CST 2026] [监控中] 当前最高GPU占用: 98%
[Tue Jan 13 13:59:56 CST 2026] [监控中] 等待 30 秒...
[Tue Jan 13 14:00:26 CST 2026] [监控中] 当前最高GPU占用: 100%
[Tue Jan 13 14:00:26 CST 2026] [监控中] 等待 30 秒...
[Tue Jan 13 14:00:56 CST 2026] [监控中] 当前最高GPU占用: 94%
[Tue Jan 13 14:00:56 CST 2026] [监控中] 等待 30 秒...
[Tue Jan 13 14:01:26 CST 2026] [监控中] 当前最高GPU占用: 100%
[Tue Jan 13 14:01:26 CST 2026] [监控中] 等待 30 秒...
[Tue Jan 13 14:01:56 CST 2026] [监控中] 当前最高GPU占用: 95%
[Tue Jan 13 14:01:56 CST 2026] [监控中] 等待 30 秒...
[Tue Jan 13 14:02:26 CST 2026] [监控中] 当前最高GPU占用: 100%
[Tue Jan 13 14:02:26 CST 2026] [监控中] 等待 30 秒...
[Tue Jan 13 14:02:57 CST 2026] [监控中] 当前最高GPU占用: 95%
[Tue Jan 13 14:02:57 CST 2026] [监控中] 等待 30 秒...
[Tue Jan 13 14:03:27 CST 2026] [监控中] 当前最高GPU占用: 95%
[Tue Jan 13 14:03:27 CST 2026] [监控中] 等待 30 秒...
[Tue Jan 13 14:03:57 CST 2026] [监控中] 当前最高GPU占用: 93%
[Tue Jan 13 14:03:57 CST 2026] [监控中] 等待 30 秒...
[Tue Jan 13 14:04:27 CST 2026] [监控中] 当前最高GPU占用: 100%
[Tue Jan 13 14:04:27 CST 2026] [监控中] 等待 30 秒...
[Tue Jan 13 14:04:57 CST 2026] [监控中] 当前最高GPU占用: 95%
[Tue Jan 13 14:04:57 CST 2026] [监控中] 等待 30 秒...
[Tue Jan 13 14:05:27 CST 2026] [监控中] 当前最高GPU占用: 77%
[Tue Jan 13 14:05:27 CST 2026] [监控中] 等待 30 秒...
[Tue Jan 13 14:05:57 CST 2026] [监控中] 当前最高GPU占用: 67%
[Tue Jan 13 14:05:57 CST 2026] [监控中] 等待 30 秒...
[Tue Jan 13 14:06:27 CST 2026] [监控中] 当前最高GPU占用: 100%
[Tue Jan 13 14:06:27 CST 2026] [监控中] 等待 30 秒...
[Tue Jan 13 14:06:57 CST 2026] [监控中] 当前最高GPU占用: 100%
[Tue Jan 13 14:06:57 CST 2026] [监控中] 等待 30 秒...
[Tue Jan 13 14:07:27 CST 2026] [监控中] 当前最高GPU占用: 95%
[Tue Jan 13 14:07:27 CST 2026] [监控中] 等待 30 秒...
[Tue Jan 13 14:07:58 CST 2026] [监控中] 当前最高GPU占用: 64%
[Tue Jan 13 14:07:58 CST 2026] [监控中] 等待 30 秒...
[Tue Jan 13 14:08:28 CST 2026] [监控中] 当前最高GPU占用: 79%
[Tue Jan 13 14:08:28 CST 2026] [监控中] 等待 30 秒...
[Tue Jan 13 14:08:58 CST 2026] [监控中] 当前最高GPU占用: 100%
[Tue Jan 13 14:08:58 CST 2026] [监控中] 等待 30 秒...
[Tue Jan 13 14:09:28 CST 2026] [监控中] 当前最高GPU占用: 99%
[Tue Jan 13 14:09:28 CST 2026] [监控中] 等待 30 秒...
[Tue Jan 13 14:09:58 CST 2026] [监控中] 当前最高GPU占用: 95%
[Tue Jan 13 14:09:58 CST 2026] [监控中] 等待 30 秒...
[Tue Jan 13 14:10:28 CST 2026] [监控中] 当前最高GPU占用: 87%
[Tue Jan 13 14:10:28 CST 2026] [监控中] 等待 30 秒...
[Tue Jan 13 14:10:58 CST 2026] [监控中] 当前最高GPU占用: 73%
[Tue Jan 13 14:10:58 CST 2026] [监控中] 等待 30 秒...
[Tue Jan 13 14:11:28 CST 2026] [监控中] 当前最高GPU占用: 95%
[Tue Jan 13 14:11:28 CST 2026] [监控中] 等待 30 秒...
[Tue Jan 13 14:11:58 CST 2026] [监控中] 当前最高GPU占用: 66%
[Tue Jan 13 14:11:58 CST 2026] [监控中] 等待 30 秒...
[Tue Jan 13 14:12:28 CST 2026] [监控中] 当前最高GPU占用: 85%
[Tue Jan 13 14:12:28 CST 2026] [监控中] 等待 30 秒...
[Tue Jan 13 14:12:58 CST 2026] [监控中] 当前最高GPU占用: 96%
[Tue Jan 13 14:12:58 CST 2026] [监控中] 等待 30 秒...
[Tue Jan 13 14:13:29 CST 2026] [监控中] 当前最高GPU占用: 94%
[Tue Jan 13 14:13:29 CST 2026] [监控中] 等待 30 秒...
[Tue Jan 13 14:13:59 CST 2026] [监控中] 当前最高GPU占用: 85%
[Tue Jan 13 14:13:59 CST 2026] [监控中] 等待 30 秒...
[Tue Jan 13 14:14:29 CST 2026] [监控中] 当前最高GPU占用: 94%
[Tue Jan 13 14:14:29 CST 2026] [监控中] 等待 30 秒...
[Tue Jan 13 14:14:59 CST 2026] [监控中] 当前最高GPU占用: 95%
[Tue Jan 13 14:14:59 CST 2026] [监控中] 等待 30 秒...
[Tue Jan 13 14:15:29 CST 2026] [监控中] 当前最高GPU占用: 67%
[Tue Jan 13 14:15:29 CST 2026] [监控中] 等待 30 秒...
[Tue Jan 13 14:15:59 CST 2026] [监控中] 当前最高GPU占用: 81%
[Tue Jan 13 14:15:59 CST 2026] [监控中] 等待 30 秒...
[Tue Jan 13 14:16:29 CST 2026] [监控中] 当前最高GPU占用: 98%
[Tue Jan 13 14:16:29 CST 2026] [监控中] 等待 30 秒...
[Tue Jan 13 14:16:59 CST 2026] [监控中] 当前最高GPU占用: 97%
[Tue Jan 13 14:16:59 CST 2026] [监控中] 等待 30 秒...
[Tue Jan 13 14:17:29 CST 2026] [监控中] 当前最高GPU占用: 95%
[Tue Jan 13 14:17:29 CST 2026] [监控中] 等待 30 秒...
[Tue Jan 13 14:17:59 CST 2026] [监控中] 当前最高GPU占用: 75%
[Tue Jan 13 14:17:59 CST 2026] [监控中] 等待 30 秒...
[Tue Jan 13 14:18:30 CST 2026] [监控中] 当前最高GPU占用: 100%
[Tue Jan 13 14:18:30 CST 2026] [监控中] 等待 30 秒...
[Tue Jan 13 14:19:00 CST 2026] [监控中] 当前最高GPU占用: 68%
[Tue Jan 13 14:19:00 CST 2026] [监控中] 等待 30 秒...
[Tue Jan 13 14:19:30 CST 2026] [监控中] 当前最高GPU占用: 65%
[Tue Jan 13 14:19:30 CST 2026] [监控中] 等待 30 秒...
[Tue Jan 13 14:20:00 CST 2026] [监控中] 当前最高GPU占用: 67%
[Tue Jan 13 14:20:00 CST 2026] [监控中] 等待 30 秒...
[Tue Jan 13 14:20:30 CST 2026] [监控中] 当前最高GPU占用: 95%
[Tue Jan 13 14:20:30 CST 2026] [监控中] 等待 30 秒...
[Tue Jan 13 14:21:00 CST 2026] [监控中] 当前最高GPU占用: 90%
[Tue Jan 13 14:21:00 CST 2026] [监控中] 等待 30 秒...
[Tue Jan 13 14:21:30 CST 2026] [监控中] 当前最高GPU占用: 63%
[Tue Jan 13 14:21:30 CST 2026] [监控中] 等待 30 秒...
[Tue Jan 13 14:22:00 CST 2026] [监控中] 当前最高GPU占用: 100%
[Tue Jan 13 14:22:00 CST 2026] [监控中] 等待 30 秒...
[Tue Jan 13 14:22:30 CST 2026] [监控中] 当前最高GPU占用: 100%
[Tue Jan 13 14:22:30 CST 2026] [监控中] 等待 30 秒...
[Tue Jan 13 14:23:00 CST 2026] [监控中] 当前最高GPU占用: 95%
[Tue Jan 13 14:23:00 CST 2026] [监控中] 等待 30 秒...
[Tue Jan 13 14:23:30 CST 2026] [监控中] 当前最高GPU占用: 95%
[Tue Jan 13 14:23:30 CST 2026] [监控中] 等待 30 秒...
[Tue Jan 13 14:24:01 CST 2026] [监控中] 当前最高GPU占用: 83%
[Tue Jan 13 14:24:01 CST 2026] [监控中] 等待 30 秒...
[Tue Jan 13 14:24:31 CST 2026] [监控中] 当前最高GPU占用: 100%
[Tue Jan 13 14:24:31 CST 2026] [监控中] 等待 30 秒...
[Tue Jan 13 14:25:01 CST 2026] [监控中] 当前最高GPU占用: 72%
[Tue Jan 13 14:25:01 CST 2026] [监控中] 等待 30 秒...
[Tue Jan 13 14:25:31 CST 2026] [监控中] 当前最高GPU占用: 95%
[Tue Jan 13 14:25:31 CST 2026] [监控中] 等待 30 秒...
[Tue Jan 13 14:26:01 CST 2026] [监控中] 当前最高GPU占用: 83%
[Tue Jan 13 14:26:01 CST 2026] [监控中] 等待 30 秒...
[Tue Jan 13 14:26:31 CST 2026] [监控中] 当前最高GPU占用: 95%
[Tue Jan 13 14:26:31 CST 2026] [监控中] 等待 30 秒...
[Tue Jan 13 14:27:01 CST 2026] [监控中] 当前最高GPU占用: 100%
[Tue Jan 13 14:27:01 CST 2026] [监控中] 等待 30 秒...
[Tue Jan 13 14:27:31 CST 2026] [监控中] 当前最高GPU占用: 100%
[Tue Jan 13 14:27:31 CST 2026] [监控中] 等待 30 秒...
[Tue Jan 13 14:28:01 CST 2026] [监控中] 当前最高GPU占用: 97%
[Tue Jan 13 14:28:01 CST 2026] [监控中] 等待 30 秒...
[Tue Jan 13 14:28:31 CST 2026] [监控中] 当前最高GPU占用: 100%
[Tue Jan 13 14:28:31 CST 2026] [监控中] 等待 30 秒...
[Tue Jan 13 14:29:01 CST 2026] [监控中] 当前最高GPU占用: 67%
[Tue Jan 13 14:29:01 CST 2026] [监控中] 等待 30 秒...
[Tue Jan 13 14:29:32 CST 2026] [监控中] 当前最高GPU占用: 95%
[Tue Jan 13 14:29:32 CST 2026] [监控中] 等待 30 秒...
[Tue Jan 13 14:30:02 CST 2026] [监控中] 当前最高GPU占用: 95%
[Tue Jan 13 14:30:02 CST 2026] [监控中] 等待 30 秒...
[Tue Jan 13 14:30:32 CST 2026] [监控中] 当前最高GPU占用: 81%
[Tue Jan 13 14:30:32 CST 2026] [监控中] 等待 30 秒...
[Tue Jan 13 14:31:02 CST 2026] [监控中] 当前最高GPU占用: 95%
[Tue Jan 13 14:31:02 CST 2026] [监控中] 等待 30 秒...
[Tue Jan 13 14:31:32 CST 2026] [监控中] 当前最高GPU占用: 95%
[Tue Jan 13 14:31:32 CST 2026] [监控中] 等待 30 秒...
[Tue Jan 13 14:32:02 CST 2026] [监控中] 当前最高GPU占用: 100%
[Tue Jan 13 14:32:02 CST 2026] [监控中] 等待 30 秒...
[Tue Jan 13 14:32:32 CST 2026] [监控中] 当前最高GPU占用: 95%
[Tue Jan 13 14:32:32 CST 2026] [监控中] 等待 30 秒...
[Tue Jan 13 14:33:02 CST 2026] [监控中] 当前最高GPU占用: 95%
[Tue Jan 13 14:33:02 CST 2026] [监控中] 等待 30 秒...
[Tue Jan 13 14:33:32 CST 2026] [监控中] 当前最高GPU占用: 90%
[Tue Jan 13 14:33:32 CST 2026] [监控中] 等待 30 秒...
[Tue Jan 13 14:34:02 CST 2026] [监控中] 当前最高GPU占用: 78%
[Tue Jan 13 14:34:02 CST 2026] [监控中] 等待 30 秒...
[Tue Jan 13 14:34:33 CST 2026] [监控中] 当前最高GPU占用: 95%
[Tue Jan 13 14:34:33 CST 2026] [监控中] 等待 30 秒...
[Tue Jan 13 14:35:03 CST 2026] [监控中] 当前最高GPU占用: 95%
[Tue Jan 13 14:35:03 CST 2026] [监控中] 等待 30 秒...
[Tue Jan 13 14:35:33 CST 2026] [监控中] 当前最高GPU占用: 83%
[Tue Jan 13 14:35:33 CST 2026] [监控中] 等待 30 秒...
[Tue Jan 13 14:36:03 CST 2026] [监控中] 当前最高GPU占用: 88%
[Tue Jan 13 14:36:03 CST 2026] [监控中] 等待 30 秒...
[Tue Jan 13 14:36:33 CST 2026] [监控中] 当前最高GPU占用: 69%
[Tue Jan 13 14:36:33 CST 2026] [监控中] 等待 30 秒...
[Tue Jan 13 14:37:03 CST 2026] [监控中] 当前最高GPU占用: 63%
[Tue Jan 13 14:37:03 CST 2026] [监控中] 等待 30 秒...
[Tue Jan 13 14:37:33 CST 2026] [监控中] 当前最高GPU占用: 62%
[Tue Jan 13 14:37:33 CST 2026] [监控中] 等待 30 秒...
[Tue Jan 13 14:38:03 CST 2026] [监控中] 当前最高GPU占用: 100%
[Tue Jan 13 14:38:03 CST 2026] [监控中] 等待 30 秒...
[Tue Jan 13 14:38:33 CST 2026] [监控中] 当前最高GPU占用: 91%
[Tue Jan 13 14:38:33 CST 2026] [监控中] 等待 30 秒...
[Tue Jan 13 14:39:03 CST 2026] [监控中] 当前最高GPU占用: 100%
[Tue Jan 13 14:39:03 CST 2026] [监控中] 等待 30 秒...
[Tue Jan 13 14:39:34 CST 2026] [监控中] 当前最高GPU占用: 67%
[Tue Jan 13 14:39:34 CST 2026] [监控中] 等待 30 秒...
[Tue Jan 13 14:40:04 CST 2026] [监控中] 当前最高GPU占用: 100%
[Tue Jan 13 14:40:04 CST 2026] [监控中] 等待 30 秒...
[Tue Jan 13 14:40:34 CST 2026] [监控中] 当前最高GPU占用: 75%
[Tue Jan 13 14:40:34 CST 2026] [监控中] 等待 30 秒...
[Tue Jan 13 14:41:04 CST 2026] [监控中] 当前最高GPU占用: 90%
[Tue Jan 13 14:41:04 CST 2026] [监控中] 等待 30 秒...
[Tue Jan 13 14:41:34 CST 2026] [监控中] 当前最高GPU占用: 62%
[Tue Jan 13 14:41:34 CST 2026] [监控中] 等待 30 秒...
[Tue Jan 13 14:42:04 CST 2026] [监控中] 当前最高GPU占用: 100%
[Tue Jan 13 14:42:04 CST 2026] [监控中] 等待 30 秒...
[Tue Jan 13 14:42:34 CST 2026] [监控中] 当前最高GPU占用: 66%
[Tue Jan 13 14:42:34 CST 2026] [监控中] 等待 30 秒...
[Tue Jan 13 14:43:04 CST 2026] [监控中] 当前最高GPU占用: 74%
[Tue Jan 13 14:43:04 CST 2026] [监控中] 等待 30 秒...
[Tue Jan 13 14:43:34 CST 2026] [监控中] 当前最高GPU占用: 68%
[Tue Jan 13 14:43:34 CST 2026] [监控中] 等待 30 秒...
[Tue Jan 13 14:44:04 CST 2026] [监控中] 当前最高GPU占用: 69%
[Tue Jan 13 14:44:04 CST 2026] [监控中] 等待 30 秒...
[Tue Jan 13 14:44:35 CST 2026] [监控中] 当前最高GPU占用: 95%
[Tue Jan 13 14:44:35 CST 2026] [监控中] 等待 30 秒...
[Tue Jan 13 14:45:05 CST 2026] [监控中] 当前最高GPU占用: 100%
[Tue Jan 13 14:45:05 CST 2026] [监控中] 等待 30 秒...
[Tue Jan 13 14:45:35 CST 2026] [监控中] 当前最高GPU占用: 91%
[Tue Jan 13 14:45:35 CST 2026] [监控中] 等待 30 秒...
[Tue Jan 13 14:46:05 CST 2026] [监控中] 当前最高GPU占用: 100%
[Tue Jan 13 14:46:05 CST 2026] [监控中] 等待 30 秒...
[Tue Jan 13 14:46:35 CST 2026] [监控中] 当前最高GPU占用: 97%
[Tue Jan 13 14:46:35 CST 2026] [监控中] 等待 30 秒...
[Tue Jan 13 14:47:05 CST 2026] [监控中] 当前最高GPU占用: 70%
[Tue Jan 13 14:47:05 CST 2026] [监控中] 等待 30 秒...
[Tue Jan 13 14:47:35 CST 2026] [监控中] 当前最高GPU占用: 100%
[Tue Jan 13 14:47:35 CST 2026] [监控中] 等待 30 秒...
[Tue Jan 13 14:48:05 CST 2026] [监控中] 当前最高GPU占用: 100%
[Tue Jan 13 14:48:05 CST 2026] [监控中] 等待 30 秒...
[Tue Jan 13 14:48:35 CST 2026] [监控中] 当前最高GPU占用: 95%
[Tue Jan 13 14:48:35 CST 2026] [监控中] 等待 30 秒...
[Tue Jan 13 14:49:05 CST 2026] [监控中] 当前最高GPU占用: 95%
[Tue Jan 13 14:49:05 CST 2026] [监控中] 等待 30 秒...
[Tue Jan 13 14:49:35 CST 2026] [监控中] 当前最高GPU占用: 94%
[Tue Jan 13 14:49:35 CST 2026] [监控中] 等待 30 秒...
[Tue Jan 13 14:50:06 CST 2026] [监控中] 当前最高GPU占用: 64%
[Tue Jan 13 14:50:06 CST 2026] [监控中] 等待 30 秒...
[Tue Jan 13 14:50:36 CST 2026] [监控中] 当前最高GPU占用: 66%
[Tue Jan 13 14:50:36 CST 2026] [监控中] 等待 30 秒...
[Tue Jan 13 14:51:06 CST 2026] [监控中] 当前最高GPU占用: 100%
[Tue Jan 13 14:51:06 CST 2026] [监控中] 等待 30 秒...
[Tue Jan 13 14:51:36 CST 2026] [监控中] 当前最高GPU占用: 95%
[Tue Jan 13 14:51:36 CST 2026] [监控中] 等待 30 秒...
[Tue Jan 13 14:52:06 CST 2026] [监控中] 当前最高GPU占用: 95%
[Tue Jan 13 14:52:06 CST 2026] [监控中] 等待 30 秒...
[Tue Jan 13 14:52:36 CST 2026] [监控中] 当前最高GPU占用: 94%
[Tue Jan 13 14:52:36 CST 2026] [监控中] 等待 30 秒...
[Tue Jan 13 14:53:06 CST 2026] [监控中] 当前最高GPU占用: 95%
[Tue Jan 13 14:53:06 CST 2026] [监控中] 等待 30 秒...
[Tue Jan 13 14:53:36 CST 2026] [监控中] 当前最高GPU占用: 94%
[Tue Jan 13 14:53:36 CST 2026] [监控中] 等待 30 秒...
[Tue Jan 13 14:54:06 CST 2026] [监控中] 当前最高GPU占用: 66%
[Tue Jan 13 14:54:06 CST 2026] [监控中] 等待 30 秒...
[Tue Jan 13 14:54:36 CST 2026] [监控中] 当前最高GPU占用: 94%
[Tue Jan 13 14:54:36 CST 2026] [监控中] 等待 30 秒...
[Tue Jan 13 14:55:07 CST 2026] [监控中] 当前最高GPU占用: 100%
[Tue Jan 13 14:55:07 CST 2026] [监控中] 等待 30 秒...
[Tue Jan 13 14:55:37 CST 2026] [监控中] 当前最高GPU占用: 79%
[Tue Jan 13 14:55:37 CST 2026] [监控中] 等待 30 秒...
[Tue Jan 13 14:56:07 CST 2026] [监控中] 当前最高GPU占用: 67%
[Tue Jan 13 14:56:07 CST 2026] [监控中] 等待 30 秒...
[Tue Jan 13 14:56:37 CST 2026] [监控中] 当前最高GPU占用: 66%
[Tue Jan 13 14:56:37 CST 2026] [监控中] 等待 30 秒...
[Tue Jan 13 14:57:07 CST 2026] [监控中] 当前最高GPU占用: 95%
[Tue Jan 13 14:57:07 CST 2026] [监控中] 等待 30 秒...
[Tue Jan 13 14:57:37 CST 2026] [监控中] 当前最高GPU占用: 72%
[Tue Jan 13 14:57:37 CST 2026] [监控中] 等待 30 秒...
[Tue Jan 13 14:58:07 CST 2026] [监控中] 当前最高GPU占用: 97%
[Tue Jan 13 14:58:07 CST 2026] [监控中] 等待 30 秒...
[Tue Jan 13 14:58:37 CST 2026] [监控中] 当前最高GPU占用: 79%
[Tue Jan 13 14:58:37 CST 2026] [监控中] 等待 30 秒...
[Tue Jan 13 14:59:07 CST 2026] [监控中] 当前最高GPU占用: 88%
[Tue Jan 13 14:59:07 CST 2026] [监控中] 等待 30 秒...
[Tue Jan 13 14:59:37 CST 2026] [监控中] 当前最高GPU占用: 65%
[Tue Jan 13 14:59:37 CST 2026] [监控中] 等待 30 秒...
[Tue Jan 13 15:00:08 CST 2026] [监控中] 当前最高GPU占用: 87%
[Tue Jan 13 15:00:08 CST 2026] [监控中] 等待 30 秒...
[Tue Jan 13 15:00:38 CST 2026] [监控中] 当前最高GPU占用: 95%
[Tue Jan 13 15:00:38 CST 2026] [监控中] 等待 30 秒...
[Tue Jan 13 15:01:08 CST 2026] [监控中] 当前最高GPU占用: 98%
[Tue Jan 13 15:01:08 CST 2026] [监控中] 等待 30 秒...
[Tue Jan 13 15:01:38 CST 2026] [监控中] 当前最高GPU占用: 100%
[Tue Jan 13 15:01:38 CST 2026] [监控中] 等待 30 秒...
[Tue Jan 13 15:02:08 CST 2026] [监控中] 当前最高GPU占用: 95%
[Tue Jan 13 15:02:08 CST 2026] [监控中] 等待 30 秒...
[Tue Jan 13 15:02:38 CST 2026] [监控中] 当前最高GPU占用: 95%
[Tue Jan 13 15:02:38 CST 2026] [监控中] 等待 30 秒...
[Tue Jan 13 15:03:08 CST 2026] [监控中] 当前最高GPU占用: 69%
[Tue Jan 13 15:03:08 CST 2026] [监控中] 等待 30 秒...
[Tue Jan 13 15:03:38 CST 2026] [监控中] 当前最高GPU占用: 67%
[Tue Jan 13 15:03:38 CST 2026] [监控中] 等待 30 秒...
[Tue Jan 13 15:04:08 CST 2026] [监控中] 当前最高GPU占用: 95%
[Tue Jan 13 15:04:08 CST 2026] [监控中] 等待 30 秒...
[Tue Jan 13 15:04:39 CST 2026] [监控中] 当前最高GPU占用: 95%
[Tue Jan 13 15:04:39 CST 2026] [监控中] 等待 30 秒...
[Tue Jan 13 15:05:09 CST 2026] [监控中] 当前最高GPU占用: 68%
[Tue Jan 13 15:05:09 CST 2026] [监控中] 等待 30 秒...
[Tue Jan 13 15:05:39 CST 2026] [监控中] 当前最高GPU占用: 94%
[Tue Jan 13 15:05:39 CST 2026] [监控中] 等待 30 秒...
[Tue Jan 13 15:06:09 CST 2026] [监控中] 当前最高GPU占用: 100%
[Tue Jan 13 15:06:09 CST 2026] [监控中] 等待 30 秒...
[Tue Jan 13 15:06:39 CST 2026] [监控中] 当前最高GPU占用: 95%
[Tue Jan 13 15:06:39 CST 2026] [监控中] 等待 30 秒...
[Tue Jan 13 15:07:09 CST 2026] [监控中] 当前最高GPU占用: 65%
[Tue Jan 13 15:07:09 CST 2026] [监控中] 等待 30 秒...
[Tue Jan 13 15:07:39 CST 2026] [监控中] 当前最高GPU占用: 80%
[Tue Jan 13 15:07:39 CST 2026] [监控中] 等待 30 秒...
[Tue Jan 13 15:08:09 CST 2026] [监控中] 当前最高GPU占用: 95%
[Tue Jan 13 15:08:09 CST 2026] [监控中] 等待 30 秒...
[Tue Jan 13 15:08:39 CST 2026] [监控中] 当前最高GPU占用: 100%
[Tue Jan 13 15:08:39 CST 2026] [监控中] 等待 30 秒...
[Tue Jan 13 15:09:10 CST 2026] [监控中] 当前最高GPU占用: 100%
[Tue Jan 13 15:09:10 CST 2026] [监控中] 等待 30 秒...
[Tue Jan 13 15:09:40 CST 2026] [监控中] 当前最高GPU占用: 95%
[Tue Jan 13 15:09:40 CST 2026] [监控中] 等待 30 秒...
[Tue Jan 13 15:10:10 CST 2026] [监控中] 当前最高GPU占用: 95%
[Tue Jan 13 15:10:10 CST 2026] [监控中] 等待 30 秒...
[Tue Jan 13 15:10:40 CST 2026] [监控中] 当前最高GPU占用: 95%
[Tue Jan 13 15:10:40 CST 2026] [监控中] 等待 30 秒...
[Tue Jan 13 15:11:10 CST 2026] [监控中] 当前最高GPU占用: 95%
[Tue Jan 13 15:11:10 CST 2026] [监控中] 等待 30 秒...
[Tue Jan 13 15:11:40 CST 2026] [监控中] 当前最高GPU占用: 100%
[Tue Jan 13 15:11:40 CST 2026] [监控中] 等待 30 秒...
[Tue Jan 13 15:12:10 CST 2026] [监控中] 当前最高GPU占用: 84%
[Tue Jan 13 15:12:10 CST 2026] [监控中] 等待 30 秒...
[Tue Jan 13 15:12:40 CST 2026] [监控中] 当前最高GPU占用: 100%
[Tue Jan 13 15:12:40 CST 2026] [监控中] 等待 30 秒...
[Tue Jan 13 15:13:10 CST 2026] [监控中] 当前最高GPU占用: 95%
[Tue Jan 13 15:13:10 CST 2026] [监控中] 等待 30 秒...
[Tue Jan 13 15:13:40 CST 2026] [监控中] 当前最高GPU占用: 100%
[Tue Jan 13 15:13:40 CST 2026] [监控中] 等待 30 秒...
[Tue Jan 13 15:14:11 CST 2026] [监控中] 当前最高GPU占用: 68%
[Tue Jan 13 15:14:11 CST 2026] [监控中] 等待 30 秒...
[Tue Jan 13 15:14:41 CST 2026] [监控中] 当前最高GPU占用: 100%
[Tue Jan 13 15:14:41 CST 2026] [监控中] 等待 30 秒...
[Tue Jan 13 15:15:11 CST 2026] [监控中] 当前最高GPU占用: 94%
[Tue Jan 13 15:15:11 CST 2026] [监控中] 等待 30 秒...
[Tue Jan 13 15:15:41 CST 2026] [监控中] 当前最高GPU占用: 87%
[Tue Jan 13 15:15:41 CST 2026] [监控中] 等待 30 秒...
[Tue Jan 13 15:16:11 CST 2026] [监控中] 当前最高GPU占用: 94%
[Tue Jan 13 15:16:11 CST 2026] [监控中] 等待 30 秒...
[Tue Jan 13 15:16:41 CST 2026] [监控中] 当前最高GPU占用: 95%
[Tue Jan 13 15:16:41 CST 2026] [监控中] 等待 30 秒...
[Tue Jan 13 15:17:11 CST 2026] [监控中] 当前最高GPU占用: 94%
[Tue Jan 13 15:17:11 CST 2026] [监控中] 等待 30 秒...
[Tue Jan 13 15:17:41 CST 2026] [监控中] 当前最高GPU占用: 100%
[Tue Jan 13 15:17:41 CST 2026] [监控中] 等待 30 秒...
[Tue Jan 13 15:18:11 CST 2026] [监控中] 当前最高GPU占用: 90%
[Tue Jan 13 15:18:11 CST 2026] [监控中] 等待 30 秒...
[Tue Jan 13 15:18:42 CST 2026] [监控中] 当前最高GPU占用: 94%
[Tue Jan 13 15:18:42 CST 2026] [监控中] 等待 30 秒...
[Tue Jan 13 15:19:12 CST 2026] [监控中] 当前最高GPU占用: 95%
[Tue Jan 13 15:19:12 CST 2026] [监控中] 等待 30 秒...
[Tue Jan 13 15:19:42 CST 2026] [监控中] 当前最高GPU占用: 97%
[Tue Jan 13 15:19:42 CST 2026] [监控中] 等待 30 秒...
[Tue Jan 13 15:20:12 CST 2026] [监控中] 当前最高GPU占用: 88%
[Tue Jan 13 15:20:12 CST 2026] [监控中] 等待 30 秒...
[Tue Jan 13 15:20:42 CST 2026] [监控中] 当前最高GPU占用: 61%
[Tue Jan 13 15:20:42 CST 2026] [监控中] 等待 30 秒...
[Tue Jan 13 15:21:12 CST 2026] [监控中] 当前最高GPU占用: 100%
[Tue Jan 13 15:21:12 CST 2026] [监控中] 等待 30 秒...
[Tue Jan 13 15:21:42 CST 2026] [监控中] 当前最高GPU占用: 75%
[Tue Jan 13 15:21:42 CST 2026] [监控中] 等待 30 秒...
[Tue Jan 13 15:22:12 CST 2026] [监控中] 当前最高GPU占用: 100%
[Tue Jan 13 15:22:12 CST 2026] [监控中] 等待 30 秒...
[Tue Jan 13 15:22:42 CST 2026] [监控中] 当前最高GPU占用: 100%
[Tue Jan 13 15:22:42 CST 2026] [监控中] 等待 30 秒...
[Tue Jan 13 15:23:12 CST 2026] [监控中] 当前最高GPU占用: 100%
[Tue Jan 13 15:23:12 CST 2026] [监控中] 等待 30 秒...
[Tue Jan 13 15:23:42 CST 2026] [监控中] 当前最高GPU占用: 67%
[Tue Jan 13 15:23:42 CST 2026] [监控中] 等待 30 秒...
[Tue Jan 13 15:24:13 CST 2026] [监控中] 当前最高GPU占用: 100%
[Tue Jan 13 15:24:13 CST 2026] [监控中] 等待 30 秒...
[Tue Jan 13 15:24:43 CST 2026] [监控中] 当前最高GPU占用: 90%
[Tue Jan 13 15:24:43 CST 2026] [监控中] 等待 30 秒...
[Tue Jan 13 15:25:13 CST 2026] [监控中] 当前最高GPU占用: 95%
[Tue Jan 13 15:25:13 CST 2026] [监控中] 等待 30 秒...
[Tue Jan 13 15:25:43 CST 2026] [监控中] 当前最高GPU占用: 95%
[Tue Jan 13 15:25:43 CST 2026] [监控中] 等待 30 秒...
[Tue Jan 13 15:26:13 CST 2026] [监控中] 当前最高GPU占用: 100%
[Tue Jan 13 15:26:13 CST 2026] [监控中] 等待 30 秒...
[Tue Jan 13 15:26:43 CST 2026] [监控中] 当前最高GPU占用: 100%
[Tue Jan 13 15:26:43 CST 2026] [监控中] 等待 30 秒...
[Tue Jan 13 15:27:13 CST 2026] [监控中] 当前最高GPU占用: 100%
[Tue Jan 13 15:27:13 CST 2026] [监控中] 等待 30 秒...
[Tue Jan 13 15:27:43 CST 2026] [监控中] 当前最高GPU占用: 95%
[Tue Jan 13 15:27:43 CST 2026] [监控中] 等待 30 秒...
[Tue Jan 13 15:28:13 CST 2026] [监控中] 当前最高GPU占用: 100%
[Tue Jan 13 15:28:13 CST 2026] [监控中] 等待 30 秒...
[Tue Jan 13 15:28:43 CST 2026] [监控中] 当前最高GPU占用: 96%
[Tue Jan 13 15:28:43 CST 2026] [监控中] 等待 30 秒...
[Tue Jan 13 15:29:14 CST 2026] [监控中] 当前最高GPU占用: 100%
[Tue Jan 13 15:29:14 CST 2026] [监控中] 等待 30 秒...
[Tue Jan 13 15:29:44 CST 2026] [监控中] 当前最高GPU占用: 95%
[Tue Jan 13 15:29:44 CST 2026] [监控中] 等待 30 秒...
[Tue Jan 13 15:30:14 CST 2026] [监控中] 当前最高GPU占用: 95%
[Tue Jan 13 15:30:14 CST 2026] [监控中] 等待 30 秒...
[Tue Jan 13 15:30:44 CST 2026] [监控中] 当前最高GPU占用: 94%
[Tue Jan 13 15:30:44 CST 2026] [监控中] 等待 30 秒...
[Tue Jan 13 15:31:14 CST 2026] [监控中] 当前最高GPU占用: 98%
[Tue Jan 13 15:31:14 CST 2026] [监控中] 等待 30 秒...
[Tue Jan 13 15:31:44 CST 2026] [监控中] 当前最高GPU占用: 94%
[Tue Jan 13 15:31:44 CST 2026] [监控中] 等待 30 秒...
[Tue Jan 13 15:32:14 CST 2026] [监控中] 当前最高GPU占用: 100%
[Tue Jan 13 15:32:14 CST 2026] [监控中] 等待 30 秒...
[Tue Jan 13 15:32:44 CST 2026] [监控中] 当前最高GPU占用: 100%
[Tue Jan 13 15:32:44 CST 2026] [监控中] 等待 30 秒...
[Tue Jan 13 15:33:14 CST 2026] [监控中] 当前最高GPU占用: 94%
[Tue Jan 13 15:33:14 CST 2026] [监控中] 等待 30 秒...
[Tue Jan 13 15:33:44 CST 2026] [监控中] 当前最高GPU占用: 68%
[Tue Jan 13 15:33:44 CST 2026] [监控中] 等待 30 秒...
[Tue Jan 13 15:34:15 CST 2026] [监控中] 当前最高GPU占用: 92%
[Tue Jan 13 15:34:15 CST 2026] [监控中] 等待 30 秒...
[Tue Jan 13 15:34:45 CST 2026] [监控中] 当前最高GPU占用: 100%
[Tue Jan 13 15:34:45 CST 2026] [监控中] 等待 30 秒...
[Tue Jan 13 15:35:15 CST 2026] [监控中] 当前最高GPU占用: 75%
[Tue Jan 13 15:35:15 CST 2026] [监控中] 等待 30 秒...
[Tue Jan 13 15:35:45 CST 2026] [监控中] 当前最高GPU占用: 94%
[Tue Jan 13 15:35:45 CST 2026] [监控中] 等待 30 秒...
[Tue Jan 13 15:36:15 CST 2026] [监控中] 当前最高GPU占用: 95%
[Tue Jan 13 15:36:15 CST 2026] [监控中] 等待 30 秒...
[Tue Jan 13 15:36:45 CST 2026] [监控中] 当前最高GPU占用: 100%
[Tue Jan 13 15:36:45 CST 2026] [监控中] 等待 30 秒...
[Tue Jan 13 15:37:15 CST 2026] [监控中] 当前最高GPU占用: 68%
[Tue Jan 13 15:37:15 CST 2026] [监控中] 等待 30 秒...
[Tue Jan 13 15:37:45 CST 2026] [监控中] 当前最高GPU占用: 100%
[Tue Jan 13 15:37:45 CST 2026] [监控中] 等待 30 秒...
[Tue Jan 13 15:38:15 CST 2026] [监控中] 当前最高GPU占用: 100%
[Tue Jan 13 15:38:15 CST 2026] [监控中] 等待 30 秒...
[Tue Jan 13 15:38:45 CST 2026] [监控中] 当前最高GPU占用: 94%
[Tue Jan 13 15:38:45 CST 2026] [监控中] 等待 30 秒...
[Tue Jan 13 15:39:15 CST 2026] [监控中] 当前最高GPU占用: 63%
[Tue Jan 13 15:39:15 CST 2026] [监控中] 等待 30 秒...
[Tue Jan 13 15:39:46 CST 2026] [监控中] 当前最高GPU占用: 78%
[Tue Jan 13 15:39:46 CST 2026] [监控中] 等待 30 秒...
[Tue Jan 13 15:40:16 CST 2026] [监控中] 当前最高GPU占用: 94%
[Tue Jan 13 15:40:16 CST 2026] [监控中] 等待 30 秒...
[Tue Jan 13 15:40:46 CST 2026] [监控中] 当前最高GPU占用: 75%
[Tue Jan 13 15:40:46 CST 2026] [监控中] 等待 30 秒...
[Tue Jan 13 15:41:16 CST 2026] [监控中] 当前最高GPU占用: 94%
[Tue Jan 13 15:41:16 CST 2026] [监控中] 等待 30 秒...
[Tue Jan 13 15:41:46 CST 2026] [监控中] 当前最高GPU占用: 100%
[Tue Jan 13 15:41:46 CST 2026] [监控中] 等待 30 秒...
[Tue Jan 13 15:42:16 CST 2026] [监控中] 当前最高GPU占用: 66%
[Tue Jan 13 15:42:16 CST 2026] [监控中] 等待 30 秒...
[Tue Jan 13 15:42:46 CST 2026] [监控中] 当前最高GPU占用: 100%
[Tue Jan 13 15:42:46 CST 2026] [监控中] 等待 30 秒...
[Tue Jan 13 15:43:16 CST 2026] [监控中] 当前最高GPU占用: 94%
[Tue Jan 13 15:43:16 CST 2026] [监控中] 等待 30 秒...
[Tue Jan 13 15:43:46 CST 2026] [监控中] 当前最高GPU占用: 100%
[Tue Jan 13 15:43:46 CST 2026] [监控中] 等待 30 秒...
[Tue Jan 13 15:44:17 CST 2026] [监控中] 当前最高GPU占用: 94%
[Tue Jan 13 15:44:17 CST 2026] [监控中] 等待 30 秒...
[Tue Jan 13 15:44:47 CST 2026] [监控中] 当前最高GPU占用: 91%
[Tue Jan 13 15:44:47 CST 2026] [监控中] 等待 30 秒...
[Tue Jan 13 15:45:17 CST 2026] [监控中] 当前最高GPU占用: 94%
[Tue Jan 13 15:45:17 CST 2026] [监控中] 等待 30 秒...
[Tue Jan 13 15:45:47 CST 2026] [监控中] 当前最高GPU占用: 94%
[Tue Jan 13 15:45:47 CST 2026] [监控中] 等待 30 秒...
[Tue Jan 13 15:46:17 CST 2026] [监控中] 当前最高GPU占用: 94%
[Tue Jan 13 15:46:17 CST 2026] [监控中] 等待 30 秒...
[Tue Jan 13 15:46:47 CST 2026] [监控中] 当前最高GPU占用: 94%
[Tue Jan 13 15:46:47 CST 2026] [监控中] 等待 30 秒...
[Tue Jan 13 15:47:17 CST 2026] [监控中] 当前最高GPU占用: 69%
[Tue Jan 13 15:47:17 CST 2026] [监控中] 等待 30 秒...
[Tue Jan 13 15:47:47 CST 2026] [监控中] 当前最高GPU占用: 75%
[Tue Jan 13 15:47:47 CST 2026] [监控中] 等待 30 秒...
[Tue Jan 13 15:48:17 CST 2026] [监控中] 当前最高GPU占用: 86%
[Tue Jan 13 15:48:17 CST 2026] [监控中] 等待 30 秒...
[Tue Jan 13 15:48:48 CST 2026] [监控中] 当前最高GPU占用: 100%
[Tue Jan 13 15:48:48 CST 2026] [监控中] 等待 30 秒...
[Tue Jan 13 15:49:18 CST 2026] [监控中] 当前最高GPU占用: 100%
[Tue Jan 13 15:49:18 CST 2026] [监控中] 等待 30 秒...
[Tue Jan 13 15:49:48 CST 2026] [监控中] 当前最高GPU占用: 96%
[Tue Jan 13 15:49:48 CST 2026] [监控中] 等待 30 秒...
[Tue Jan 13 15:50:18 CST 2026] [监控中] 当前最高GPU占用: 64%
[Tue Jan 13 15:50:18 CST 2026] [监控中] 等待 30 秒...
[Tue Jan 13 15:50:48 CST 2026] [监控中] 当前最高GPU占用: 73%
[Tue Jan 13 15:50:48 CST 2026] [监控中] 等待 30 秒...
[Tue Jan 13 15:51:18 CST 2026] [监控中] 当前最高GPU占用: 76%
[Tue Jan 13 15:51:18 CST 2026] [监控中] 等待 30 秒...
[Tue Jan 13 15:51:48 CST 2026] [监控中] 当前最高GPU占用: 100%
[Tue Jan 13 15:51:48 CST 2026] [监控中] 等待 30 秒...
[Tue Jan 13 15:52:18 CST 2026] [监控中] 当前最高GPU占用: 100%
[Tue Jan 13 15:52:18 CST 2026] [监控中] 等待 30 秒...
[Tue Jan 13 15:52:48 CST 2026] [监控中] 当前最高GPU占用: 100%
[Tue Jan 13 15:52:48 CST 2026] [监控中] 等待 30 秒...
[Tue Jan 13 15:53:19 CST 2026] [监控中] 当前最高GPU占用: 66%
[Tue Jan 13 15:53:19 CST 2026] [监控中] 等待 30 秒...
[Tue Jan 13 15:53:49 CST 2026] [监控中] 当前最高GPU占用: 65%
[Tue Jan 13 15:53:49 CST 2026] [监控中] 等待 30 秒...
[Tue Jan 13 15:54:19 CST 2026] [监控中] 当前最高GPU占用: 92%
[Tue Jan 13 15:54:19 CST 2026] [监控中] 等待 30 秒...
[Tue Jan 13 15:54:49 CST 2026] [监控中] 当前最高GPU占用: 100%
[Tue Jan 13 15:54:49 CST 2026] [监控中] 等待 30 秒...
[Tue Jan 13 15:55:19 CST 2026] [监控中] 当前最高GPU占用: 74%
[Tue Jan 13 15:55:19 CST 2026] [监控中] 等待 30 秒...
[Tue Jan 13 15:55:49 CST 2026] [监控中] 当前最高GPU占用: 66%
[Tue Jan 13 15:55:49 CST 2026] [监控中] 等待 30 秒...
[Tue Jan 13 15:56:19 CST 2026] [监控中] 当前最高GPU占用: 95%
[Tue Jan 13 15:56:19 CST 2026] [监控中] 等待 30 秒...
[Tue Jan 13 15:56:49 CST 2026] [监控中] 当前最高GPU占用: 94%
[Tue Jan 13 15:56:49 CST 2026] [监控中] 等待 30 秒...
[Tue Jan 13 15:57:19 CST 2026] [监控中] 当前最高GPU占用: 100%
[Tue Jan 13 15:57:19 CST 2026] [监控中] 等待 30 秒...
[Tue Jan 13 15:57:50 CST 2026] [监控中] 当前最高GPU占用: 76%
[Tue Jan 13 15:57:50 CST 2026] [监控中] 等待 30 秒...
[Tue Jan 13 15:58:20 CST 2026] [监控中] 当前最高GPU占用: 95%
[Tue Jan 13 15:58:20 CST 2026] [监控中] 等待 30 秒...
[Tue Jan 13 15:58:50 CST 2026] [监控中] 当前最高GPU占用: 63%
[Tue Jan 13 15:58:50 CST 2026] [监控中] 等待 30 秒...
[Tue Jan 13 15:59:20 CST 2026] [监控中] 当前最高GPU占用: 100%
[Tue Jan 13 15:59:20 CST 2026] [监控中] 等待 30 秒...
[Tue Jan 13 15:59:50 CST 2026] [监控中] 当前最高GPU占用: 98%
[Tue Jan 13 15:59:50 CST 2026] [监控中] 等待 30 秒...
[Tue Jan 13 16:00:20 CST 2026] [监控中] 当前最高GPU占用: 71%
[Tue Jan 13 16:00:20 CST 2026] [监控中] 等待 30 秒...
[Tue Jan 13 16:00:50 CST 2026] [监控中] 当前最高GPU占用: 75%
[Tue Jan 13 16:00:50 CST 2026] [监控中] 等待 30 秒...
[Tue Jan 13 16:01:20 CST 2026] [监控中] 当前最高GPU占用: 92%
[Tue Jan 13 16:01:20 CST 2026] [监控中] 等待 30 秒...
[Tue Jan 13 16:01:50 CST 2026] [监控中] 当前最高GPU占用: 94%
[Tue Jan 13 16:01:50 CST 2026] [监控中] 等待 30 秒...
[Tue Jan 13 16:02:20 CST 2026] [监控中] 当前最高GPU占用: 67%
[Tue Jan 13 16:02:20 CST 2026] [监控中] 等待 30 秒...
[Tue Jan 13 16:02:50 CST 2026] [监控中] 当前最高GPU占用: 86%
[Tue Jan 13 16:02:50 CST 2026] [监控中] 等待 30 秒...
[Tue Jan 13 16:03:21 CST 2026] [监控中] 当前最高GPU占用: 94%
[Tue Jan 13 16:03:21 CST 2026] [监控中] 等待 30 秒...
[Tue Jan 13 16:03:51 CST 2026] [监控中] 当前最高GPU占用: 100%
[Tue Jan 13 16:03:51 CST 2026] [监控中] 等待 30 秒...
[Tue Jan 13 16:04:21 CST 2026] [监控中] 当前最高GPU占用: 100%
[Tue Jan 13 16:04:21 CST 2026] [监控中] 等待 30 秒...
[Tue Jan 13 16:04:51 CST 2026] [监控中] 当前最高GPU占用: 92%
[Tue Jan 13 16:04:51 CST 2026] [监控中] 等待 30 秒...
[Tue Jan 13 16:05:21 CST 2026] [监控中] 当前最高GPU占用: 64%
[Tue Jan 13 16:05:21 CST 2026] [监控中] 等待 30 秒...
[Tue Jan 13 16:05:51 CST 2026] [监控中] 当前最高GPU占用: 100%
[Tue Jan 13 16:05:51 CST 2026] [监控中] 等待 30 秒...
[Tue Jan 13 16:06:21 CST 2026] [监控中] 当前最高GPU占用: 100%
[Tue Jan 13 16:06:21 CST 2026] [监控中] 等待 30 秒...
[Tue Jan 13 16:06:51 CST 2026] [监控中] 当前最高GPU占用: 86%
[Tue Jan 13 16:06:51 CST 2026] [监控中] 等待 30 秒...
[Tue Jan 13 16:07:21 CST 2026] [监控中] 当前最高GPU占用: 95%
[Tue Jan 13 16:07:21 CST 2026] [监控中] 等待 30 秒...
[Tue Jan 13 16:07:52 CST 2026] [监控中] 当前最高GPU占用: 96%
[Tue Jan 13 16:07:52 CST 2026] [监控中] 等待 30 秒...
[Tue Jan 13 16:08:22 CST 2026] [监控中] 当前最高GPU占用: 95%
[Tue Jan 13 16:08:22 CST 2026] [监控中] 等待 30 秒...
[Tue Jan 13 16:08:52 CST 2026] [监控中] 当前最高GPU占用: 94%
[Tue Jan 13 16:08:52 CST 2026] [监控中] 等待 30 秒...
[Tue Jan 13 16:09:22 CST 2026] [监控中] 当前最高GPU占用: 100%
[Tue Jan 13 16:09:22 CST 2026] [监控中] 等待 30 秒...
[Tue Jan 13 16:09:52 CST 2026] [监控中] 当前最高GPU占用: 94%
[Tue Jan 13 16:09:52 CST 2026] [监控中] 等待 30 秒...
[Tue Jan 13 16:10:22 CST 2026] [监控中] 当前最高GPU占用: 58%
[Tue Jan 13 16:10:22 CST 2026] [监控中] 等待 30 秒...
[Tue Jan 13 16:10:52 CST 2026] [监控中] 当前最高GPU占用: 66%
[Tue Jan 13 16:10:52 CST 2026] [监控中] 等待 30 秒...
[Tue Jan 13 16:11:22 CST 2026] [监控中] 当前最高GPU占用: 94%
[Tue Jan 13 16:11:22 CST 2026] [监控中] 等待 30 秒...
[Tue Jan 13 16:11:53 CST 2026] [监控中] 当前最高GPU占用: 94%
[Tue Jan 13 16:11:53 CST 2026] [监控中] 等待 30 秒...
[Tue Jan 13 16:12:23 CST 2026] [监控中] 当前最高GPU占用: 97%
[Tue Jan 13 16:12:23 CST 2026] [监控中] 等待 30 秒...
[Tue Jan 13 16:12:53 CST 2026] [监控中] 当前最高GPU占用: 100%
[Tue Jan 13 16:12:53 CST 2026] [监控中] 等待 30 秒...
[Tue Jan 13 16:13:23 CST 2026] [监控中] 当前最高GPU占用: 77%
[Tue Jan 13 16:13:23 CST 2026] [监控中] 等待 30 秒...
[Tue Jan 13 16:13:53 CST 2026] [监控中] 当前最高GPU占用: 100%
[Tue Jan 13 16:13:53 CST 2026] [监控中] 等待 30 秒...
[Tue Jan 13 16:14:23 CST 2026] [监控中] 当前最高GPU占用: 81%
[Tue Jan 13 16:14:23 CST 2026] [监控中] 等待 30 秒...
[Tue Jan 13 16:14:53 CST 2026] [监控中] 当前最高GPU占用: 97%
[Tue Jan 13 16:14:53 CST 2026] [监控中] 等待 30 秒...
[Tue Jan 13 16:15:23 CST 2026] [监控中] 当前最高GPU占用: 100%
[Tue Jan 13 16:15:23 CST 2026] [监控中] 等待 30 秒...
[Tue Jan 13 16:15:53 CST 2026] [监控中] 当前最高GPU占用: 100%
[Tue Jan 13 16:15:53 CST 2026] [监控中] 等待 30 秒...
[Tue Jan 13 16:16:24 CST 2026] [监控中] 当前最高GPU占用: 94%
[Tue Jan 13 16:16:24 CST 2026] [监控中] 等待 30 秒...
[Tue Jan 13 16:16:54 CST 2026] [监控中] 当前最高GPU占用: 96%
[Tue Jan 13 16:16:54 CST 2026] [监控中] 等待 30 秒...
[Tue Jan 13 16:17:24 CST 2026] [监控中] 当前最高GPU占用: 94%
[Tue Jan 13 16:17:24 CST 2026] [监控中] 等待 30 秒...
[Tue Jan 13 16:17:54 CST 2026] [监控中] 当前最高GPU占用: 92%
[Tue Jan 13 16:17:54 CST 2026] [监控中] 等待 30 秒...
[Tue Jan 13 16:18:24 CST 2026] [监控中] 当前最高GPU占用: 66%
[Tue Jan 13 16:18:24 CST 2026] [监控中] 等待 30 秒...
[Tue Jan 13 16:18:54 CST 2026] [监控中] 当前最高GPU占用: 97%
[Tue Jan 13 16:18:54 CST 2026] [监控中] 等待 30 秒...
[Tue Jan 13 16:19:24 CST 2026] [监控中] 当前最高GPU占用: 65%
[Tue Jan 13 16:19:24 CST 2026] [监控中] 等待 30 秒...
[Tue Jan 13 16:19:54 CST 2026] [监控中] 当前最高GPU占用: 75%
[Tue Jan 13 16:19:54 CST 2026] [监控中] 等待 30 秒...
[Tue Jan 13 16:20:24 CST 2026] [监控中] 当前最高GPU占用: 72%
[Tue Jan 13 16:20:24 CST 2026] [监控中] 等待 30 秒...
[Tue Jan 13 16:20:54 CST 2026] [监控中] 当前最高GPU占用: 100%
[Tue Jan 13 16:20:54 CST 2026] [监控中] 等待 30 秒...
[Tue Jan 13 16:21:25 CST 2026] [监控中] 当前最高GPU占用: 100%
[Tue Jan 13 16:21:25 CST 2026] [监控中] 等待 30 秒...
[Tue Jan 13 16:21:55 CST 2026] [监控中] 当前最高GPU占用: 100%
[Tue Jan 13 16:21:55 CST 2026] [监控中] 等待 30 秒...
[Tue Jan 13 16:22:25 CST 2026] [监控中] 当前最高GPU占用: 100%
[Tue Jan 13 16:22:25 CST 2026] [监控中] 等待 30 秒...
[Tue Jan 13 16:22:55 CST 2026] [监控中] 当前最高GPU占用: 94%
[Tue Jan 13 16:22:55 CST 2026] [监控中] 等待 30 秒...
[Tue Jan 13 16:23:25 CST 2026] [监控中] 当前最高GPU占用: 61%
[Tue Jan 13 16:23:25 CST 2026] [监控中] 等待 30 秒...
[Tue Jan 13 16:23:55 CST 2026] [监控中] 当前最高GPU占用: 100%
[Tue Jan 13 16:23:55 CST 2026] [监控中] 等待 30 秒...
[Tue Jan 13 16:24:25 CST 2026] [监控中] 当前最高GPU占用: 63%
[Tue Jan 13 16:24:25 CST 2026] [监控中] 等待 30 秒...
[Tue Jan 13 16:24:55 CST 2026] [监控中] 当前最高GPU占用: 98%
[Tue Jan 13 16:24:55 CST 2026] [监控中] 等待 30 秒...
[Tue Jan 13 16:25:25 CST 2026] [监控中] 当前最高GPU占用: 94%
[Tue Jan 13 16:25:25 CST 2026] [监控中] 等待 30 秒...
[Tue Jan 13 16:25:55 CST 2026] [监控中] 当前最高GPU占用: 100%
[Tue Jan 13 16:25:55 CST 2026] [监控中] 等待 30 秒...
[Tue Jan 13 16:26:26 CST 2026] [监控中] 当前最高GPU占用: 100%
[Tue Jan 13 16:26:26 CST 2026] [监控中] 等待 30 秒...
[Tue Jan 13 16:26:56 CST 2026] [监控中] 当前最高GPU占用: 98%
[Tue Jan 13 16:26:56 CST 2026] [监控中] 等待 30 秒...
[Tue Jan 13 16:27:26 CST 2026] [监控中] 当前最高GPU占用: 100%
[Tue Jan 13 16:27:26 CST 2026] [监控中] 等待 30 秒...
[Tue Jan 13 16:27:56 CST 2026] [监控中] 当前最高GPU占用: 73%
[Tue Jan 13 16:27:56 CST 2026] [监控中] 等待 30 秒...
[Tue Jan 13 16:28:26 CST 2026] [监控中] 当前最高GPU占用: 95%
[Tue Jan 13 16:28:26 CST 2026] [监控中] 等待 30 秒...
[Tue Jan 13 16:28:56 CST 2026] [监控中] 当前最高GPU占用: 95%
[Tue Jan 13 16:28:56 CST 2026] [监控中] 等待 30 秒...
[Tue Jan 13 16:29:26 CST 2026] [监控中] 当前最高GPU占用: 100%
[Tue Jan 13 16:29:26 CST 2026] [监控中] 等待 30 秒...
[Tue Jan 13 16:29:56 CST 2026] [监控中] 当前最高GPU占用: 94%
[Tue Jan 13 16:29:56 CST 2026] [监控中] 等待 30 秒...
[Tue Jan 13 16:30:26 CST 2026] [监控中] 当前最高GPU占用: 72%
[Tue Jan 13 16:30:26 CST 2026] [监控中] 等待 30 秒...
[Tue Jan 13 16:30:57 CST 2026] [监控中] 当前最高GPU占用: 64%
[Tue Jan 13 16:30:57 CST 2026] [监控中] 等待 30 秒...
[Tue Jan 13 16:31:27 CST 2026] [监控中] 当前最高GPU占用: 68%
[Tue Jan 13 16:31:27 CST 2026] [监控中] 等待 30 秒...
[Tue Jan 13 16:31:57 CST 2026] [监控中] 当前最高GPU占用: 94%
[Tue Jan 13 16:31:57 CST 2026] [监控中] 等待 30 秒...
[Tue Jan 13 16:32:27 CST 2026] [监控中] 当前最高GPU占用: 94%
[Tue Jan 13 16:32:27 CST 2026] [监控中] 等待 30 秒...
[Tue Jan 13 16:32:57 CST 2026] [监控中] 当前最高GPU占用: 100%
[Tue Jan 13 16:32:57 CST 2026] [监控中] 等待 30 秒...
[Tue Jan 13 16:33:27 CST 2026] [监控中] 当前最高GPU占用: 65%
[Tue Jan 13 16:33:27 CST 2026] [监控中] 等待 30 秒...
[Tue Jan 13 16:33:57 CST 2026] [监控中] 当前最高GPU占用: 74%
[Tue Jan 13 16:33:57 CST 2026] [监控中] 等待 30 秒...
[Tue Jan 13 16:34:27 CST 2026] [监控中] 当前最高GPU占用: 100%
[Tue Jan 13 16:34:27 CST 2026] [监控中] 等待 30 秒...
[Tue Jan 13 16:34:57 CST 2026] [监控中] 当前最高GPU占用: 94%
[Tue Jan 13 16:34:57 CST 2026] [监控中] 等待 30 秒...
[Tue Jan 13 16:35:27 CST 2026] [监控中] 当前最高GPU占用: 94%
[Tue Jan 13 16:35:27 CST 2026] [监控中] 等待 30 秒...
[Tue Jan 13 16:35:58 CST 2026] [监控中] 当前最高GPU占用: 94%
[Tue Jan 13 16:35:58 CST 2026] [监控中] 等待 30 秒...
[Tue Jan 13 16:36:28 CST 2026] [监控中] 当前最高GPU占用: 77%
[Tue Jan 13 16:36:28 CST 2026] [监控中] 等待 30 秒...
[Tue Jan 13 16:36:58 CST 2026] [监控中] 当前最高GPU占用: 95%
[Tue Jan 13 16:36:58 CST 2026] [监控中] 等待 30 秒...
[Tue Jan 13 16:37:28 CST 2026] [监控中] 当前最高GPU占用: 94%
[Tue Jan 13 16:37:28 CST 2026] [监控中] 等待 30 秒...
[Tue Jan 13 16:37:58 CST 2026] [监控中] 当前最高GPU占用: 65%
[Tue Jan 13 16:37:58 CST 2026] [监控中] 等待 30 秒...
[Tue Jan 13 16:38:28 CST 2026] [监控中] 当前最高GPU占用: 100%
[Tue Jan 13 16:38:28 CST 2026] [监控中] 等待 30 秒...
[Tue Jan 13 16:38:58 CST 2026] [监控中] 当前最高GPU占用: 94%
[Tue Jan 13 16:38:58 CST 2026] [监控中] 等待 30 秒...
[Tue Jan 13 16:39:28 CST 2026] [监控中] 当前最高GPU占用: 94%
[Tue Jan 13 16:39:28 CST 2026] [监控中] 等待 30 秒...
[Tue Jan 13 16:39:58 CST 2026] [监控中] 当前最高GPU占用: 100%
[Tue Jan 13 16:39:58 CST 2026] [监控中] 等待 30 秒...
[Tue Jan 13 16:40:28 CST 2026] [监控中] 当前最高GPU占用: 100%
[Tue Jan 13 16:40:28 CST 2026] [监控中] 等待 30 秒...
[Tue Jan 13 16:40:59 CST 2026] [监控中] 当前最高GPU占用: 96%
[Tue Jan 13 16:40:59 CST 2026] [监控中] 等待 30 秒...
[Tue Jan 13 16:41:29 CST 2026] [监控中] 当前最高GPU占用: 94%
[Tue Jan 13 16:41:29 CST 2026] [监控中] 等待 30 秒...
[Tue Jan 13 16:41:59 CST 2026] [监控中] 当前最高GPU占用: 65%
[Tue Jan 13 16:41:59 CST 2026] [监控中] 等待 30 秒...
[Tue Jan 13 16:42:29 CST 2026] [监控中] 当前最高GPU占用: 87%
[Tue Jan 13 16:42:29 CST 2026] [监控中] 等待 30 秒...
[Tue Jan 13 16:42:59 CST 2026] [监控中] 当前最高GPU占用: 77%
[Tue Jan 13 16:42:59 CST 2026] [监控中] 等待 30 秒...
[Tue Jan 13 16:43:29 CST 2026] [监控中] 当前最高GPU占用: 70%
[Tue Jan 13 16:43:29 CST 2026] [监控中] 等待 30 秒...
[Tue Jan 13 16:43:59 CST 2026] [监控中] 当前最高GPU占用: 81%
[Tue Jan 13 16:43:59 CST 2026] [监控中] 等待 30 秒...
[Tue Jan 13 16:44:29 CST 2026] [监控中] 当前最高GPU占用: 94%
[Tue Jan 13 16:44:29 CST 2026] [监控中] 等待 30 秒...
[Tue Jan 13 16:44:59 CST 2026] [监控中] 当前最高GPU占用: 100%
[Tue Jan 13 16:44:59 CST 2026] [监控中] 等待 30 秒...
[Tue Jan 13 16:45:30 CST 2026] [监控中] 当前最高GPU占用: 94%
[Tue Jan 13 16:45:30 CST 2026] [监控中] 等待 30 秒...
[Tue Jan 13 16:46:00 CST 2026] [监控中] 当前最高GPU占用: 94%
[Tue Jan 13 16:46:00 CST 2026] [监控中] 等待 30 秒...
[Tue Jan 13 16:46:30 CST 2026] [监控中] 当前最高GPU占用: 64%
[Tue Jan 13 16:46:30 CST 2026] [监控中] 等待 30 秒...
[Tue Jan 13 16:47:00 CST 2026] [监控中] 当前最高GPU占用: 69%
[Tue Jan 13 16:47:00 CST 2026] [监控中] 等待 30 秒...
[Tue Jan 13 16:47:30 CST 2026] [监控中] 当前最高GPU占用: 100%
[Tue Jan 13 16:47:30 CST 2026] [监控中] 等待 30 秒...
[Tue Jan 13 16:48:00 CST 2026] [监控中] 当前最高GPU占用: 100%
[Tue Jan 13 16:48:00 CST 2026] [监控中] 等待 30 秒...
[Tue Jan 13 16:48:30 CST 2026] [监控中] 当前最高GPU占用: 94%
[Tue Jan 13 16:48:30 CST 2026] [监控中] 等待 30 秒...
[Tue Jan 13 16:49:00 CST 2026] [监控中] 当前最高GPU占用: 80%
[Tue Jan 13 16:49:00 CST 2026] [监控中] 等待 30 秒...
[Tue Jan 13 16:49:30 CST 2026] [监控中] 当前最高GPU占用: 94%
[Tue Jan 13 16:49:30 CST 2026] [监控中] 等待 30 秒...
[Tue Jan 13 16:50:00 CST 2026] [监控中] 当前最高GPU占用: 60%
[Tue Jan 13 16:50:00 CST 2026] [监控中] 等待 30 秒...
[Tue Jan 13 16:50:30 CST 2026] [监控中] 当前最高GPU占用: 94%
[Tue Jan 13 16:50:30 CST 2026] [监控中] 等待 30 秒...
[Tue Jan 13 16:51:00 CST 2026] [监控中] 当前最高GPU占用: 100%
[Tue Jan 13 16:51:00 CST 2026] [监控中] 等待 30 秒...
[Tue Jan 13 16:51:31 CST 2026] [监控中] 当前最高GPU占用: 83%
[Tue Jan 13 16:51:31 CST 2026] [监控中] 等待 30 秒...
[Tue Jan 13 16:52:01 CST 2026] [监控中] 当前最高GPU占用: 91%
[Tue Jan 13 16:52:01 CST 2026] [监控中] 等待 30 秒...
[Tue Jan 13 16:52:31 CST 2026] [监控中] 当前最高GPU占用: 94%
[Tue Jan 13 16:52:31 CST 2026] [监控中] 等待 30 秒...
[Tue Jan 13 16:53:01 CST 2026] [监控中] 当前最高GPU占用: 100%
[Tue Jan 13 16:53:01 CST 2026] [监控中] 等待 30 秒...
[Tue Jan 13 16:53:31 CST 2026] [监控中] 当前最高GPU占用: 81%
[Tue Jan 13 16:53:31 CST 2026] [监控中] 等待 30 秒...
[Tue Jan 13 16:54:01 CST 2026] [监控中] 当前最高GPU占用: 95%
[Tue Jan 13 16:54:01 CST 2026] [监控中] 等待 30 秒...
[Tue Jan 13 16:54:31 CST 2026] [监控中] 当前最高GPU占用: 87%
[Tue Jan 13 16:54:31 CST 2026] [监控中] 等待 30 秒...
[Tue Jan 13 16:55:01 CST 2026] [监控中] 当前最高GPU占用: 100%
[Tue Jan 13 16:55:01 CST 2026] [监控中] 等待 30 秒...
[Tue Jan 13 16:55:31 CST 2026] [监控中] 当前最高GPU占用: 75%
[Tue Jan 13 16:55:31 CST 2026] [监控中] 等待 30 秒...
[Tue Jan 13 16:56:02 CST 2026] [监控中] 当前最高GPU占用: 100%
[Tue Jan 13 16:56:02 CST 2026] [监控中] 等待 30 秒...
[Tue Jan 13 16:56:32 CST 2026] [监控中] 当前最高GPU占用: 68%
[Tue Jan 13 16:56:32 CST 2026] [监控中] 等待 30 秒...
[Tue Jan 13 16:57:02 CST 2026] [监控中] 当前最高GPU占用: 88%
[Tue Jan 13 16:57:02 CST 2026] [监控中] 等待 30 秒...
[Tue Jan 13 16:57:32 CST 2026] [监控中] 当前最高GPU占用: 79%
[Tue Jan 13 16:57:32 CST 2026] [监控中] 等待 30 秒...
[Tue Jan 13 16:58:02 CST 2026] [监控中] 当前最高GPU占用: 99%
[Tue Jan 13 16:58:02 CST 2026] [监控中] 等待 30 秒...
[Tue Jan 13 16:58:32 CST 2026] [监控中] 当前最高GPU占用: 95%
[Tue Jan 13 16:58:32 CST 2026] [监控中] 等待 30 秒...
[Tue Jan 13 16:59:02 CST 2026] [监控中] 当前最高GPU占用: 100%
[Tue Jan 13 16:59:02 CST 2026] [监控中] 等待 30 秒...
[Tue Jan 13 16:59:32 CST 2026] [监控中] 当前最高GPU占用: 94%
[Tue Jan 13 16:59:32 CST 2026] [监控中] 等待 30 秒...
[Tue Jan 13 17:00:02 CST 2026] [监控中] 当前最高GPU占用: 95%
[Tue Jan 13 17:00:02 CST 2026] [监控中] 等待 30 秒...
[Tue Jan 13 17:00:32 CST 2026] [监控中] 当前最高GPU占用: 100%
[Tue Jan 13 17:00:32 CST 2026] [监控中] 等待 30 秒...
[Tue Jan 13 17:01:03 CST 2026] [监控中] 当前最高GPU占用: 92%
[Tue Jan 13 17:01:03 CST 2026] [监控中] 等待 30 秒...
[Tue Jan 13 17:01:33 CST 2026] [监控中] 当前最高GPU占用: 95%
[Tue Jan 13 17:01:33 CST 2026] [监控中] 等待 30 秒...
[Tue Jan 13 17:02:03 CST 2026] [监控中] 当前最高GPU占用: 94%
[Tue Jan 13 17:02:03 CST 2026] [监控中] 等待 30 秒...
[Tue Jan 13 17:02:33 CST 2026] [监控中] 当前最高GPU占用: 74%
[Tue Jan 13 17:02:33 CST 2026] [监控中] 等待 30 秒...
[Tue Jan 13 17:03:03 CST 2026] [监控中] 当前最高GPU占用: 94%
[Tue Jan 13 17:03:03 CST 2026] [监控中] 等待 30 秒...
[Tue Jan 13 17:03:33 CST 2026] [监控中] 当前最高GPU占用: 84%
[Tue Jan 13 17:03:33 CST 2026] [监控中] 等待 30 秒...
[Tue Jan 13 17:04:03 CST 2026] [监控中] 当前最高GPU占用: 94%
[Tue Jan 13 17:04:03 CST 2026] [监控中] 等待 30 秒...
[Tue Jan 13 17:04:33 CST 2026] [监控中] 当前最高GPU占用: 94%
[Tue Jan 13 17:04:33 CST 2026] [监控中] 等待 30 秒...
[Tue Jan 13 17:05:03 CST 2026] [监控中] 当前最高GPU占用: 94%
[Tue Jan 13 17:05:03 CST 2026] [监控中] 等待 30 秒...
[Tue Jan 13 17:05:34 CST 2026] [监控中] 当前最高GPU占用: 95%
[Tue Jan 13 17:05:34 CST 2026] [监控中] 等待 30 秒...
[Tue Jan 13 17:06:04 CST 2026] [监控中] 当前最高GPU占用: 81%
[Tue Jan 13 17:06:04 CST 2026] [监控中] 等待 30 秒...
[Tue Jan 13 17:06:34 CST 2026] [监控中] 当前最高GPU占用: 100%
[Tue Jan 13 17:06:34 CST 2026] [监控中] 等待 30 秒...
[Tue Jan 13 17:07:04 CST 2026] [监控中] 当前最高GPU占用: 100%
[Tue Jan 13 17:07:04 CST 2026] [监控中] 等待 30 秒...
[Tue Jan 13 17:07:34 CST 2026] [监控中] 当前最高GPU占用: 94%
[Tue Jan 13 17:07:34 CST 2026] [监控中] 等待 30 秒...
[Tue Jan 13 17:08:04 CST 2026] [监控中] 当前最高GPU占用: 61%
[Tue Jan 13 17:08:04 CST 2026] [监控中] 等待 30 秒...
[Tue Jan 13 17:08:34 CST 2026] [监控中] 当前最高GPU占用: 76%
[Tue Jan 13 17:08:34 CST 2026] [监控中] 等待 30 秒...
[Tue Jan 13 17:09:04 CST 2026] [监控中] 当前最高GPU占用: 100%
[Tue Jan 13 17:09:04 CST 2026] [监控中] 等待 30 秒...
[Tue Jan 13 17:09:34 CST 2026] [监控中] 当前最高GPU占用: 100%
[Tue Jan 13 17:09:34 CST 2026] [监控中] 等待 30 秒...
[Tue Jan 13 17:10:05 CST 2026] [监控中] 当前最高GPU占用: 100%
[Tue Jan 13 17:10:05 CST 2026] [监控中] 等待 30 秒...
[Tue Jan 13 17:10:35 CST 2026] [监控中] 当前最高GPU占用: 100%
[Tue Jan 13 17:10:35 CST 2026] [监控中] 等待 30 秒...
[Tue Jan 13 17:11:05 CST 2026] [监控中] 当前最高GPU占用: 94%
[Tue Jan 13 17:11:05 CST 2026] [监控中] 等待 30 秒...
[Tue Jan 13 17:11:35 CST 2026] [监控中] 当前最高GPU占用: 100%
[Tue Jan 13 17:11:35 CST 2026] [监控中] 等待 30 秒...
[Tue Jan 13 17:12:05 CST 2026] [监控中] 当前最高GPU占用: 94%
[Tue Jan 13 17:12:05 CST 2026] [监控中] 等待 30 秒...
[Tue Jan 13 17:12:35 CST 2026] [监控中] 当前最高GPU占用: 100%
[Tue Jan 13 17:12:35 CST 2026] [监控中] 等待 30 秒...
[Tue Jan 13 17:13:05 CST 2026] [监控中] 当前最高GPU占用: 70%
[Tue Jan 13 17:13:05 CST 2026] [监控中] 等待 30 秒...
[Tue Jan 13 17:13:35 CST 2026] [监控中] 当前最高GPU占用: 94%
[Tue Jan 13 17:13:35 CST 2026] [监控中] 等待 30 秒...
[Tue Jan 13 17:14:05 CST 2026] [监控中] 当前最高GPU占用: 95%
[Tue Jan 13 17:14:05 CST 2026] [监控中] 等待 30 秒...
[Tue Jan 13 17:14:35 CST 2026] [监控中] 当前最高GPU占用: 93%
[Tue Jan 13 17:14:35 CST 2026] [监控中] 等待 30 秒...
[Tue Jan 13 17:15:06 CST 2026] [监控中] 当前最高GPU占用: 100%
[Tue Jan 13 17:15:06 CST 2026] [监控中] 等待 30 秒...
[Tue Jan 13 17:15:36 CST 2026] [监控中] 当前最高GPU占用: 100%
[Tue Jan 13 17:15:36 CST 2026] [监控中] 等待 30 秒...
[Tue Jan 13 17:16:06 CST 2026] [监控中] 当前最高GPU占用: 68%
[Tue Jan 13 17:16:06 CST 2026] [监控中] 等待 30 秒...
[Tue Jan 13 17:16:36 CST 2026] [监控中] 当前最高GPU占用: 92%
[Tue Jan 13 17:16:36 CST 2026] [监控中] 等待 30 秒...
[Tue Jan 13 17:17:06 CST 2026] [监控中] 当前最高GPU占用: 100%
[Tue Jan 13 17:17:06 CST 2026] [监控中] 等待 30 秒...
[Tue Jan 13 17:17:36 CST 2026] [监控中] 当前最高GPU占用: 66%
[Tue Jan 13 17:17:36 CST 2026] [监控中] 等待 30 秒...
[Tue Jan 13 17:18:06 CST 2026] [监控中] 当前最高GPU占用: 65%
[Tue Jan 13 17:18:06 CST 2026] [监控中] 等待 30 秒...
[Tue Jan 13 17:18:36 CST 2026] [监控中] 当前最高GPU占用: 100%
[Tue Jan 13 17:18:36 CST 2026] [监控中] 等待 30 秒...
[Tue Jan 13 17:19:06 CST 2026] [监控中] 当前最高GPU占用: 94%
[Tue Jan 13 17:19:06 CST 2026] [监控中] 等待 30 秒...
[Tue Jan 13 17:19:37 CST 2026] [监控中] 当前最高GPU占用: 85%
[Tue Jan 13 17:19:37 CST 2026] [监控中] 等待 30 秒...
[Tue Jan 13 17:20:07 CST 2026] [监控中] 当前最高GPU占用: 67%
[Tue Jan 13 17:20:07 CST 2026] [监控中] 等待 30 秒...
[Tue Jan 13 17:20:37 CST 2026] [监控中] 当前最高GPU占用: 94%
[Tue Jan 13 17:20:37 CST 2026] [监控中] 等待 30 秒...
[Tue Jan 13 17:21:07 CST 2026] [监控中] 当前最高GPU占用: 62%
[Tue Jan 13 17:21:07 CST 2026] [监控中] 等待 30 秒...
[Tue Jan 13 17:21:37 CST 2026] [监控中] 当前最高GPU占用: 67%
[Tue Jan 13 17:21:37 CST 2026] [监控中] 等待 30 秒...
[Tue Jan 13 17:22:07 CST 2026] [监控中] 当前最高GPU占用: 94%
[Tue Jan 13 17:22:07 CST 2026] [监控中] 等待 30 秒...
[Tue Jan 13 17:22:37 CST 2026] [监控中] 当前最高GPU占用: 94%
[Tue Jan 13 17:22:37 CST 2026] [监控中] 等待 30 秒...
[Tue Jan 13 17:23:07 CST 2026] [监控中] 当前最高GPU占用: 95%
[Tue Jan 13 17:23:07 CST 2026] [监控中] 等待 30 秒...
[Tue Jan 13 17:23:37 CST 2026] [监控中] 当前最高GPU占用: 98%
[Tue Jan 13 17:23:37 CST 2026] [监控中] 等待 30 秒...
[Tue Jan 13 17:24:07 CST 2026] [监控中] 当前最高GPU占用: 67%
[Tue Jan 13 17:24:07 CST 2026] [监控中] 等待 30 秒...
[Tue Jan 13 17:24:38 CST 2026] [监控中] 当前最高GPU占用: 67%
[Tue Jan 13 17:24:38 CST 2026] [监控中] 等待 30 秒...
[Tue Jan 13 17:25:08 CST 2026] [监控中] 当前最高GPU占用: 94%
[Tue Jan 13 17:25:08 CST 2026] [监控中] 等待 30 秒...
[Tue Jan 13 17:25:38 CST 2026] [监控中] 当前最高GPU占用: 90%
[Tue Jan 13 17:25:38 CST 2026] [监控中] 等待 30 秒...
[Tue Jan 13 17:26:08 CST 2026] [监控中] 当前最高GPU占用: 94%
[Tue Jan 13 17:26:08 CST 2026] [监控中] 等待 30 秒...
[Tue Jan 13 17:26:38 CST 2026] [监控中] 当前最高GPU占用: 92%
[Tue Jan 13 17:26:38 CST 2026] [监控中] 等待 30 秒...
[Tue Jan 13 17:27:08 CST 2026] [监控中] 当前最高GPU占用: 89%
[Tue Jan 13 17:27:08 CST 2026] [监控中] 等待 30 秒...
[Tue Jan 13 17:27:38 CST 2026] [监控中] 当前最高GPU占用: 79%
[Tue Jan 13 17:27:38 CST 2026] [监控中] 等待 30 秒...
[Tue Jan 13 17:28:08 CST 2026] [监控中] 当前最高GPU占用: 100%
[Tue Jan 13 17:28:08 CST 2026] [监控中] 等待 30 秒...
[Tue Jan 13 17:28:38 CST 2026] [监控中] 当前最高GPU占用: 64%
[Tue Jan 13 17:28:38 CST 2026] [监控中] 等待 30 秒...
[Tue Jan 13 17:29:09 CST 2026] [监控中] 当前最高GPU占用: 67%
[Tue Jan 13 17:29:09 CST 2026] [监控中] 等待 30 秒...
[Tue Jan 13 17:29:39 CST 2026] [监控中] 当前最高GPU占用: 73%
[Tue Jan 13 17:29:39 CST 2026] [监控中] 等待 30 秒...
[Tue Jan 13 17:30:09 CST 2026] [监控中] 当前最高GPU占用: 92%
[Tue Jan 13 17:30:09 CST 2026] [监控中] 等待 30 秒...
[Tue Jan 13 17:30:39 CST 2026] [监控中] 当前最高GPU占用: 82%
[Tue Jan 13 17:30:39 CST 2026] [监控中] 等待 30 秒...
[Tue Jan 13 17:31:09 CST 2026] [监控中] 当前最高GPU占用: 94%
[Tue Jan 13 17:31:09 CST 2026] [监控中] 等待 30 秒...
[Tue Jan 13 17:31:39 CST 2026] [监控中] 当前最高GPU占用: 94%
[Tue Jan 13 17:31:39 CST 2026] [监控中] 等待 30 秒...
[Tue Jan 13 17:32:09 CST 2026] [监控中] 当前最高GPU占用: 94%
[Tue Jan 13 17:32:09 CST 2026] [监控中] 等待 30 秒...
[Tue Jan 13 17:32:39 CST 2026] [监控中] 当前最高GPU占用: 83%
[Tue Jan 13 17:32:39 CST 2026] [监控中] 等待 30 秒...
[Tue Jan 13 17:33:09 CST 2026] [监控中] 当前最高GPU占用: 100%
[Tue Jan 13 17:33:09 CST 2026] [监控中] 等待 30 秒...
[Tue Jan 13 17:33:40 CST 2026] [监控中] 当前最高GPU占用: 100%
[Tue Jan 13 17:33:40 CST 2026] [监控中] 等待 30 秒...
[Tue Jan 13 17:34:10 CST 2026] [监控中] 当前最高GPU占用: 68%
[Tue Jan 13 17:34:10 CST 2026] [监控中] 等待 30 秒...
[Tue Jan 13 17:34:40 CST 2026] [监控中] 当前最高GPU占用: 96%
[Tue Jan 13 17:34:40 CST 2026] [监控中] 等待 30 秒...
[Tue Jan 13 17:35:10 CST 2026] [监控中] 当前最高GPU占用: 100%
[Tue Jan 13 17:35:10 CST 2026] [监控中] 等待 30 秒...
[Tue Jan 13 17:35:40 CST 2026] [监控中] 当前最高GPU占用: 67%
[Tue Jan 13 17:35:40 CST 2026] [监控中] 等待 30 秒...
[Tue Jan 13 17:36:10 CST 2026] [监控中] 当前最高GPU占用: 64%
[Tue Jan 13 17:36:10 CST 2026] [监控中] 等待 30 秒...
[Tue Jan 13 17:36:40 CST 2026] [监控中] 当前最高GPU占用: 72%
[Tue Jan 13 17:36:40 CST 2026] [监控中] 等待 30 秒...
[Tue Jan 13 17:37:10 CST 2026] [监控中] 当前最高GPU占用: 71%
[Tue Jan 13 17:37:10 CST 2026] [监控中] 等待 30 秒...
[Tue Jan 13 17:37:40 CST 2026] [监控中] 当前最高GPU占用: 94%
[Tue Jan 13 17:37:40 CST 2026] [监控中] 等待 30 秒...
[Tue Jan 13 17:38:10 CST 2026] [监控中] 当前最高GPU占用: 94%
[Tue Jan 13 17:38:10 CST 2026] [监控中] 等待 30 秒...
[Tue Jan 13 17:38:40 CST 2026] [监控中] 当前最高GPU占用: 61%
[Tue Jan 13 17:38:40 CST 2026] [监控中] 等待 30 秒...
[Tue Jan 13 17:39:11 CST 2026] [监控中] 当前最高GPU占用: 100%
[Tue Jan 13 17:39:11 CST 2026] [监控中] 等待 30 秒...
[Tue Jan 13 17:39:41 CST 2026] [监控中] 当前最高GPU占用: 96%
[Tue Jan 13 17:39:41 CST 2026] [监控中] 等待 30 秒...
[Tue Jan 13 17:40:11 CST 2026] [监控中] 当前最高GPU占用: 94%
[Tue Jan 13 17:40:11 CST 2026] [监控中] 等待 30 秒...
[Tue Jan 13 17:40:41 CST 2026] [监控中] 当前最高GPU占用: 94%
[Tue Jan 13 17:40:41 CST 2026] [监控中] 等待 30 秒...
[Tue Jan 13 17:41:11 CST 2026] [监控中] 当前最高GPU占用: 100%
[Tue Jan 13 17:41:11 CST 2026] [监控中] 等待 30 秒...
[Tue Jan 13 17:41:41 CST 2026] [监控中] 当前最高GPU占用: 94%
[Tue Jan 13 17:41:41 CST 2026] [监控中] 等待 30 秒...
[Tue Jan 13 17:42:11 CST 2026] [监控中] 当前最高GPU占用: 93%
[Tue Jan 13 17:42:11 CST 2026] [监控中] 等待 30 秒...
[Tue Jan 13 17:42:41 CST 2026] [监控中] 当前最高GPU占用: 83%
[Tue Jan 13 17:42:41 CST 2026] [监控中] 等待 30 秒...
[Tue Jan 13 17:43:11 CST 2026] [监控中] 当前最高GPU占用: 95%
[Tue Jan 13 17:43:11 CST 2026] [监控中] 等待 30 秒...
[Tue Jan 13 17:43:42 CST 2026] [监控中] 当前最高GPU占用: 94%
[Tue Jan 13 17:43:42 CST 2026] [监控中] 等待 30 秒...
[Tue Jan 13 17:44:12 CST 2026] [监控中] 当前最高GPU占用: 65%
[Tue Jan 13 17:44:12 CST 2026] [监控中] 等待 30 秒...
[Tue Jan 13 17:44:42 CST 2026] [监控中] 当前最高GPU占用: 67%
[Tue Jan 13 17:44:42 CST 2026] [监控中] 等待 30 秒...
[Tue Jan 13 17:45:12 CST 2026] [监控中] 当前最高GPU占用: 100%
[Tue Jan 13 17:45:12 CST 2026] [监控中] 等待 30 秒...
[Tue Jan 13 17:45:42 CST 2026] [监控中] 当前最高GPU占用: 99%
[Tue Jan 13 17:45:42 CST 2026] [监控中] 等待 30 秒...
[Tue Jan 13 17:46:12 CST 2026] [监控中] 当前最高GPU占用: 94%
[Tue Jan 13 17:46:12 CST 2026] [监控中] 等待 30 秒...
[Tue Jan 13 17:46:42 CST 2026] [监控中] 当前最高GPU占用: 100%
[Tue Jan 13 17:46:42 CST 2026] [监控中] 等待 30 秒...
[Tue Jan 13 17:47:12 CST 2026] [监控中] 当前最高GPU占用: 88%
[Tue Jan 13 17:47:12 CST 2026] [监控中] 等待 30 秒...
[Tue Jan 13 17:47:42 CST 2026] [监控中] 当前最高GPU占用: 100%
[Tue Jan 13 17:47:42 CST 2026] [监控中] 等待 30 秒...
[Tue Jan 13 17:48:13 CST 2026] [监控中] 当前最高GPU占用: 94%
[Tue Jan 13 17:48:13 CST 2026] [监控中] 等待 30 秒...
[Tue Jan 13 17:48:43 CST 2026] [监控中] 当前最高GPU占用: 64%
[Tue Jan 13 17:48:43 CST 2026] [监控中] 等待 30 秒...
[Tue Jan 13 17:49:13 CST 2026] [监控中] 当前最高GPU占用: 66%
[Tue Jan 13 17:49:13 CST 2026] [监控中] 等待 30 秒...
[Tue Jan 13 17:49:43 CST 2026] [监控中] 当前最高GPU占用: 94%
[Tue Jan 13 17:49:43 CST 2026] [监控中] 等待 30 秒...
[Tue Jan 13 17:50:13 CST 2026] [监控中] 当前最高GPU占用: 94%
[Tue Jan 13 17:50:13 CST 2026] [监控中] 等待 30 秒...
[Tue Jan 13 17:50:43 CST 2026] [监控中] 当前最高GPU占用: 79%
[Tue Jan 13 17:50:43 CST 2026] [监控中] 等待 30 秒...
[Tue Jan 13 17:51:13 CST 2026] [监控中] 当前最高GPU占用: 99%
[Tue Jan 13 17:51:13 CST 2026] [监控中] 等待 30 秒...
[Tue Jan 13 17:51:43 CST 2026] [监控中] 当前最高GPU占用: 94%
[Tue Jan 13 17:51:43 CST 2026] [监控中] 等待 30 秒...
[Tue Jan 13 17:52:13 CST 2026] [监控中] 当前最高GPU占用: 59%
[Tue Jan 13 17:52:13 CST 2026] [监控中] 等待 30 秒...
[Tue Jan 13 17:52:44 CST 2026] [监控中] 当前最高GPU占用: 94%
[Tue Jan 13 17:52:44 CST 2026] [监控中] 等待 30 秒...
[Tue Jan 13 17:53:14 CST 2026] [监控中] 当前最高GPU占用: 95%
[Tue Jan 13 17:53:14 CST 2026] [监控中] 等待 30 秒...
[Tue Jan 13 17:53:44 CST 2026] [监控中] 当前最高GPU占用: 63%
[Tue Jan 13 17:53:44 CST 2026] [监控中] 等待 30 秒...
[Tue Jan 13 17:54:14 CST 2026] [监控中] 当前最高GPU占用: 64%
[Tue Jan 13 17:54:14 CST 2026] [监控中] 等待 30 秒...
[Tue Jan 13 17:54:44 CST 2026] [监控中] 当前最高GPU占用: 100%
[Tue Jan 13 17:54:44 CST 2026] [监控中] 等待 30 秒...
[Tue Jan 13 17:55:14 CST 2026] [监控中] 当前最高GPU占用: 94%
[Tue Jan 13 17:55:14 CST 2026] [监控中] 等待 30 秒...
[Tue Jan 13 17:55:44 CST 2026] [监控中] 当前最高GPU占用: 65%
[Tue Jan 13 17:55:44 CST 2026] [监控中] 等待 30 秒...
[Tue Jan 13 17:56:14 CST 2026] [监控中] 当前最高GPU占用: 94%
[Tue Jan 13 17:56:14 CST 2026] [监控中] 等待 30 秒...
[Tue Jan 13 17:56:44 CST 2026] [监控中] 当前最高GPU占用: 67%
[Tue Jan 13 17:56:44 CST 2026] [监控中] 等待 30 秒...
[Tue Jan 13 17:57:15 CST 2026] [监控中] 当前最高GPU占用: 67%
[Tue Jan 13 17:57:15 CST 2026] [监控中] 等待 30 秒...
[Tue Jan 13 17:57:45 CST 2026] [监控中] 当前最高GPU占用: 59%
[Tue Jan 13 17:57:45 CST 2026] [监控中] 等待 30 秒...
[Tue Jan 13 17:58:15 CST 2026] [监控中] 当前最高GPU占用: 100%
[Tue Jan 13 17:58:15 CST 2026] [监控中] 等待 30 秒...
[Tue Jan 13 17:58:45 CST 2026] [监控中] 当前最高GPU占用: 94%
[Tue Jan 13 17:58:45 CST 2026] [监控中] 等待 30 秒...
[Tue Jan 13 17:59:15 CST 2026] [监控中] 当前最高GPU占用: 94%
[Tue Jan 13 17:59:15 CST 2026] [监控中] 等待 30 秒...
[Tue Jan 13 17:59:45 CST 2026] [监控中] 当前最高GPU占用: 100%
[Tue Jan 13 17:59:45 CST 2026] [监控中] 等待 30 秒...
[Tue Jan 13 18:00:15 CST 2026] [监控中] 当前最高GPU占用: 83%
[Tue Jan 13 18:00:15 CST 2026] [监控中] 等待 30 秒...
[Tue Jan 13 18:00:45 CST 2026] [监控中] 当前最高GPU占用: 72%
[Tue Jan 13 18:00:45 CST 2026] [监控中] 等待 30 秒...
[Tue Jan 13 18:01:15 CST 2026] [监控中] 当前最高GPU占用: 68%
[Tue Jan 13 18:01:15 CST 2026] [监控中] 等待 30 秒...
[Tue Jan 13 18:01:45 CST 2026] [监控中] 当前最高GPU占用: 90%
[Tue Jan 13 18:01:45 CST 2026] [监控中] 等待 30 秒...
[Tue Jan 13 18:02:16 CST 2026] [监控中] 当前最高GPU占用: 73%
[Tue Jan 13 18:02:16 CST 2026] [监控中] 等待 30 秒...
[Tue Jan 13 18:02:46 CST 2026] [监控中] 当前最高GPU占用: 74%
[Tue Jan 13 18:02:46 CST 2026] [监控中] 等待 30 秒...
[Tue Jan 13 18:03:16 CST 2026] [监控中] 当前最高GPU占用: 89%
[Tue Jan 13 18:03:16 CST 2026] [监控中] 等待 30 秒...
[Tue Jan 13 18:03:46 CST 2026] [监控中] 当前最高GPU占用: 74%
[Tue Jan 13 18:03:46 CST 2026] [监控中] 等待 30 秒...
[Tue Jan 13 18:04:16 CST 2026] [监控中] 当前最高GPU占用: 68%
[Tue Jan 13 18:04:16 CST 2026] [监控中] 等待 30 秒...
[Tue Jan 13 18:04:46 CST 2026] [监控中] 当前最高GPU占用: 74%
[Tue Jan 13 18:04:46 CST 2026] [监控中] 等待 30 秒...
[Tue Jan 13 18:05:16 CST 2026] [监控中] 当前最高GPU占用: 66%
[Tue Jan 13 18:05:16 CST 2026] [监控中] 等待 30 秒...
[Tue Jan 13 18:05:46 CST 2026] [监控中] 当前最高GPU占用: 66%
[Tue Jan 13 18:05:46 CST 2026] [监控中] 等待 30 秒...
[Tue Jan 13 18:06:16 CST 2026] [监控中] 当前最高GPU占用: 94%
[Tue Jan 13 18:06:16 CST 2026] [监控中] 等待 30 秒...
[Tue Jan 13 18:06:46 CST 2026] [监控中] 当前最高GPU占用: 100%
[Tue Jan 13 18:06:46 CST 2026] [监控中] 等待 30 秒...
[Tue Jan 13 18:07:17 CST 2026] [监控中] 当前最高GPU占用: 96%
[Tue Jan 13 18:07:17 CST 2026] [监控中] 等待 30 秒...
[Tue Jan 13 18:07:47 CST 2026] [监控中] 当前最高GPU占用: 94%
[Tue Jan 13 18:07:47 CST 2026] [监控中] 等待 30 秒...
[Tue Jan 13 18:08:17 CST 2026] [监控中] 当前最高GPU占用: 100%
[Tue Jan 13 18:08:17 CST 2026] [监控中] 等待 30 秒...
[Tue Jan 13 18:08:47 CST 2026] [监控中] 当前最高GPU占用: 94%
[Tue Jan 13 18:08:47 CST 2026] [监控中] 等待 30 秒...
[Tue Jan 13 18:09:17 CST 2026] [监控中] 当前最高GPU占用: 100%
[Tue Jan 13 18:09:17 CST 2026] [监控中] 等待 30 秒...
[Tue Jan 13 18:09:47 CST 2026] [监控中] 当前最高GPU占用: 64%
[Tue Jan 13 18:09:47 CST 2026] [监控中] 等待 30 秒...
[Tue Jan 13 18:10:17 CST 2026] [监控中] 当前最高GPU占用: 94%
[Tue Jan 13 18:10:17 CST 2026] [监控中] 等待 30 秒...
[Tue Jan 13 18:10:47 CST 2026] [监控中] 当前最高GPU占用: 79%
[Tue Jan 13 18:10:47 CST 2026] [监控中] 等待 30 秒...
[Tue Jan 13 18:11:17 CST 2026] [监控中] 当前最高GPU占用: 63%
[Tue Jan 13 18:11:18 CST 2026] [监控中] 等待 30 秒...
[Tue Jan 13 18:11:48 CST 2026] [监控中] 当前最高GPU占用: 94%
[Tue Jan 13 18:11:48 CST 2026] [监控中] 等待 30 秒...
[Tue Jan 13 18:12:18 CST 2026] [监控中] 当前最高GPU占用: 100%
[Tue Jan 13 18:12:18 CST 2026] [监控中] 等待 30 秒...
[Tue Jan 13 18:12:48 CST 2026] [监控中] 当前最高GPU占用: 60%
[Tue Jan 13 18:12:48 CST 2026] [监控中] 等待 30 秒...
[Tue Jan 13 18:13:18 CST 2026] [监控中] 当前最高GPU占用: 69%
[Tue Jan 13 18:13:18 CST 2026] [监控中] 等待 30 秒...
[Tue Jan 13 18:13:48 CST 2026] [监控中] 当前最高GPU占用: 94%
[Tue Jan 13 18:13:48 CST 2026] [监控中] 等待 30 秒...
[Tue Jan 13 18:14:18 CST 2026] [监控中] 当前最高GPU占用: 94%
[Tue Jan 13 18:14:18 CST 2026] [监控中] 等待 30 秒...
[Tue Jan 13 18:14:48 CST 2026] [监控中] 当前最高GPU占用: 90%
[Tue Jan 13 18:14:48 CST 2026] [监控中] 等待 30 秒...
[Tue Jan 13 18:15:18 CST 2026] [监控中] 当前最高GPU占用: 68%
[Tue Jan 13 18:15:18 CST 2026] [监控中] 等待 30 秒...
[Tue Jan 13 18:15:48 CST 2026] [监控中] 当前最高GPU占用: 100%
[Tue Jan 13 18:15:48 CST 2026] [监控中] 等待 30 秒...
[Tue Jan 13 18:16:19 CST 2026] [监控中] 当前最高GPU占用: 94%
[Tue Jan 13 18:16:19 CST 2026] [监控中] 等待 30 秒...
[Tue Jan 13 18:16:49 CST 2026] [监控中] 当前最高GPU占用: 96%
[Tue Jan 13 18:16:49 CST 2026] [监控中] 等待 30 秒...
[Tue Jan 13 18:17:19 CST 2026] [监控中] 当前最高GPU占用: 68%
[Tue Jan 13 18:17:19 CST 2026] [监控中] 等待 30 秒...
[Tue Jan 13 18:17:49 CST 2026] [监控中] 当前最高GPU占用: 96%
[Tue Jan 13 18:17:49 CST 2026] [监控中] 等待 30 秒...
[Tue Jan 13 18:18:19 CST 2026] [监控中] 当前最高GPU占用: 68%
[Tue Jan 13 18:18:19 CST 2026] [监控中] 等待 30 秒...
[Tue Jan 13 18:18:49 CST 2026] [监控中] 当前最高GPU占用: 94%
[Tue Jan 13 18:18:49 CST 2026] [监控中] 等待 30 秒...
[Tue Jan 13 18:19:19 CST 2026] [监控中] 当前最高GPU占用: 78%
[Tue Jan 13 18:19:19 CST 2026] [监控中] 等待 30 秒...
[Tue Jan 13 18:19:49 CST 2026] [监控中] 当前最高GPU占用: 100%
[Tue Jan 13 18:19:49 CST 2026] [监控中] 等待 30 秒...
[Tue Jan 13 18:20:19 CST 2026] [监控中] 当前最高GPU占用: 72%
[Tue Jan 13 18:20:19 CST 2026] [监控中] 等待 30 秒...
[Tue Jan 13 18:20:50 CST 2026] [监控中] 当前最高GPU占用: 89%
[Tue Jan 13 18:20:50 CST 2026] [监控中] 等待 30 秒...
[Tue Jan 13 18:21:20 CST 2026] [监控中] 当前最高GPU占用: 100%
[Tue Jan 13 18:21:20 CST 2026] [监控中] 等待 30 秒...
[Tue Jan 13 18:21:50 CST 2026] [监控中] 当前最高GPU占用: 94%
[Tue Jan 13 18:21:50 CST 2026] [监控中] 等待 30 秒...
[Tue Jan 13 18:22:20 CST 2026] [监控中] 当前最高GPU占用: 93%
[Tue Jan 13 18:22:20 CST 2026] [监控中] 等待 30 秒...
[Tue Jan 13 18:22:50 CST 2026] [监控中] 当前最高GPU占用: 89%
[Tue Jan 13 18:22:50 CST 2026] [监控中] 等待 30 秒...
[Tue Jan 13 18:23:20 CST 2026] [监控中] 当前最高GPU占用: 100%
[Tue Jan 13 18:23:20 CST 2026] [监控中] 等待 30 秒...
[Tue Jan 13 18:23:50 CST 2026] [监控中] 当前最高GPU占用: 93%
[Tue Jan 13 18:23:50 CST 2026] [监控中] 等待 30 秒...
[Tue Jan 13 18:24:20 CST 2026] [监控中] 当前最高GPU占用: 94%
[Tue Jan 13 18:24:20 CST 2026] [监控中] 等待 30 秒...
[Tue Jan 13 18:24:50 CST 2026] [监控中] 当前最高GPU占用: 97%
[Tue Jan 13 18:24:50 CST 2026] [监控中] 等待 30 秒...
[Tue Jan 13 18:25:20 CST 2026] [监控中] 当前最高GPU占用: 70%
[Tue Jan 13 18:25:20 CST 2026] [监控中] 等待 30 秒...
[Tue Jan 13 18:25:50 CST 2026] [监控中] 当前最高GPU占用: 92%
[Tue Jan 13 18:25:50 CST 2026] [监控中] 等待 30 秒...
[Tue Jan 13 18:26:21 CST 2026] [监控中] 当前最高GPU占用: 82%
[Tue Jan 13 18:26:21 CST 2026] [监控中] 等待 30 秒...
[Tue Jan 13 18:26:51 CST 2026] [监控中] 当前最高GPU占用: 62%
[Tue Jan 13 18:26:51 CST 2026] [监控中] 等待 30 秒...
[Tue Jan 13 18:27:21 CST 2026] [监控中] 当前最高GPU占用: 65%
[Tue Jan 13 18:27:21 CST 2026] [监控中] 等待 30 秒...
[Tue Jan 13 18:27:51 CST 2026] [监控中] 当前最高GPU占用: 100%
[Tue Jan 13 18:27:51 CST 2026] [监控中] 等待 30 秒...
[Tue Jan 13 18:28:21 CST 2026] [监控中] 当前最高GPU占用: 79%
[Tue Jan 13 18:28:21 CST 2026] [监控中] 等待 30 秒...
[Tue Jan 13 18:28:51 CST 2026] [监控中] 当前最高GPU占用: 65%
[Tue Jan 13 18:28:51 CST 2026] [监控中] 等待 30 秒...
[Tue Jan 13 18:29:21 CST 2026] [监控中] 当前最高GPU占用: 98%
[Tue Jan 13 18:29:21 CST 2026] [监控中] 等待 30 秒...
[Tue Jan 13 18:29:51 CST 2026] [监控中] 当前最高GPU占用: 96%
[Tue Jan 13 18:29:51 CST 2026] [监控中] 等待 30 秒...
[Tue Jan 13 18:30:21 CST 2026] [监控中] 当前最高GPU占用: 100%
[Tue Jan 13 18:30:21 CST 2026] [监控中] 等待 30 秒...
[Tue Jan 13 18:30:52 CST 2026] [监控中] 当前最高GPU占用: 100%
[Tue Jan 13 18:30:52 CST 2026] [监控中] 等待 30 秒...
[Tue Jan 13 18:31:22 CST 2026] [监控中] 当前最高GPU占用: 100%
[Tue Jan 13 18:31:22 CST 2026] [监控中] 等待 30 秒...
[Tue Jan 13 18:31:52 CST 2026] [监控中] 当前最高GPU占用: 100%
[Tue Jan 13 18:31:52 CST 2026] [监控中] 等待 30 秒...
[Tue Jan 13 18:32:22 CST 2026] [监控中] 当前最高GPU占用: 100%
[Tue Jan 13 18:32:22 CST 2026] [监控中] 等待 30 秒...
[Tue Jan 13 18:32:52 CST 2026] [监控中] 当前最高GPU占用: 78%
[Tue Jan 13 18:32:52 CST 2026] [监控中] 等待 30 秒...
[Tue Jan 13 18:33:22 CST 2026] [监控中] 当前最高GPU占用: 100%
[Tue Jan 13 18:33:22 CST 2026] [监控中] 等待 30 秒...
[Tue Jan 13 18:33:52 CST 2026] [监控中] 当前最高GPU占用: 79%
[Tue Jan 13 18:33:52 CST 2026] [监控中] 等待 30 秒...
[Tue Jan 13 18:34:22 CST 2026] [监控中] 当前最高GPU占用: 100%
[Tue Jan 13 18:34:22 CST 2026] [监控中] 等待 30 秒...
[Tue Jan 13 18:34:52 CST 2026] [监控中] 当前最高GPU占用: 79%
[Tue Jan 13 18:34:52 CST 2026] [监控中] 等待 30 秒...
[Tue Jan 13 18:35:23 CST 2026] [监控中] 当前最高GPU占用: 94%
[Tue Jan 13 18:35:23 CST 2026] [监控中] 等待 30 秒...
[Tue Jan 13 18:35:53 CST 2026] [监控中] 当前最高GPU占用: 70%
[Tue Jan 13 18:35:53 CST 2026] [监控中] 等待 30 秒...
[Tue Jan 13 18:36:23 CST 2026] [监控中] 当前最高GPU占用: 96%
[Tue Jan 13 18:36:23 CST 2026] [监控中] 等待 30 秒...
[Tue Jan 13 18:36:53 CST 2026] [监控中] 当前最高GPU占用: 69%
[Tue Jan 13 18:36:53 CST 2026] [监控中] 等待 30 秒...
[Tue Jan 13 18:37:23 CST 2026] [监控中] 当前最高GPU占用: 63%
[Tue Jan 13 18:37:23 CST 2026] [监控中] 等待 30 秒...
[Tue Jan 13 18:37:53 CST 2026] [监控中] 当前最高GPU占用: 94%
[Tue Jan 13 18:37:53 CST 2026] [监控中] 等待 30 秒...
[Tue Jan 13 18:38:23 CST 2026] [监控中] 当前最高GPU占用: 94%
[Tue Jan 13 18:38:23 CST 2026] [监控中] 等待 30 秒...
[Tue Jan 13 18:38:53 CST 2026] [监控中] 当前最高GPU占用: 100%
[Tue Jan 13 18:38:53 CST 2026] [监控中] 等待 30 秒...
[Tue Jan 13 18:39:23 CST 2026] [监控中] 当前最高GPU占用: 94%
[Tue Jan 13 18:39:23 CST 2026] [监控中] 等待 30 秒...
[Tue Jan 13 18:39:54 CST 2026] [监控中] 当前最高GPU占用: 66%
[Tue Jan 13 18:39:54 CST 2026] [监控中] 等待 30 秒...
[Tue Jan 13 18:40:24 CST 2026] [监控中] 当前最高GPU占用: 63%
[Tue Jan 13 18:40:24 CST 2026] [监控中] 等待 30 秒...
[Tue Jan 13 18:40:54 CST 2026] [监控中] 当前最高GPU占用: 94%
[Tue Jan 13 18:40:54 CST 2026] [监控中] 等待 30 秒...
[Tue Jan 13 18:41:24 CST 2026] [监控中] 当前最高GPU占用: 75%
[Tue Jan 13 18:41:24 CST 2026] [监控中] 等待 30 秒...
[Tue Jan 13 18:41:54 CST 2026] [监控中] 当前最高GPU占用: 94%
[Tue Jan 13 18:41:54 CST 2026] [监控中] 等待 30 秒...
[Tue Jan 13 18:42:24 CST 2026] [监控中] 当前最高GPU占用: 68%
[Tue Jan 13 18:42:24 CST 2026] [监控中] 等待 30 秒...
[Tue Jan 13 18:42:54 CST 2026] [监控中] 当前最高GPU占用: 66%
[Tue Jan 13 18:42:54 CST 2026] [监控中] 等待 30 秒...
[Tue Jan 13 18:43:24 CST 2026] [监控中] 当前最高GPU占用: 98%
[Tue Jan 13 18:43:24 CST 2026] [监控中] 等待 30 秒...
[Tue Jan 13 18:43:54 CST 2026] [监控中] 当前最高GPU占用: 100%
[Tue Jan 13 18:43:54 CST 2026] [监控中] 等待 30 秒...
[Tue Jan 13 18:44:25 CST 2026] [监控中] 当前最高GPU占用: 100%
[Tue Jan 13 18:44:25 CST 2026] [监控中] 等待 30 秒...
[Tue Jan 13 18:44:55 CST 2026] [监控中] 当前最高GPU占用: 90%
[Tue Jan 13 18:44:55 CST 2026] [监控中] 等待 30 秒...
[Tue Jan 13 18:45:25 CST 2026] [监控中] 当前最高GPU占用: 68%
[Tue Jan 13 18:45:25 CST 2026] [监控中] 等待 30 秒...
[Tue Jan 13 18:45:55 CST 2026] [监控中] 当前最高GPU占用: 80%
[Tue Jan 13 18:45:55 CST 2026] [监控中] 等待 30 秒...
[Tue Jan 13 18:46:25 CST 2026] [监控中] 当前最高GPU占用: 72%
[Tue Jan 13 18:46:25 CST 2026] [监控中] 等待 30 秒...
[Tue Jan 13 18:46:55 CST 2026] [监控中] 当前最高GPU占用: 72%
[Tue Jan 13 18:46:55 CST 2026] [监控中] 等待 30 秒...
[Tue Jan 13 18:47:25 CST 2026] [监控中] 当前最高GPU占用: 94%
[Tue Jan 13 18:47:25 CST 2026] [监控中] 等待 30 秒...
[Tue Jan 13 18:47:55 CST 2026] [监控中] 当前最高GPU占用: 94%
[Tue Jan 13 18:47:55 CST 2026] [监控中] 等待 30 秒...
[Tue Jan 13 18:48:25 CST 2026] [监控中] 当前最高GPU占用: 65%
[Tue Jan 13 18:48:25 CST 2026] [监控中] 等待 30 秒...
[Tue Jan 13 18:48:56 CST 2026] [监控中] 当前最高GPU占用: 71%
[Tue Jan 13 18:48:56 CST 2026] [监控中] 等待 30 秒...
[Tue Jan 13 18:49:26 CST 2026] [监控中] 当前最高GPU占用: 100%
[Tue Jan 13 18:49:26 CST 2026] [监控中] 等待 30 秒...
[Tue Jan 13 18:49:56 CST 2026] [监控中] 当前最高GPU占用: 100%
[Tue Jan 13 18:49:56 CST 2026] [监控中] 等待 30 秒...
[Tue Jan 13 18:50:26 CST 2026] [监控中] 当前最高GPU占用: 77%
[Tue Jan 13 18:50:26 CST 2026] [监控中] 等待 30 秒...
[Tue Jan 13 18:50:56 CST 2026] [监控中] 当前最高GPU占用: 64%
[Tue Jan 13 18:50:56 CST 2026] [监控中] 等待 30 秒...
[Tue Jan 13 18:51:26 CST 2026] [监控中] 当前最高GPU占用: 95%
[Tue Jan 13 18:51:26 CST 2026] [监控中] 等待 30 秒...
[Tue Jan 13 18:51:56 CST 2026] [监控中] 当前最高GPU占用: 100%
[Tue Jan 13 18:51:56 CST 2026] [监控中] 等待 30 秒...
[Tue Jan 13 18:52:26 CST 2026] [监控中] 当前最高GPU占用: 100%
[Tue Jan 13 18:52:26 CST 2026] [监控中] 等待 30 秒...
[Tue Jan 13 18:52:56 CST 2026] [监控中] 当前最高GPU占用: 94%
[Tue Jan 13 18:52:56 CST 2026] [监控中] 等待 30 秒...
[Tue Jan 13 18:53:27 CST 2026] [监控中] 当前最高GPU占用: 65%
[Tue Jan 13 18:53:27 CST 2026] [监控中] 等待 30 秒...
[Tue Jan 13 18:53:57 CST 2026] [监控中] 当前最高GPU占用: 96%
[Tue Jan 13 18:53:57 CST 2026] [监控中] 等待 30 秒...
[Tue Jan 13 18:54:27 CST 2026] [监控中] 当前最高GPU占用: 80%
[Tue Jan 13 18:54:27 CST 2026] [监控中] 等待 30 秒...
[Tue Jan 13 18:54:57 CST 2026] [监控中] 当前最高GPU占用: 100%
[Tue Jan 13 18:54:57 CST 2026] [监控中] 等待 30 秒...
[Tue Jan 13 18:55:27 CST 2026] [监控中] 当前最高GPU占用: 93%
[Tue Jan 13 18:55:27 CST 2026] [监控中] 等待 30 秒...
[Tue Jan 13 18:55:57 CST 2026] [监控中] 当前最高GPU占用: 65%
[Tue Jan 13 18:55:57 CST 2026] [监控中] 等待 30 秒...
[Tue Jan 13 18:56:27 CST 2026] [监控中] 当前最高GPU占用: 64%
[Tue Jan 13 18:56:27 CST 2026] [监控中] 等待 30 秒...
[Tue Jan 13 18:56:57 CST 2026] [监控中] 当前最高GPU占用: 100%
[Tue Jan 13 18:56:57 CST 2026] [监控中] 等待 30 秒...
[Tue Jan 13 18:57:27 CST 2026] [监控中] 当前最高GPU占用: 61%
[Tue Jan 13 18:57:27 CST 2026] [监控中] 等待 30 秒...
[Tue Jan 13 18:57:58 CST 2026] [监控中] 当前最高GPU占用: 95%
[Tue Jan 13 18:57:58 CST 2026] [监控中] 等待 30 秒...
[Tue Jan 13 18:58:28 CST 2026] [监控中] 当前最高GPU占用: 100%
[Tue Jan 13 18:58:28 CST 2026] [监控中] 等待 30 秒...
[Tue Jan 13 18:58:58 CST 2026] [监控中] 当前最高GPU占用: 94%
[Tue Jan 13 18:58:58 CST 2026] [监控中] 等待 30 秒...
[Tue Jan 13 18:59:28 CST 2026] [监控中] 当前最高GPU占用: 100%
[Tue Jan 13 18:59:28 CST 2026] [监控中] 等待 30 秒...
[Tue Jan 13 18:59:58 CST 2026] [监控中] 当前最高GPU占用: 68%
[Tue Jan 13 18:59:58 CST 2026] [监控中] 等待 30 秒...
[Tue Jan 13 19:00:28 CST 2026] [监控中] 当前最高GPU占用: 85%
[Tue Jan 13 19:00:28 CST 2026] [监控中] 等待 30 秒...
[Tue Jan 13 19:00:58 CST 2026] [监控中] 当前最高GPU占用: 77%
[Tue Jan 13 19:00:58 CST 2026] [监控中] 等待 30 秒...
[Tue Jan 13 19:01:28 CST 2026] [监控中] 当前最高GPU占用: 97%
[Tue Jan 13 19:01:28 CST 2026] [监控中] 等待 30 秒...
[Tue Jan 13 19:01:58 CST 2026] [监控中] 当前最高GPU占用: 78%
[Tue Jan 13 19:01:58 CST 2026] [监控中] 等待 30 秒...
[Tue Jan 13 19:02:29 CST 2026] [监控中] 当前最高GPU占用: 94%
[Tue Jan 13 19:02:29 CST 2026] [监控中] 等待 30 秒...
[Tue Jan 13 19:02:59 CST 2026] [监控中] 当前最高GPU占用: 97%
[Tue Jan 13 19:02:59 CST 2026] [监控中] 等待 30 秒...
[Tue Jan 13 19:03:29 CST 2026] [监控中] 当前最高GPU占用: 100%
[Tue Jan 13 19:03:29 CST 2026] [监控中] 等待 30 秒...
[Tue Jan 13 19:03:59 CST 2026] [监控中] 当前最高GPU占用: 62%
[Tue Jan 13 19:03:59 CST 2026] [监控中] 等待 30 秒...
[Tue Jan 13 19:04:29 CST 2026] [监控中] 当前最高GPU占用: 75%
[Tue Jan 13 19:04:29 CST 2026] [监控中] 等待 30 秒...
[Tue Jan 13 19:04:59 CST 2026] [监控中] 当前最高GPU占用: 74%
[Tue Jan 13 19:04:59 CST 2026] [监控中] 等待 30 秒...
[Tue Jan 13 19:05:29 CST 2026] [监控中] 当前最高GPU占用: 98%
[Tue Jan 13 19:05:29 CST 2026] [监控中] 等待 30 秒...
[Tue Jan 13 19:05:59 CST 2026] [监控中] 当前最高GPU占用: 69%
[Tue Jan 13 19:05:59 CST 2026] [监控中] 等待 30 秒...
[Tue Jan 13 19:06:29 CST 2026] [监控中] 当前最高GPU占用: 64%
[Tue Jan 13 19:06:29 CST 2026] [监控中] 等待 30 秒...
[Tue Jan 13 19:07:00 CST 2026] [监控中] 当前最高GPU占用: 94%
[Tue Jan 13 19:07:00 CST 2026] [监控中] 等待 30 秒...
[Tue Jan 13 19:07:30 CST 2026] [监控中] 当前最高GPU占用: 99%
[Tue Jan 13 19:07:30 CST 2026] [监控中] 等待 30 秒...
[Tue Jan 13 19:08:00 CST 2026] [监控中] 当前最高GPU占用: 94%
[Tue Jan 13 19:08:00 CST 2026] [监控中] 等待 30 秒...
[Tue Jan 13 19:08:30 CST 2026] [监控中] 当前最高GPU占用: 69%
[Tue Jan 13 19:08:30 CST 2026] [监控中] 等待 30 秒...
[Tue Jan 13 19:09:00 CST 2026] [监控中] 当前最高GPU占用: 100%
[Tue Jan 13 19:09:00 CST 2026] [监控中] 等待 30 秒...
[Tue Jan 13 19:09:30 CST 2026] [监控中] 当前最高GPU占用: 89%
[Tue Jan 13 19:09:30 CST 2026] [监控中] 等待 30 秒...
[Tue Jan 13 19:10:00 CST 2026] [监控中] 当前最高GPU占用: 96%
[Tue Jan 13 19:10:00 CST 2026] [监控中] 等待 30 秒...
[Tue Jan 13 19:10:30 CST 2026] [监控中] 当前最高GPU占用: 82%
[Tue Jan 13 19:10:30 CST 2026] [监控中] 等待 30 秒...
[Tue Jan 13 19:11:00 CST 2026] [监控中] 当前最高GPU占用: 65%
[Tue Jan 13 19:11:00 CST 2026] [监控中] 等待 30 秒...
[Tue Jan 13 19:11:30 CST 2026] [监控中] 当前最高GPU占用: 87%
[Tue Jan 13 19:11:30 CST 2026] [监控中] 等待 30 秒...
[Tue Jan 13 19:12:00 CST 2026] [监控中] 当前最高GPU占用: 67%
[Tue Jan 13 19:12:00 CST 2026] [监控中] 等待 30 秒...
[Tue Jan 13 19:12:31 CST 2026] [监控中] 当前最高GPU占用: 63%
[Tue Jan 13 19:12:31 CST 2026] [监控中] 等待 30 秒...
[Tue Jan 13 19:13:01 CST 2026] [监控中] 当前最高GPU占用: 94%
[Tue Jan 13 19:13:01 CST 2026] [监控中] 等待 30 秒...
[Tue Jan 13 19:13:31 CST 2026] [监控中] 当前最高GPU占用: 94%
[Tue Jan 13 19:13:31 CST 2026] [监控中] 等待 30 秒...
[Tue Jan 13 19:14:01 CST 2026] [监控中] 当前最高GPU占用: 100%
[Tue Jan 13 19:14:01 CST 2026] [监控中] 等待 30 秒...
[Tue Jan 13 19:14:31 CST 2026] [监控中] 当前最高GPU占用: 100%
[Tue Jan 13 19:14:31 CST 2026] [监控中] 等待 30 秒...
[Tue Jan 13 19:15:01 CST 2026] [监控中] 当前最高GPU占用: 94%
[Tue Jan 13 19:15:01 CST 2026] [监控中] 等待 30 秒...
[Tue Jan 13 19:15:31 CST 2026] [监控中] 当前最高GPU占用: 94%
[Tue Jan 13 19:15:31 CST 2026] [监控中] 等待 30 秒...
[Tue Jan 13 19:16:01 CST 2026] [监控中] 当前最高GPU占用: 94%
[Tue Jan 13 19:16:01 CST 2026] [监控中] 等待 30 秒...
[Tue Jan 13 19:16:31 CST 2026] [监控中] 当前最高GPU占用: 100%
[Tue Jan 13 19:16:31 CST 2026] [监控中] 等待 30 秒...
[Tue Jan 13 19:17:02 CST 2026] [监控中] 当前最高GPU占用: 100%
[Tue Jan 13 19:17:02 CST 2026] [监控中] 等待 30 秒...
[Tue Jan 13 19:17:32 CST 2026] [监控中] 当前最高GPU占用: 100%
[Tue Jan 13 19:17:32 CST 2026] [监控中] 等待 30 秒...
[Tue Jan 13 19:18:02 CST 2026] [监控中] 当前最高GPU占用: 94%
[Tue Jan 13 19:18:02 CST 2026] [监控中] 等待 30 秒...
[Tue Jan 13 19:18:32 CST 2026] [监控中] 当前最高GPU占用: 83%
[Tue Jan 13 19:18:32 CST 2026] [监控中] 等待 30 秒...
[Tue Jan 13 19:19:02 CST 2026] [监控中] 当前最高GPU占用: 68%
[Tue Jan 13 19:19:02 CST 2026] [监控中] 等待 30 秒...
[Tue Jan 13 19:19:32 CST 2026] [监控中] 当前最高GPU占用: 94%
[Tue Jan 13 19:19:32 CST 2026] [监控中] 等待 30 秒...
[Tue Jan 13 19:20:02 CST 2026] [监控中] 当前最高GPU占用: 75%
[Tue Jan 13 19:20:02 CST 2026] [监控中] 等待 30 秒...
[Tue Jan 13 19:20:32 CST 2026] [监控中] 当前最高GPU占用: 77%
[Tue Jan 13 19:20:32 CST 2026] [监控中] 等待 30 秒...
[Tue Jan 13 19:21:02 CST 2026] [监控中] 当前最高GPU占用: 100%
[Tue Jan 13 19:21:02 CST 2026] [监控中] 等待 30 秒...
[Tue Jan 13 19:21:33 CST 2026] [监控中] 当前最高GPU占用: 100%
[Tue Jan 13 19:21:33 CST 2026] [监控中] 等待 30 秒...
[Tue Jan 13 19:22:03 CST 2026] [监控中] 当前最高GPU占用: 94%
[Tue Jan 13 19:22:03 CST 2026] [监控中] 等待 30 秒...
[Tue Jan 13 19:22:33 CST 2026] [监控中] 当前最高GPU占用: 95%
[Tue Jan 13 19:22:33 CST 2026] [监控中] 等待 30 秒...
[Tue Jan 13 19:23:03 CST 2026] [监控中] 当前最高GPU占用: 100%
[Tue Jan 13 19:23:03 CST 2026] [监控中] 等待 30 秒...
[Tue Jan 13 19:23:33 CST 2026] [监控中] 当前最高GPU占用: 74%
[Tue Jan 13 19:23:33 CST 2026] [监控中] 等待 30 秒...
[Tue Jan 13 19:24:03 CST 2026] [监控中] 当前最高GPU占用: 94%
[Tue Jan 13 19:24:03 CST 2026] [监控中] 等待 30 秒...
[Tue Jan 13 19:24:33 CST 2026] [监控中] 当前最高GPU占用: 75%
[Tue Jan 13 19:24:33 CST 2026] [监控中] 等待 30 秒...
[Tue Jan 13 19:25:03 CST 2026] [监控中] 当前最高GPU占用: 94%
[Tue Jan 13 19:25:03 CST 2026] [监控中] 等待 30 秒...
[Tue Jan 13 19:25:33 CST 2026] [监控中] 当前最高GPU占用: 100%
[Tue Jan 13 19:25:33 CST 2026] [监控中] 等待 30 秒...
[Tue Jan 13 19:26:04 CST 2026] [监控中] 当前最高GPU占用: 95%
[Tue Jan 13 19:26:04 CST 2026] [监控中] 等待 30 秒...
[Tue Jan 13 19:26:34 CST 2026] [监控中] 当前最高GPU占用: 61%
[Tue Jan 13 19:26:34 CST 2026] [监控中] 等待 30 秒...
[Tue Jan 13 19:27:04 CST 2026] [监控中] 当前最高GPU占用: 94%
[Tue Jan 13 19:27:04 CST 2026] [监控中] 等待 30 秒...
[Tue Jan 13 19:27:34 CST 2026] [监控中] 当前最高GPU占用: 94%
[Tue Jan 13 19:27:34 CST 2026] [监控中] 等待 30 秒...
[Tue Jan 13 19:28:04 CST 2026] [监控中] 当前最高GPU占用: 100%
[Tue Jan 13 19:28:04 CST 2026] [监控中] 等待 30 秒...
[Tue Jan 13 19:28:34 CST 2026] [监控中] 当前最高GPU占用: 94%
[Tue Jan 13 19:28:34 CST 2026] [监控中] 等待 30 秒...
[Tue Jan 13 19:29:04 CST 2026] [监控中] 当前最高GPU占用: 94%
[Tue Jan 13 19:29:04 CST 2026] [监控中] 等待 30 秒...
[Tue Jan 13 19:29:34 CST 2026] [监控中] 当前最高GPU占用: 66%
[Tue Jan 13 19:29:34 CST 2026] [监控中] 等待 30 秒...
[Tue Jan 13 19:30:04 CST 2026] [监控中] 当前最高GPU占用: 75%
[Tue Jan 13 19:30:04 CST 2026] [监控中] 等待 30 秒...
[Tue Jan 13 19:30:35 CST 2026] [监控中] 当前最高GPU占用: 65%
[Tue Jan 13 19:30:35 CST 2026] [监控中] 等待 30 秒...
[Tue Jan 13 19:31:05 CST 2026] [监控中] 当前最高GPU占用: 94%
[Tue Jan 13 19:31:05 CST 2026] [监控中] 等待 30 秒...
[Tue Jan 13 19:31:35 CST 2026] [监控中] 当前最高GPU占用: 100%
[Tue Jan 13 19:31:35 CST 2026] [监控中] 等待 30 秒...
[Tue Jan 13 19:32:05 CST 2026] [监控中] 当前最高GPU占用: 92%
[Tue Jan 13 19:32:05 CST 2026] [监控中] 等待 30 秒...
[Tue Jan 13 19:32:35 CST 2026] [监控中] 当前最高GPU占用: 98%
[Tue Jan 13 19:32:35 CST 2026] [监控中] 等待 30 秒...
[Tue Jan 13 19:33:05 CST 2026] [监控中] 当前最高GPU占用: 75%
[Tue Jan 13 19:33:05 CST 2026] [监控中] 等待 30 秒...
[Tue Jan 13 19:33:35 CST 2026] [监控中] 当前最高GPU占用: 72%
[Tue Jan 13 19:33:35 CST 2026] [监控中] 等待 30 秒...
[Tue Jan 13 19:34:05 CST 2026] [监控中] 当前最高GPU占用: 100%
[Tue Jan 13 19:34:05 CST 2026] [监控中] 等待 30 秒...
[Tue Jan 13 19:34:35 CST 2026] [监控中] 当前最高GPU占用: 75%
[Tue Jan 13 19:34:35 CST 2026] [监控中] 等待 30 秒...
[Tue Jan 13 19:35:06 CST 2026] [监控中] 当前最高GPU占用: 65%
[Tue Jan 13 19:35:06 CST 2026] [监控中] 等待 30 秒...
[Tue Jan 13 19:35:36 CST 2026] [监控中] 当前最高GPU占用: 99%
[Tue Jan 13 19:35:36 CST 2026] [监控中] 等待 30 秒...
[Tue Jan 13 19:36:06 CST 2026] [监控中] 当前最高GPU占用: 100%
[Tue Jan 13 19:36:06 CST 2026] [监控中] 等待 30 秒...
[Tue Jan 13 19:36:36 CST 2026] [监控中] 当前最高GPU占用: 93%
[Tue Jan 13 19:36:36 CST 2026] [监控中] 等待 30 秒...
[Tue Jan 13 19:37:06 CST 2026] [监控中] 当前最高GPU占用: 94%
[Tue Jan 13 19:37:06 CST 2026] [监控中] 等待 30 秒...
[Tue Jan 13 19:37:36 CST 2026] [监控中] 当前最高GPU占用: 94%
[Tue Jan 13 19:37:36 CST 2026] [监控中] 等待 30 秒...
[Tue Jan 13 19:38:06 CST 2026] [监控中] 当前最高GPU占用: 76%
[Tue Jan 13 19:38:06 CST 2026] [监控中] 等待 30 秒...
[Tue Jan 13 19:38:36 CST 2026] [监控中] 当前最高GPU占用: 94%
[Tue Jan 13 19:38:36 CST 2026] [监控中] 等待 30 秒...
[Tue Jan 13 19:39:06 CST 2026] [监控中] 当前最高GPU占用: 75%
[Tue Jan 13 19:39:06 CST 2026] [监控中] 等待 30 秒...
[Tue Jan 13 19:39:37 CST 2026] [监控中] 当前最高GPU占用: 99%
[Tue Jan 13 19:39:37 CST 2026] [监控中] 等待 30 秒...
[Tue Jan 13 19:40:07 CST 2026] [监控中] 当前最高GPU占用: 95%
[Tue Jan 13 19:40:07 CST 2026] [监控中] 等待 30 秒...
[Tue Jan 13 19:40:37 CST 2026] [监控中] 当前最高GPU占用: 94%
[Tue Jan 13 19:40:37 CST 2026] [监控中] 等待 30 秒...
[Tue Jan 13 19:41:07 CST 2026] [监控中] 当前最高GPU占用: 94%
[Tue Jan 13 19:41:07 CST 2026] [监控中] 等待 30 秒...
[Tue Jan 13 19:41:37 CST 2026] [监控中] 当前最高GPU占用: 94%
[Tue Jan 13 19:41:37 CST 2026] [监控中] 等待 30 秒...
[Tue Jan 13 19:42:07 CST 2026] [监控中] 当前最高GPU占用: 56%
[Tue Jan 13 19:42:07 CST 2026] [监控中] 等待 30 秒...
[Tue Jan 13 19:42:37 CST 2026] [监控中] 当前最高GPU占用: 79%
[Tue Jan 13 19:42:37 CST 2026] [监控中] 等待 30 秒...
[Tue Jan 13 19:43:07 CST 2026] [监控中] 当前最高GPU占用: 100%
[Tue Jan 13 19:43:07 CST 2026] [监控中] 等待 30 秒...
[Tue Jan 13 19:43:37 CST 2026] [监控中] 当前最高GPU占用: 94%
[Tue Jan 13 19:43:37 CST 2026] [监控中] 等待 30 秒...
[Tue Jan 13 19:44:07 CST 2026] [监控中] 当前最高GPU占用: 94%
[Tue Jan 13 19:44:07 CST 2026] [监控中] 等待 30 秒...
[Tue Jan 13 19:44:38 CST 2026] [监控中] 当前最高GPU占用: 77%
[Tue Jan 13 19:44:38 CST 2026] [监控中] 等待 30 秒...
[Tue Jan 13 19:45:08 CST 2026] [监控中] 当前最高GPU占用: 100%
[Tue Jan 13 19:45:08 CST 2026] [监控中] 等待 30 秒...
[Tue Jan 13 19:45:38 CST 2026] [监控中] 当前最高GPU占用: 95%
[Tue Jan 13 19:45:38 CST 2026] [监控中] 等待 30 秒...
[Tue Jan 13 19:46:08 CST 2026] [监控中] 当前最高GPU占用: 68%
[Tue Jan 13 19:46:08 CST 2026] [监控中] 等待 30 秒...
[Tue Jan 13 19:46:38 CST 2026] [监控中] 当前最高GPU占用: 100%
[Tue Jan 13 19:46:38 CST 2026] [监控中] 等待 30 秒...
[Tue Jan 13 19:47:08 CST 2026] [监控中] 当前最高GPU占用: 63%
[Tue Jan 13 19:47:08 CST 2026] [监控中] 等待 30 秒...
[Tue Jan 13 19:47:38 CST 2026] [监控中] 当前最高GPU占用: 74%
[Tue Jan 13 19:47:38 CST 2026] [监控中] 等待 30 秒...
[Tue Jan 13 19:48:08 CST 2026] [监控中] 当前最高GPU占用: 86%
[Tue Jan 13 19:48:08 CST 2026] [监控中] 等待 30 秒...
[Tue Jan 13 19:48:38 CST 2026] [监控中] 当前最高GPU占用: 100%
[Tue Jan 13 19:48:38 CST 2026] [监控中] 等待 30 秒...
[Tue Jan 13 19:49:09 CST 2026] [监控中] 当前最高GPU占用: 77%
[Tue Jan 13 19:49:09 CST 2026] [监控中] 等待 30 秒...
[Tue Jan 13 19:49:39 CST 2026] [监控中] 当前最高GPU占用: 100%
[Tue Jan 13 19:49:39 CST 2026] [监控中] 等待 30 秒...
[Tue Jan 13 19:50:09 CST 2026] [监控中] 当前最高GPU占用: 95%
[Tue Jan 13 19:50:09 CST 2026] [监控中] 等待 30 秒...
[Tue Jan 13 19:50:39 CST 2026] [监控中] 当前最高GPU占用: 94%
[Tue Jan 13 19:50:39 CST 2026] [监控中] 等待 30 秒...
[Tue Jan 13 19:51:09 CST 2026] [监控中] 当前最高GPU占用: 100%
[Tue Jan 13 19:51:09 CST 2026] [监控中] 等待 30 秒...
[Tue Jan 13 19:51:39 CST 2026] [监控中] 当前最高GPU占用: 94%
[Tue Jan 13 19:51:39 CST 2026] [监控中] 等待 30 秒...
[Tue Jan 13 19:52:09 CST 2026] [监控中] 当前最高GPU占用: 100%
[Tue Jan 13 19:52:09 CST 2026] [监控中] 等待 30 秒...
[Tue Jan 13 19:52:39 CST 2026] [监控中] 当前最高GPU占用: 93%
[Tue Jan 13 19:52:39 CST 2026] [监控中] 等待 30 秒...
[Tue Jan 13 19:53:09 CST 2026] [监控中] 当前最高GPU占用: 100%
[Tue Jan 13 19:53:09 CST 2026] [监控中] 等待 30 秒...
[Tue Jan 13 19:53:40 CST 2026] [监控中] 当前最高GPU占用: 63%
[Tue Jan 13 19:53:40 CST 2026] [监控中] 等待 30 秒...
[Tue Jan 13 19:54:10 CST 2026] [监控中] 当前最高GPU占用: 95%
[Tue Jan 13 19:54:10 CST 2026] [监控中] 等待 30 秒...
[Tue Jan 13 19:54:40 CST 2026] [监控中] 当前最高GPU占用: 81%
[Tue Jan 13 19:54:40 CST 2026] [监控中] 等待 30 秒...
[Tue Jan 13 19:55:10 CST 2026] [监控中] 当前最高GPU占用: 100%
[Tue Jan 13 19:55:10 CST 2026] [监控中] 等待 30 秒...
[Tue Jan 13 19:55:40 CST 2026] [监控中] 当前最高GPU占用: 94%
[Tue Jan 13 19:55:40 CST 2026] [监控中] 等待 30 秒...
[Tue Jan 13 19:56:10 CST 2026] [监控中] 当前最高GPU占用: 93%
[Tue Jan 13 19:56:10 CST 2026] [监控中] 等待 30 秒...
[Tue Jan 13 19:56:40 CST 2026] [监控中] 当前最高GPU占用: 98%
[Tue Jan 13 19:56:40 CST 2026] [监控中] 等待 30 秒...
[Tue Jan 13 19:57:10 CST 2026] [监控中] 当前最高GPU占用: 100%
[Tue Jan 13 19:57:10 CST 2026] [监控中] 等待 30 秒...
[Tue Jan 13 19:57:40 CST 2026] [监控中] 当前最高GPU占用: 100%
[Tue Jan 13 19:57:40 CST 2026] [监控中] 等待 30 秒...
[Tue Jan 13 19:58:10 CST 2026] [监控中] 当前最高GPU占用: 95%
[Tue Jan 13 19:58:10 CST 2026] [监控中] 等待 30 秒...
[Tue Jan 13 19:58:40 CST 2026] [监控中] 当前最高GPU占用: 100%
[Tue Jan 13 19:58:40 CST 2026] [监控中] 等待 30 秒...
[Tue Jan 13 19:59:10 CST 2026] [监控中] 当前最高GPU占用: 67%
[Tue Jan 13 19:59:10 CST 2026] [监控中] 等待 30 秒...
[Tue Jan 13 19:59:40 CST 2026] [监控中] 当前最高GPU占用: 100%
[Tue Jan 13 19:59:40 CST 2026] [监控中] 等待 30 秒...
[Tue Jan 13 20:00:11 CST 2026] [监控中] 当前最高GPU占用: 100%
[Tue Jan 13 20:00:11 CST 2026] [监控中] 等待 30 秒...
[Tue Jan 13 20:00:41 CST 2026] [监控中] 当前最高GPU占用: 100%
[Tue Jan 13 20:00:41 CST 2026] [监控中] 等待 30 秒...
[Tue Jan 13 20:01:11 CST 2026] [监控中] 当前最高GPU占用: 67%
[Tue Jan 13 20:01:11 CST 2026] [监控中] 等待 30 秒...
[Tue Jan 13 20:01:41 CST 2026] [监控中] 当前最高GPU占用: 77%
[Tue Jan 13 20:01:41 CST 2026] [监控中] 等待 30 秒...
[Tue Jan 13 20:02:11 CST 2026] [监控中] 当前最高GPU占用: 95%
[Tue Jan 13 20:02:11 CST 2026] [监控中] 等待 30 秒...
[Tue Jan 13 20:02:41 CST 2026] [监控中] 当前最高GPU占用: 99%
[Tue Jan 13 20:02:41 CST 2026] [监控中] 等待 30 秒...
[Tue Jan 13 20:03:11 CST 2026] [监控中] 当前最高GPU占用: 98%
[Tue Jan 13 20:03:11 CST 2026] [监控中] 等待 30 秒...
[Tue Jan 13 20:03:41 CST 2026] [监控中] 当前最高GPU占用: 86%
[Tue Jan 13 20:03:41 CST 2026] [监控中] 等待 30 秒...
[Tue Jan 13 20:04:11 CST 2026] [监控中] 当前最高GPU占用: 100%
[Tue Jan 13 20:04:11 CST 2026] [监控中] 等待 30 秒...
[Tue Jan 13 20:04:41 CST 2026] [监控中] 当前最高GPU占用: 95%
[Tue Jan 13 20:04:41 CST 2026] [监控中] 等待 30 秒...
[Tue Jan 13 20:05:12 CST 2026] [监控中] 当前最高GPU占用: 73%
[Tue Jan 13 20:05:12 CST 2026] [监控中] 等待 30 秒...
[Tue Jan 13 20:05:42 CST 2026] [监控中] 当前最高GPU占用: 66%
[Tue Jan 13 20:05:42 CST 2026] [监控中] 等待 30 秒...
[Tue Jan 13 20:06:12 CST 2026] [监控中] 当前最高GPU占用: 67%
[Tue Jan 13 20:06:12 CST 2026] [监控中] 等待 30 秒...
[Tue Jan 13 20:06:42 CST 2026] [监控中] 当前最高GPU占用: 67%
[Tue Jan 13 20:06:42 CST 2026] [监控中] 等待 30 秒...
[Tue Jan 13 20:07:12 CST 2026] [监控中] 当前最高GPU占用: 100%
[Tue Jan 13 20:07:12 CST 2026] [监控中] 等待 30 秒...
[Tue Jan 13 20:07:42 CST 2026] [监控中] 当前最高GPU占用: 97%
[Tue Jan 13 20:07:42 CST 2026] [监控中] 等待 30 秒...
[Tue Jan 13 20:08:12 CST 2026] [监控中] 当前最高GPU占用: 66%
[Tue Jan 13 20:08:12 CST 2026] [监控中] 等待 30 秒...
[Tue Jan 13 20:08:42 CST 2026] [监控中] 当前最高GPU占用: 100%
[Tue Jan 13 20:08:42 CST 2026] [监控中] 等待 30 秒...
[Tue Jan 13 20:09:12 CST 2026] [监控中] 当前最高GPU占用: 100%
[Tue Jan 13 20:09:12 CST 2026] [监控中] 等待 30 秒...
[Tue Jan 13 20:09:42 CST 2026] [监控中] 当前最高GPU占用: 95%
[Tue Jan 13 20:09:42 CST 2026] [监控中] 等待 30 秒...
[Tue Jan 13 20:10:13 CST 2026] [监控中] 当前最高GPU占用: 66%
[Tue Jan 13 20:10:13 CST 2026] [监控中] 等待 30 秒...
[Tue Jan 13 20:10:43 CST 2026] [监控中] 当前最高GPU占用: 62%
[Tue Jan 13 20:10:43 CST 2026] [监控中] 等待 30 秒...
[Tue Jan 13 20:11:13 CST 2026] [监控中] 当前最高GPU占用: 100%
[Tue Jan 13 20:11:13 CST 2026] [监控中] 等待 30 秒...
[Tue Jan 13 20:11:43 CST 2026] [监控中] 当前最高GPU占用: 96%
[Tue Jan 13 20:11:43 CST 2026] [监控中] 等待 30 秒...
[Tue Jan 13 20:12:13 CST 2026] [监控中] 当前最高GPU占用: 100%
[Tue Jan 13 20:12:13 CST 2026] [监控中] 等待 30 秒...
[Tue Jan 13 20:12:43 CST 2026] [监控中] 当前最高GPU占用: 95%
[Tue Jan 13 20:12:43 CST 2026] [监控中] 等待 30 秒...
[Tue Jan 13 20:13:13 CST 2026] [监控中] 当前最高GPU占用: 100%
[Tue Jan 13 20:13:13 CST 2026] [监控中] 等待 30 秒...
[Tue Jan 13 20:13:43 CST 2026] [监控中] 当前最高GPU占用: 95%
[Tue Jan 13 20:13:43 CST 2026] [监控中] 等待 30 秒...
[Tue Jan 13 20:14:13 CST 2026] [监控中] 当前最高GPU占用: 95%
[Tue Jan 13 20:14:13 CST 2026] [监控中] 等待 30 秒...
[Tue Jan 13 20:14:43 CST 2026] [监控中] 当前最高GPU占用: 95%
[Tue Jan 13 20:14:43 CST 2026] [监控中] 等待 30 秒...
[Tue Jan 13 20:15:14 CST 2026] [监控中] 当前最高GPU占用: 95%
[Tue Jan 13 20:15:14 CST 2026] [监控中] 等待 30 秒...
[Tue Jan 13 20:15:44 CST 2026] [监控中] 当前最高GPU占用: 100%
[Tue Jan 13 20:15:44 CST 2026] [监控中] 等待 30 秒...
[Tue Jan 13 20:16:14 CST 2026] [监控中] 当前最高GPU占用: 100%
[Tue Jan 13 20:16:14 CST 2026] [监控中] 等待 30 秒...
[Tue Jan 13 20:16:44 CST 2026] [监控中] 当前最高GPU占用: 100%
[Tue Jan 13 20:16:44 CST 2026] [监控中] 等待 30 秒...
[Tue Jan 13 20:17:14 CST 2026] [监控中] 当前最高GPU占用: 72%
[Tue Jan 13 20:17:14 CST 2026] [监控中] 等待 30 秒...
[Tue Jan 13 20:17:44 CST 2026] [监控中] 当前最高GPU占用: 90%
[Tue Jan 13 20:17:44 CST 2026] [监控中] 等待 30 秒...
[Tue Jan 13 20:18:14 CST 2026] [监控中] 当前最高GPU占用: 99%
[Tue Jan 13 20:18:14 CST 2026] [监控中] 等待 30 秒...
[Tue Jan 13 20:18:44 CST 2026] [监控中] 当前最高GPU占用: 100%
[Tue Jan 13 20:18:44 CST 2026] [监控中] 等待 30 秒...
[Tue Jan 13 20:19:14 CST 2026] [监控中] 当前最高GPU占用: 95%
[Tue Jan 13 20:19:14 CST 2026] [监控中] 等待 30 秒...
[Tue Jan 13 20:19:44 CST 2026] [监控中] 当前最高GPU占用: 94%
[Tue Jan 13 20:19:44 CST 2026] [监控中] 等待 30 秒...
[Tue Jan 13 20:20:15 CST 2026] [监控中] 当前最高GPU占用: 71%
[Tue Jan 13 20:20:15 CST 2026] [监控中] 等待 30 秒...
[Tue Jan 13 20:20:45 CST 2026] [监控中] 当前最高GPU占用: 71%
[Tue Jan 13 20:20:45 CST 2026] [监控中] 等待 30 秒...
[Tue Jan 13 20:21:15 CST 2026] [监控中] 当前最高GPU占用: 70%
[Tue Jan 13 20:21:15 CST 2026] [监控中] 等待 30 秒...
[Tue Jan 13 20:21:45 CST 2026] [监控中] 当前最高GPU占用: 65%
[Tue Jan 13 20:21:45 CST 2026] [监控中] 等待 30 秒...
[Tue Jan 13 20:22:15 CST 2026] [监控中] 当前最高GPU占用: 67%
[Tue Jan 13 20:22:15 CST 2026] [监控中] 等待 30 秒...
[Tue Jan 13 20:22:45 CST 2026] [监控中] 当前最高GPU占用: 99%
[Tue Jan 13 20:22:45 CST 2026] [监控中] 等待 30 秒...
[Tue Jan 13 20:23:15 CST 2026] [监控中] 当前最高GPU占用: 61%
[Tue Jan 13 20:23:15 CST 2026] [监控中] 等待 30 秒...
[Tue Jan 13 20:23:45 CST 2026] [监控中] 当前最高GPU占用: 68%
[Tue Jan 13 20:23:45 CST 2026] [监控中] 等待 30 秒...
[Tue Jan 13 20:24:15 CST 2026] [监控中] 当前最高GPU占用: 95%
[Tue Jan 13 20:24:15 CST 2026] [监控中] 等待 30 秒...
[Tue Jan 13 20:24:45 CST 2026] [监控中] 当前最高GPU占用: 95%
[Tue Jan 13 20:24:45 CST 2026] [监控中] 等待 30 秒...
[Tue Jan 13 20:25:16 CST 2026] [监控中] 当前最高GPU占用: 68%
[Tue Jan 13 20:25:16 CST 2026] [监控中] 等待 30 秒...
[Tue Jan 13 20:25:46 CST 2026] [监控中] 当前最高GPU占用: 96%
[Tue Jan 13 20:25:46 CST 2026] [监控中] 等待 30 秒...
[Tue Jan 13 20:26:16 CST 2026] [监控中] 当前最高GPU占用: 100%
[Tue Jan 13 20:26:16 CST 2026] [监控中] 等待 30 秒...
[Tue Jan 13 20:26:46 CST 2026] [监控中] 当前最高GPU占用: 95%
[Tue Jan 13 20:26:46 CST 2026] [监控中] 等待 30 秒...
[Tue Jan 13 20:27:16 CST 2026] [监控中] 当前最高GPU占用: 100%
[Tue Jan 13 20:27:16 CST 2026] [监控中] 等待 30 秒...
[Tue Jan 13 20:27:46 CST 2026] [监控中] 当前最高GPU占用: 64%
[Tue Jan 13 20:27:46 CST 2026] [监控中] 等待 30 秒...
[Tue Jan 13 20:28:16 CST 2026] [监控中] 当前最高GPU占用: 99%
[Tue Jan 13 20:28:16 CST 2026] [监控中] 等待 30 秒...
[Tue Jan 13 20:28:46 CST 2026] [监控中] 当前最高GPU占用: 66%
[Tue Jan 13 20:28:46 CST 2026] [监控中] 等待 30 秒...
[Tue Jan 13 20:29:16 CST 2026] [监控中] 当前最高GPU占用: 100%
[Tue Jan 13 20:29:16 CST 2026] [监控中] 等待 30 秒...
[Tue Jan 13 20:29:46 CST 2026] [监控中] 当前最高GPU占用: 95%
[Tue Jan 13 20:29:46 CST 2026] [监控中] 等待 30 秒...
[Tue Jan 13 20:30:17 CST 2026] [监控中] 当前最高GPU占用: 95%
[Tue Jan 13 20:30:17 CST 2026] [监控中] 等待 30 秒...
[Tue Jan 13 20:30:47 CST 2026] [监控中] 当前最高GPU占用: 74%
[Tue Jan 13 20:30:47 CST 2026] [监控中] 等待 30 秒...
[Tue Jan 13 20:31:17 CST 2026] [监控中] 当前最高GPU占用: 95%
[Tue Jan 13 20:31:17 CST 2026] [监控中] 等待 30 秒...
[Tue Jan 13 20:31:47 CST 2026] [监控中] 当前最高GPU占用: 100%
[Tue Jan 13 20:31:47 CST 2026] [监控中] 等待 30 秒...
[Tue Jan 13 20:32:17 CST 2026] [监控中] 当前最高GPU占用: 71%
[Tue Jan 13 20:32:17 CST 2026] [监控中] 等待 30 秒...
[Tue Jan 13 20:32:47 CST 2026] [监控中] 当前最高GPU占用: 76%
[Tue Jan 13 20:32:47 CST 2026] [监控中] 等待 30 秒...
[Tue Jan 13 20:33:17 CST 2026] [监控中] 当前最高GPU占用: 68%
[Tue Jan 13 20:33:17 CST 2026] [监控中] 等待 30 秒...
[Tue Jan 13 20:33:47 CST 2026] [监控中] 当前最高GPU占用: 97%
[Tue Jan 13 20:33:47 CST 2026] [监控中] 等待 30 秒...
[Tue Jan 13 20:34:17 CST 2026] [监控中] 当前最高GPU占用: 77%
[Tue Jan 13 20:34:17 CST 2026] [监控中] 等待 30 秒...
[Tue Jan 13 20:34:47 CST 2026] [监控中] 当前最高GPU占用: 64%
[Tue Jan 13 20:34:47 CST 2026] [监控中] 等待 30 秒...
[Tue Jan 13 20:35:18 CST 2026] [监控中] 当前最高GPU占用: 68%
[Tue Jan 13 20:35:18 CST 2026] [监控中] 等待 30 秒...
[Tue Jan 13 20:35:48 CST 2026] [监控中] 当前最高GPU占用: 100%
[Tue Jan 13 20:35:48 CST 2026] [监控中] 等待 30 秒...
[Tue Jan 13 20:36:18 CST 2026] [监控中] 当前最高GPU占用: 68%
[Tue Jan 13 20:36:18 CST 2026] [监控中] 等待 30 秒...
[Tue Jan 13 20:36:48 CST 2026] [监控中] 当前最高GPU占用: 91%
[Tue Jan 13 20:36:48 CST 2026] [监控中] 等待 30 秒...
[Tue Jan 13 20:37:18 CST 2026] [监控中] 当前最高GPU占用: 86%
[Tue Jan 13 20:37:18 CST 2026] [监控中] 等待 30 秒...
[Tue Jan 13 20:37:48 CST 2026] [监控中] 当前最高GPU占用: 95%
[Tue Jan 13 20:37:48 CST 2026] [监控中] 等待 30 秒...
[Tue Jan 13 20:38:18 CST 2026] [监控中] 当前最高GPU占用: 67%
[Tue Jan 13 20:38:18 CST 2026] [监控中] 等待 30 秒...
[Tue Jan 13 20:38:48 CST 2026] [监控中] 当前最高GPU占用: 66%
[Tue Jan 13 20:38:48 CST 2026] [监控中] 等待 30 秒...
[Tue Jan 13 20:39:18 CST 2026] [监控中] 当前最高GPU占用: 100%
[Tue Jan 13 20:39:18 CST 2026] [监控中] 等待 30 秒...
[Tue Jan 13 20:39:48 CST 2026] [监控中] 当前最高GPU占用: 96%
[Tue Jan 13 20:39:48 CST 2026] [监控中] 等待 30 秒...
[Tue Jan 13 20:40:19 CST 2026] [监控中] 当前最高GPU占用: 96%
[Tue Jan 13 20:40:19 CST 2026] [监控中] 等待 30 秒...
[Tue Jan 13 20:40:49 CST 2026] [监控中] 当前最高GPU占用: 70%
[Tue Jan 13 20:40:49 CST 2026] [监控中] 等待 30 秒...
[Tue Jan 13 20:41:19 CST 2026] [监控中] 当前最高GPU占用: 65%
[Tue Jan 13 20:41:19 CST 2026] [监控中] 等待 30 秒...
[Tue Jan 13 20:41:49 CST 2026] [监控中] 当前最高GPU占用: 100%
[Tue Jan 13 20:41:49 CST 2026] [监控中] 等待 30 秒...
[Tue Jan 13 20:42:19 CST 2026] [监控中] 当前最高GPU占用: 96%
[Tue Jan 13 20:42:19 CST 2026] [监控中] 等待 30 秒...
[Tue Jan 13 20:42:49 CST 2026] [监控中] 当前最高GPU占用: 95%
[Tue Jan 13 20:42:49 CST 2026] [监控中] 等待 30 秒...
[Tue Jan 13 20:43:19 CST 2026] [监控中] 当前最高GPU占用: 64%
[Tue Jan 13 20:43:19 CST 2026] [监控中] 等待 30 秒...
[Tue Jan 13 20:43:49 CST 2026] [监控中] 当前最高GPU占用: 64%
[Tue Jan 13 20:43:49 CST 2026] [监控中] 等待 30 秒...
[Tue Jan 13 20:44:19 CST 2026] [监控中] 当前最高GPU占用: 66%
[Tue Jan 13 20:44:19 CST 2026] [监控中] 等待 30 秒...
[Tue Jan 13 20:44:49 CST 2026] [监控中] 当前最高GPU占用: 100%
[Tue Jan 13 20:44:49 CST 2026] [监控中] 等待 30 秒...
[Tue Jan 13 20:45:20 CST 2026] [监控中] 当前最高GPU占用: 64%
[Tue Jan 13 20:45:20 CST 2026] [监控中] 等待 30 秒...
[Tue Jan 13 20:45:50 CST 2026] [监控中] 当前最高GPU占用: 96%
[Tue Jan 13 20:45:50 CST 2026] [监控中] 等待 30 秒...
[Tue Jan 13 20:46:20 CST 2026] [监控中] 当前最高GPU占用: 78%
[Tue Jan 13 20:46:20 CST 2026] [监控中] 等待 30 秒...
[Tue Jan 13 20:46:50 CST 2026] [监控中] 当前最高GPU占用: 86%
[Tue Jan 13 20:46:50 CST 2026] [监控中] 等待 30 秒...
[Tue Jan 13 20:47:20 CST 2026] [监控中] 当前最高GPU占用: 95%
[Tue Jan 13 20:47:20 CST 2026] [监控中] 等待 30 秒...
[Tue Jan 13 20:47:50 CST 2026] [监控中] 当前最高GPU占用: 100%
[Tue Jan 13 20:47:50 CST 2026] [监控中] 等待 30 秒...
[Tue Jan 13 20:48:20 CST 2026] [监控中] 当前最高GPU占用: 68%
[Tue Jan 13 20:48:20 CST 2026] [监控中] 等待 30 秒...
[Tue Jan 13 20:48:50 CST 2026] [监控中] 当前最高GPU占用: 94%
[Tue Jan 13 20:48:50 CST 2026] [监控中] 等待 30 秒...
[Tue Jan 13 20:49:20 CST 2026] [监控中] 当前最高GPU占用: 94%
[Tue Jan 13 20:49:20 CST 2026] [监控中] 等待 30 秒...
[Tue Jan 13 20:49:50 CST 2026] [监控中] 当前最高GPU占用: 100%
[Tue Jan 13 20:49:50 CST 2026] [监控中] 等待 30 秒...
[Tue Jan 13 20:50:20 CST 2026] [监控中] 当前最高GPU占用: 97%
[Tue Jan 13 20:50:20 CST 2026] [监控中] 等待 30 秒...
[Tue Jan 13 20:50:50 CST 2026] [监控中] 当前最高GPU占用: 99%
[Tue Jan 13 20:50:50 CST 2026] [监控中] 等待 30 秒...
[Tue Jan 13 20:51:21 CST 2026] [监控中] 当前最高GPU占用: 95%
[Tue Jan 13 20:51:21 CST 2026] [监控中] 等待 30 秒...
[Tue Jan 13 20:51:51 CST 2026] [监控中] 当前最高GPU占用: 95%
[Tue Jan 13 20:51:51 CST 2026] [监控中] 等待 30 秒...
[Tue Jan 13 20:52:21 CST 2026] [监控中] 当前最高GPU占用: 67%
[Tue Jan 13 20:52:21 CST 2026] [监控中] 等待 30 秒...
[Tue Jan 13 20:52:51 CST 2026] [监控中] 当前最高GPU占用: 100%
[Tue Jan 13 20:52:51 CST 2026] [监控中] 等待 30 秒...
[Tue Jan 13 20:53:21 CST 2026] [监控中] 当前最高GPU占用: 95%
[Tue Jan 13 20:53:21 CST 2026] [监控中] 等待 30 秒...
[Tue Jan 13 20:53:51 CST 2026] [监控中] 当前最高GPU占用: 95%
[Tue Jan 13 20:53:51 CST 2026] [监控中] 等待 30 秒...
[Tue Jan 13 20:54:21 CST 2026] [监控中] 当前最高GPU占用: 96%
[Tue Jan 13 20:54:21 CST 2026] [监控中] 等待 30 秒...
[Tue Jan 13 20:54:51 CST 2026] [监控中] 当前最高GPU占用: 79%
[Tue Jan 13 20:54:51 CST 2026] [监控中] 等待 30 秒...
[Tue Jan 13 20:55:21 CST 2026] [监控中] 当前最高GPU占用: 100%
[Tue Jan 13 20:55:21 CST 2026] [监控中] 等待 30 秒...
[Tue Jan 13 20:55:51 CST 2026] [监控中] 当前最高GPU占用: 100%
[Tue Jan 13 20:55:51 CST 2026] [监控中] 等待 30 秒...
[Tue Jan 13 20:56:21 CST 2026] [监控中] 当前最高GPU占用: 68%
[Tue Jan 13 20:56:21 CST 2026] [监控中] 等待 30 秒...
[Tue Jan 13 20:56:52 CST 2026] [监控中] 当前最高GPU占用: 95%
[Tue Jan 13 20:56:52 CST 2026] [监控中] 等待 30 秒...
[Tue Jan 13 20:57:22 CST 2026] [监控中] 当前最高GPU占用: 89%
[Tue Jan 13 20:57:22 CST 2026] [监控中] 等待 30 秒...
[Tue Jan 13 20:57:52 CST 2026] [监控中] 当前最高GPU占用: 98%
[Tue Jan 13 20:57:52 CST 2026] [监控中] 等待 30 秒...
[Tue Jan 13 20:58:22 CST 2026] [监控中] 当前最高GPU占用: 100%
[Tue Jan 13 20:58:22 CST 2026] [监控中] 等待 30 秒...
[Tue Jan 13 20:58:52 CST 2026] [监控中] 当前最高GPU占用: 62%
[Tue Jan 13 20:58:52 CST 2026] [监控中] 等待 30 秒...
[Tue Jan 13 20:59:22 CST 2026] [监控中] 当前最高GPU占用: 64%
[Tue Jan 13 20:59:22 CST 2026] [监控中] 等待 30 秒...
[Tue Jan 13 20:59:52 CST 2026] [监控中] 当前最高GPU占用: 97%
[Tue Jan 13 20:59:52 CST 2026] [监控中] 等待 30 秒...
[Tue Jan 13 21:00:22 CST 2026] [监控中] 当前最高GPU占用: 100%
[Tue Jan 13 21:00:22 CST 2026] [监控中] 等待 30 秒...
[Tue Jan 13 21:00:52 CST 2026] [监控中] 当前最高GPU占用: 70%
[Tue Jan 13 21:00:52 CST 2026] [监控中] 等待 30 秒...
[Tue Jan 13 21:01:23 CST 2026] [监控中] 当前最高GPU占用: 95%
[Tue Jan 13 21:01:23 CST 2026] [监控中] 等待 30 秒...
[Tue Jan 13 21:01:53 CST 2026] [监控中] 当前最高GPU占用: 67%
[Tue Jan 13 21:01:53 CST 2026] [监控中] 等待 30 秒...
[Tue Jan 13 21:02:23 CST 2026] [监控中] 当前最高GPU占用: 96%
[Tue Jan 13 21:02:23 CST 2026] [监控中] 等待 30 秒...
[Tue Jan 13 21:02:53 CST 2026] [监控中] 当前最高GPU占用: 100%
[Tue Jan 13 21:02:53 CST 2026] [监控中] 等待 30 秒...
[Tue Jan 13 21:03:23 CST 2026] [监控中] 当前最高GPU占用: 100%
[Tue Jan 13 21:03:23 CST 2026] [监控中] 等待 30 秒...
[Tue Jan 13 21:03:53 CST 2026] [监控中] 当前最高GPU占用: 68%
[Tue Jan 13 21:03:53 CST 2026] [监控中] 等待 30 秒...
[Tue Jan 13 21:04:23 CST 2026] [监控中] 当前最高GPU占用: 100%
[Tue Jan 13 21:04:23 CST 2026] [监控中] 等待 30 秒...
[Tue Jan 13 21:04:53 CST 2026] [监控中] 当前最高GPU占用: 95%
[Tue Jan 13 21:04:53 CST 2026] [监控中] 等待 30 秒...
[Tue Jan 13 21:05:23 CST 2026] [监控中] 当前最高GPU占用: 95%
[Tue Jan 13 21:05:23 CST 2026] [监控中] 等待 30 秒...
[Tue Jan 13 21:05:53 CST 2026] [监控中] 当前最高GPU占用: 62%
[Tue Jan 13 21:05:53 CST 2026] [监控中] 等待 30 秒...
[Tue Jan 13 21:06:23 CST 2026] [监控中] 当前最高GPU占用: 95%
[Tue Jan 13 21:06:23 CST 2026] [监控中] 等待 30 秒...
[Tue Jan 13 21:06:54 CST 2026] [监控中] 当前最高GPU占用: 82%
[Tue Jan 13 21:06:54 CST 2026] [监控中] 等待 30 秒...
[Tue Jan 13 21:07:24 CST 2026] [监控中] 当前最高GPU占用: 95%
[Tue Jan 13 21:07:24 CST 2026] [监控中] 等待 30 秒...
[Tue Jan 13 21:07:54 CST 2026] [监控中] 当前最高GPU占用: 65%
[Tue Jan 13 21:07:54 CST 2026] [监控中] 等待 30 秒...
[Tue Jan 13 21:08:24 CST 2026] [监控中] 当前最高GPU占用: 81%
[Tue Jan 13 21:08:24 CST 2026] [监控中] 等待 30 秒...
[Tue Jan 13 21:08:54 CST 2026] [监控中] 当前最高GPU占用: 94%
[Tue Jan 13 21:08:54 CST 2026] [监控中] 等待 30 秒...
[Tue Jan 13 21:09:24 CST 2026] [监控中] 当前最高GPU占用: 66%
[Tue Jan 13 21:09:24 CST 2026] [监控中] 等待 30 秒...
[Tue Jan 13 21:09:54 CST 2026] [监控中] 当前最高GPU占用: 100%
[Tue Jan 13 21:09:54 CST 2026] [监控中] 等待 30 秒...
[Tue Jan 13 21:10:24 CST 2026] [监控中] 当前最高GPU占用: 78%
[Tue Jan 13 21:10:24 CST 2026] [监控中] 等待 30 秒...
[Tue Jan 13 21:10:54 CST 2026] [监控中] 当前最高GPU占用: 87%
[Tue Jan 13 21:10:54 CST 2026] [监控中] 等待 30 秒...
[Tue Jan 13 21:11:24 CST 2026] [监控中] 当前最高GPU占用: 96%
[Tue Jan 13 21:11:24 CST 2026] [监控中] 等待 30 秒...
[Tue Jan 13 21:11:55 CST 2026] [监控中] 当前最高GPU占用: 99%
[Tue Jan 13 21:11:55 CST 2026] [监控中] 等待 30 秒...
[Tue Jan 13 21:12:25 CST 2026] [监控中] 当前最高GPU占用: 64%
[Tue Jan 13 21:12:25 CST 2026] [监控中] 等待 30 秒...
[Tue Jan 13 21:12:55 CST 2026] [监控中] 当前最高GPU占用: 63%
[Tue Jan 13 21:12:55 CST 2026] [监控中] 等待 30 秒...
[Tue Jan 13 21:13:25 CST 2026] [监控中] 当前最高GPU占用: 100%
[Tue Jan 13 21:13:25 CST 2026] [监控中] 等待 30 秒...
[Tue Jan 13 21:13:55 CST 2026] [监控中] 当前最高GPU占用: 94%
[Tue Jan 13 21:13:55 CST 2026] [监控中] 等待 30 秒...
[Tue Jan 13 21:14:25 CST 2026] [监控中] 当前最高GPU占用: 95%
[Tue Jan 13 21:14:25 CST 2026] [监控中] 等待 30 秒...
[Tue Jan 13 21:14:55 CST 2026] [监控中] 当前最高GPU占用: 64%
[Tue Jan 13 21:14:55 CST 2026] [监控中] 等待 30 秒...
[Tue Jan 13 21:15:25 CST 2026] [监控中] 当前最高GPU占用: 91%
[Tue Jan 13 21:15:25 CST 2026] [监控中] 等待 30 秒...
[Tue Jan 13 21:15:55 CST 2026] [监控中] 当前最高GPU占用: 93%
[Tue Jan 13 21:15:55 CST 2026] [监控中] 等待 30 秒...
[Tue Jan 13 21:16:25 CST 2026] [监控中] 当前最高GPU占用: 64%
[Tue Jan 13 21:16:25 CST 2026] [监控中] 等待 30 秒...
[Tue Jan 13 21:16:55 CST 2026] [监控中] 当前最高GPU占用: 72%
[Tue Jan 13 21:16:55 CST 2026] [监控中] 等待 30 秒...
[Tue Jan 13 21:17:25 CST 2026] [监控中] 当前最高GPU占用: 100%
[Tue Jan 13 21:17:25 CST 2026] [监控中] 等待 30 秒...
[Tue Jan 13 21:17:55 CST 2026] [监控中] 当前最高GPU占用: 67%
[Tue Jan 13 21:17:55 CST 2026] [监控中] 等待 30 秒...
[Tue Jan 13 21:18:25 CST 2026] [监控中] 当前最高GPU占用: 100%
[Tue Jan 13 21:18:25 CST 2026] [监控中] 等待 30 秒...
[Tue Jan 13 21:18:56 CST 2026] [监控中] 当前最高GPU占用: 100%
[Tue Jan 13 21:18:56 CST 2026] [监控中] 等待 30 秒...
[Tue Jan 13 21:19:26 CST 2026] [监控中] 当前最高GPU占用: 100%
[Tue Jan 13 21:19:26 CST 2026] [监控中] 等待 30 秒...
[Tue Jan 13 21:19:56 CST 2026] [监控中] 当前最高GPU占用: 100%
[Tue Jan 13 21:19:56 CST 2026] [监控中] 等待 30 秒...
[Tue Jan 13 21:20:26 CST 2026] [监控中] 当前最高GPU占用: 94%
[Tue Jan 13 21:20:26 CST 2026] [监控中] 等待 30 秒...
[Tue Jan 13 21:20:56 CST 2026] [监控中] 当前最高GPU占用: 100%
[Tue Jan 13 21:20:56 CST 2026] [监控中] 等待 30 秒...
[Tue Jan 13 21:21:26 CST 2026] [监控中] 当前最高GPU占用: 100%
[Tue Jan 13 21:21:26 CST 2026] [监控中] 等待 30 秒...
[Tue Jan 13 21:21:56 CST 2026] [监控中] 当前最高GPU占用: 65%
[Tue Jan 13 21:21:56 CST 2026] [监控中] 等待 30 秒...
[Tue Jan 13 21:22:26 CST 2026] [监控中] 当前最高GPU占用: 95%
[Tue Jan 13 21:22:26 CST 2026] [监控中] 等待 30 秒...
[Tue Jan 13 21:22:56 CST 2026] [监控中] 当前最高GPU占用: 100%
[Tue Jan 13 21:22:56 CST 2026] [监控中] 等待 30 秒...
[Tue Jan 13 21:23:26 CST 2026] [监控中] 当前最高GPU占用: 93%
[Tue Jan 13 21:23:26 CST 2026] [监控中] 等待 30 秒...
[Tue Jan 13 21:23:57 CST 2026] [监控中] 当前最高GPU占用: 61%
[Tue Jan 13 21:23:57 CST 2026] [监控中] 等待 30 秒...
[Tue Jan 13 21:24:27 CST 2026] [监控中] 当前最高GPU占用: 94%
[Tue Jan 13 21:24:27 CST 2026] [监控中] 等待 30 秒...
[Tue Jan 13 21:24:57 CST 2026] [监控中] 当前最高GPU占用: 74%
[Tue Jan 13 21:24:57 CST 2026] [监控中] 等待 30 秒...
[Tue Jan 13 21:25:27 CST 2026] [监控中] 当前最高GPU占用: 69%
[Tue Jan 13 21:25:27 CST 2026] [监控中] 等待 30 秒...
[Tue Jan 13 21:25:57 CST 2026] [监控中] 当前最高GPU占用: 68%
[Tue Jan 13 21:25:57 CST 2026] [监控中] 等待 30 秒...
[Tue Jan 13 21:26:27 CST 2026] [监控中] 当前最高GPU占用: 94%
[Tue Jan 13 21:26:27 CST 2026] [监控中] 等待 30 秒...
[Tue Jan 13 21:26:57 CST 2026] [监控中] 当前最高GPU占用: 95%
[Tue Jan 13 21:26:57 CST 2026] [监控中] 等待 30 秒...
[Tue Jan 13 21:27:27 CST 2026] [监控中] 当前最高GPU占用: 100%
[Tue Jan 13 21:27:27 CST 2026] [监控中] 等待 30 秒...
[Tue Jan 13 21:27:57 CST 2026] [监控中] 当前最高GPU占用: 100%
[Tue Jan 13 21:27:57 CST 2026] [监控中] 等待 30 秒...
[Tue Jan 13 21:28:28 CST 2026] [监控中] 当前最高GPU占用: 95%
[Tue Jan 13 21:28:28 CST 2026] [监控中] 等待 30 秒...
[Tue Jan 13 21:28:58 CST 2026] [监控中] 当前最高GPU占用: 68%
[Tue Jan 13 21:28:58 CST 2026] [监控中] 等待 30 秒...
[Tue Jan 13 21:29:28 CST 2026] [监控中] 当前最高GPU占用: 95%
[Tue Jan 13 21:29:28 CST 2026] [监控中] 等待 30 秒...
[Tue Jan 13 21:29:58 CST 2026] [监控中] 当前最高GPU占用: 100%
[Tue Jan 13 21:29:58 CST 2026] [监控中] 等待 30 秒...
[Tue Jan 13 21:30:28 CST 2026] [监控中] 当前最高GPU占用: 94%
[Tue Jan 13 21:30:28 CST 2026] [监控中] 等待 30 秒...
[Tue Jan 13 21:30:58 CST 2026] [监控中] 当前最高GPU占用: 100%
[Tue Jan 13 21:30:58 CST 2026] [监控中] 等待 30 秒...
[Tue Jan 13 21:31:28 CST 2026] [监控中] 当前最高GPU占用: 73%
[Tue Jan 13 21:31:28 CST 2026] [监控中] 等待 30 秒...
[Tue Jan 13 21:31:58 CST 2026] [监控中] 当前最高GPU占用: 94%
[Tue Jan 13 21:31:58 CST 2026] [监控中] 等待 30 秒...
[Tue Jan 13 21:32:28 CST 2026] [监控中] 当前最高GPU占用: 63%
[Tue Jan 13 21:32:28 CST 2026] [监控中] 等待 30 秒...
[Tue Jan 13 21:32:58 CST 2026] [监控中] 当前最高GPU占用: 89%
[Tue Jan 13 21:32:58 CST 2026] [监控中] 等待 30 秒...
[Tue Jan 13 21:33:29 CST 2026] [监控中] 当前最高GPU占用: 91%
[Tue Jan 13 21:33:29 CST 2026] [监控中] 等待 30 秒...
[Tue Jan 13 21:33:59 CST 2026] [监控中] 当前最高GPU占用: 94%
[Tue Jan 13 21:33:59 CST 2026] [监控中] 等待 30 秒...
[Tue Jan 13 21:34:29 CST 2026] [监控中] 当前最高GPU占用: 100%
[Tue Jan 13 21:34:29 CST 2026] [监控中] 等待 30 秒...
[Tue Jan 13 21:34:59 CST 2026] [监控中] 当前最高GPU占用: 68%
[Tue Jan 13 21:34:59 CST 2026] [监控中] 等待 30 秒...
[Tue Jan 13 21:35:29 CST 2026] [监控中] 当前最高GPU占用: 100%
[Tue Jan 13 21:35:29 CST 2026] [监控中] 等待 30 秒...
[Tue Jan 13 21:35:59 CST 2026] [监控中] 当前最高GPU占用: 99%
[Tue Jan 13 21:35:59 CST 2026] [监控中] 等待 30 秒...
[Tue Jan 13 21:36:29 CST 2026] [监控中] 当前最高GPU占用: 100%
[Tue Jan 13 21:36:29 CST 2026] [监控中] 等待 30 秒...
[Tue Jan 13 21:36:59 CST 2026] [监控中] 当前最高GPU占用: 98%
[Tue Jan 13 21:36:59 CST 2026] [监控中] 等待 30 秒...
[Tue Jan 13 21:37:29 CST 2026] [监控中] 当前最高GPU占用: 100%
[Tue Jan 13 21:37:29 CST 2026] [监控中] 等待 30 秒...
[Tue Jan 13 21:38:00 CST 2026] [监控中] 当前最高GPU占用: 95%
[Tue Jan 13 21:38:00 CST 2026] [监控中] 等待 30 秒...
[Tue Jan 13 21:38:30 CST 2026] [监控中] 当前最高GPU占用: 100%
[Tue Jan 13 21:38:30 CST 2026] [监控中] 等待 30 秒...
[Tue Jan 13 21:39:00 CST 2026] [监控中] 当前最高GPU占用: 100%
[Tue Jan 13 21:39:00 CST 2026] [监控中] 等待 30 秒...
[Tue Jan 13 21:39:30 CST 2026] [监控中] 当前最高GPU占用: 94%
[Tue Jan 13 21:39:30 CST 2026] [监控中] 等待 30 秒...
[Tue Jan 13 21:40:00 CST 2026] [监控中] 当前最高GPU占用: 72%
[Tue Jan 13 21:40:00 CST 2026] [监控中] 等待 30 秒...
[Tue Jan 13 21:40:30 CST 2026] [监控中] 当前最高GPU占用: 65%
[Tue Jan 13 21:40:30 CST 2026] [监控中] 等待 30 秒...
[Tue Jan 13 21:41:00 CST 2026] [监控中] 当前最高GPU占用: 64%
[Tue Jan 13 21:41:00 CST 2026] [监控中] 等待 30 秒...
[Tue Jan 13 21:41:30 CST 2026] [监控中] 当前最高GPU占用: 79%
[Tue Jan 13 21:41:30 CST 2026] [监控中] 等待 30 秒...
[Tue Jan 13 21:42:00 CST 2026] [监控中] 当前最高GPU占用: 100%
[Tue Jan 13 21:42:00 CST 2026] [监控中] 等待 30 秒...
[Tue Jan 13 21:42:30 CST 2026] [监控中] 当前最高GPU占用: 94%
[Tue Jan 13 21:42:30 CST 2026] [监控中] 等待 30 秒...
[Tue Jan 13 21:43:00 CST 2026] [监控中] 当前最高GPU占用: 95%
[Tue Jan 13 21:43:00 CST 2026] [监控中] 等待 30 秒...
[Tue Jan 13 21:43:30 CST 2026] [监控中] 当前最高GPU占用: 98%
[Tue Jan 13 21:43:30 CST 2026] [监控中] 等待 30 秒...
[Tue Jan 13 21:44:00 CST 2026] [监控中] 当前最高GPU占用: 67%
[Tue Jan 13 21:44:00 CST 2026] [监控中] 等待 30 秒...
[Tue Jan 13 21:44:30 CST 2026] [监控中] 当前最高GPU占用: 100%
[Tue Jan 13 21:44:30 CST 2026] [监控中] 等待 30 秒...
[Tue Jan 13 21:45:01 CST 2026] [监控中] 当前最高GPU占用: 100%
[Tue Jan 13 21:45:01 CST 2026] [监控中] 等待 30 秒...
[Tue Jan 13 21:45:31 CST 2026] [监控中] 当前最高GPU占用: 94%
[Tue Jan 13 21:45:31 CST 2026] [监控中] 等待 30 秒...
[Tue Jan 13 21:46:01 CST 2026] [监控中] 当前最高GPU占用: 100%
[Tue Jan 13 21:46:01 CST 2026] [监控中] 等待 30 秒...
[Tue Jan 13 21:46:31 CST 2026] [监控中] 当前最高GPU占用: 89%
[Tue Jan 13 21:46:31 CST 2026] [监控中] 等待 30 秒...
[Tue Jan 13 21:47:01 CST 2026] [监控中] 当前最高GPU占用: 77%
[Tue Jan 13 21:47:01 CST 2026] [监控中] 等待 30 秒...
[Tue Jan 13 21:47:31 CST 2026] [监控中] 当前最高GPU占用: 100%
[Tue Jan 13 21:47:31 CST 2026] [监控中] 等待 30 秒...
[Tue Jan 13 21:48:01 CST 2026] [监控中] 当前最高GPU占用: 96%
[Tue Jan 13 21:48:01 CST 2026] [监控中] 等待 30 秒...
[Tue Jan 13 21:48:31 CST 2026] [监控中] 当前最高GPU占用: 98%
[Tue Jan 13 21:48:31 CST 2026] [监控中] 等待 30 秒...
[Tue Jan 13 21:49:01 CST 2026] [监控中] 当前最高GPU占用: 100%
[Tue Jan 13 21:49:01 CST 2026] [监控中] 等待 30 秒...
[Tue Jan 13 21:49:31 CST 2026] [监控中] 当前最高GPU占用: 94%
[Tue Jan 13 21:49:31 CST 2026] [监控中] 等待 30 秒...
[Tue Jan 13 21:50:01 CST 2026] [监控中] 当前最高GPU占用: 100%
[Tue Jan 13 21:50:01 CST 2026] [监控中] 等待 30 秒...
[Tue Jan 13 21:50:32 CST 2026] [监控中] 当前最高GPU占用: 100%
[Tue Jan 13 21:50:32 CST 2026] [监控中] 等待 30 秒...
[Tue Jan 13 21:51:02 CST 2026] [监控中] 当前最高GPU占用: 72%
[Tue Jan 13 21:51:02 CST 2026] [监控中] 等待 30 秒...
[Tue Jan 13 21:51:32 CST 2026] [监控中] 当前最高GPU占用: 94%
[Tue Jan 13 21:51:32 CST 2026] [监控中] 等待 30 秒...
[Tue Jan 13 21:52:02 CST 2026] [监控中] 当前最高GPU占用: 80%
[Tue Jan 13 21:52:02 CST 2026] [监控中] 等待 30 秒...
[Tue Jan 13 21:52:32 CST 2026] [监控中] 当前最高GPU占用: 65%
[Tue Jan 13 21:52:32 CST 2026] [监控中] 等待 30 秒...
[Tue Jan 13 21:53:02 CST 2026] [监控中] 当前最高GPU占用: 100%
[Tue Jan 13 21:53:02 CST 2026] [监控中] 等待 30 秒...
[Tue Jan 13 21:53:32 CST 2026] [监控中] 当前最高GPU占用: 83%
[Tue Jan 13 21:53:32 CST 2026] [监控中] 等待 30 秒...
[Tue Jan 13 21:54:02 CST 2026] [监控中] 当前最高GPU占用: 74%
[Tue Jan 13 21:54:02 CST 2026] [监控中] 等待 30 秒...
[Tue Jan 13 21:54:32 CST 2026] [监控中] 当前最高GPU占用: 74%
[Tue Jan 13 21:54:32 CST 2026] [监控中] 等待 30 秒...
[Tue Jan 13 21:55:03 CST 2026] [监控中] 当前最高GPU占用: 94%
[Tue Jan 13 21:55:03 CST 2026] [监控中] 等待 30 秒...
[Tue Jan 13 21:55:33 CST 2026] [监控中] 当前最高GPU占用: 100%
[Tue Jan 13 21:55:33 CST 2026] [监控中] 等待 30 秒...
[Tue Jan 13 21:56:03 CST 2026] [监控中] 当前最高GPU占用: 95%
[Tue Jan 13 21:56:03 CST 2026] [监控中] 等待 30 秒...
[Tue Jan 13 21:56:33 CST 2026] [监控中] 当前最高GPU占用: 94%
[Tue Jan 13 21:56:33 CST 2026] [监控中] 等待 30 秒...
[Tue Jan 13 21:57:03 CST 2026] [监控中] 当前最高GPU占用: 100%
[Tue Jan 13 21:57:03 CST 2026] [监控中] 等待 30 秒...
[Tue Jan 13 21:57:33 CST 2026] [监控中] 当前最高GPU占用: 93%
[Tue Jan 13 21:57:33 CST 2026] [监控中] 等待 30 秒...
[Tue Jan 13 21:58:03 CST 2026] [监控中] 当前最高GPU占用: 73%
[Tue Jan 13 21:58:03 CST 2026] [监控中] 等待 30 秒...
[Tue Jan 13 21:58:33 CST 2026] [监控中] 当前最高GPU占用: 65%
[Tue Jan 13 21:58:33 CST 2026] [监控中] 等待 30 秒...
[Tue Jan 13 21:59:03 CST 2026] [监控中] 当前最高GPU占用: 94%
[Tue Jan 13 21:59:03 CST 2026] [监控中] 等待 30 秒...
[Tue Jan 13 21:59:33 CST 2026] [监控中] 当前最高GPU占用: 100%
[Tue Jan 13 21:59:33 CST 2026] [监控中] 等待 30 秒...
[Tue Jan 13 22:00:04 CST 2026] [监控中] 当前最高GPU占用: 63%
[Tue Jan 13 22:00:04 CST 2026] [监控中] 等待 30 秒...
[Tue Jan 13 22:00:34 CST 2026] [监控中] 当前最高GPU占用: 81%
[Tue Jan 13 22:00:34 CST 2026] [监控中] 等待 30 秒...
[Tue Jan 13 22:01:04 CST 2026] [监控中] 当前最高GPU占用: 93%
[Tue Jan 13 22:01:04 CST 2026] [监控中] 等待 30 秒...
[Tue Jan 13 22:01:34 CST 2026] [监控中] 当前最高GPU占用: 66%
[Tue Jan 13 22:01:34 CST 2026] [监控中] 等待 30 秒...
[Tue Jan 13 22:02:04 CST 2026] [监控中] 当前最高GPU占用: 95%
[Tue Jan 13 22:02:04 CST 2026] [监控中] 等待 30 秒...
[Tue Jan 13 22:02:34 CST 2026] [监控中] 当前最高GPU占用: 96%
[Tue Jan 13 22:02:34 CST 2026] [监控中] 等待 30 秒...
[Tue Jan 13 22:03:04 CST 2026] [监控中] 当前最高GPU占用: 100%
[Tue Jan 13 22:03:04 CST 2026] [监控中] 等待 30 秒...
[Tue Jan 13 22:03:34 CST 2026] [监控中] 当前最高GPU占用: 100%
[Tue Jan 13 22:03:34 CST 2026] [监控中] 等待 30 秒...
[Tue Jan 13 22:04:04 CST 2026] [监控中] 当前最高GPU占用: 100%
[Tue Jan 13 22:04:04 CST 2026] [监控中] 等待 30 秒...
[Tue Jan 13 22:04:34 CST 2026] [监控中] 当前最高GPU占用: 71%
[Tue Jan 13 22:04:34 CST 2026] [监控中] 等待 30 秒...
[Tue Jan 13 22:05:05 CST 2026] [监控中] 当前最高GPU占用: 69%
[Tue Jan 13 22:05:05 CST 2026] [监控中] 等待 30 秒...
[Tue Jan 13 22:05:35 CST 2026] [监控中] 当前最高GPU占用: 95%
[Tue Jan 13 22:05:35 CST 2026] [监控中] 等待 30 秒...
[Tue Jan 13 22:06:05 CST 2026] [监控中] 当前最高GPU占用: 78%
[Tue Jan 13 22:06:05 CST 2026] [监控中] 等待 30 秒...
[Tue Jan 13 22:06:35 CST 2026] [监控中] 当前最高GPU占用: 100%
[Tue Jan 13 22:06:35 CST 2026] [监控中] 等待 30 秒...
[Tue Jan 13 22:07:05 CST 2026] [监控中] 当前最高GPU占用: 95%
[Tue Jan 13 22:07:05 CST 2026] [监控中] 等待 30 秒...
[Tue Jan 13 22:07:35 CST 2026] [监控中] 当前最高GPU占用: 100%
[Tue Jan 13 22:07:35 CST 2026] [监控中] 等待 30 秒...
[Tue Jan 13 22:08:05 CST 2026] [监控中] 当前最高GPU占用: 100%
[Tue Jan 13 22:08:05 CST 2026] [监控中] 等待 30 秒...
[Tue Jan 13 22:08:35 CST 2026] [监控中] 当前最高GPU占用: 95%
[Tue Jan 13 22:08:35 CST 2026] [监控中] 等待 30 秒...
[Tue Jan 13 22:09:05 CST 2026] [监控中] 当前最高GPU占用: 84%
[Tue Jan 13 22:09:05 CST 2026] [监控中] 等待 30 秒...
[Tue Jan 13 22:09:35 CST 2026] [监控中] 当前最高GPU占用: 100%
[Tue Jan 13 22:09:35 CST 2026] [监控中] 等待 30 秒...
[Tue Jan 13 22:10:05 CST 2026] [监控中] 当前最高GPU占用: 100%
[Tue Jan 13 22:10:05 CST 2026] [监控中] 等待 30 秒...
[Tue Jan 13 22:10:35 CST 2026] [监控中] 当前最高GPU占用: 95%
[Tue Jan 13 22:10:35 CST 2026] [监控中] 等待 30 秒...
[Tue Jan 13 22:11:06 CST 2026] [监控中] 当前最高GPU占用: 100%
[Tue Jan 13 22:11:06 CST 2026] [监控中] 等待 30 秒...
[Tue Jan 13 22:11:36 CST 2026] [监控中] 当前最高GPU占用: 94%
[Tue Jan 13 22:11:36 CST 2026] [监控中] 等待 30 秒...
[Tue Jan 13 22:12:06 CST 2026] [监控中] 当前最高GPU占用: 66%
[Tue Jan 13 22:12:06 CST 2026] [监控中] 等待 30 秒...
[Tue Jan 13 22:12:36 CST 2026] [监控中] 当前最高GPU占用: 100%
[Tue Jan 13 22:12:36 CST 2026] [监控中] 等待 30 秒...
[Tue Jan 13 22:13:06 CST 2026] [监控中] 当前最高GPU占用: 79%
[Tue Jan 13 22:13:06 CST 2026] [监控中] 等待 30 秒...
[Tue Jan 13 22:13:36 CST 2026] [监控中] 当前最高GPU占用: 95%
[Tue Jan 13 22:13:36 CST 2026] [监控中] 等待 30 秒...
[Tue Jan 13 22:14:06 CST 2026] [监控中] 当前最高GPU占用: 95%
[Tue Jan 13 22:14:06 CST 2026] [监控中] 等待 30 秒...
[Tue Jan 13 22:14:36 CST 2026] [监控中] 当前最高GPU占用: 97%
[Tue Jan 13 22:14:36 CST 2026] [监控中] 等待 30 秒...
[Tue Jan 13 22:15:06 CST 2026] [监控中] 当前最高GPU占用: 100%
[Tue Jan 13 22:15:06 CST 2026] [监控中] 等待 30 秒...
[Tue Jan 13 22:15:37 CST 2026] [监控中] 当前最高GPU占用: 94%
[Tue Jan 13 22:15:37 CST 2026] [监控中] 等待 30 秒...
[Tue Jan 13 22:16:07 CST 2026] [监控中] 当前最高GPU占用: 79%
[Tue Jan 13 22:16:07 CST 2026] [监控中] 等待 30 秒...
[Tue Jan 13 22:16:37 CST 2026] [监控中] 当前最高GPU占用: 95%
[Tue Jan 13 22:16:37 CST 2026] [监控中] 等待 30 秒...
[Tue Jan 13 22:17:07 CST 2026] [监控中] 当前最高GPU占用: 100%
[Tue Jan 13 22:17:07 CST 2026] [监控中] 等待 30 秒...
[Tue Jan 13 22:17:37 CST 2026] [监控中] 当前最高GPU占用: 89%
[Tue Jan 13 22:17:37 CST 2026] [监控中] 等待 30 秒...
[Tue Jan 13 22:18:07 CST 2026] [监控中] 当前最高GPU占用: 61%
[Tue Jan 13 22:18:07 CST 2026] [监控中] 等待 30 秒...
[Tue Jan 13 22:18:37 CST 2026] [监控中] 当前最高GPU占用: 57%
[Tue Jan 13 22:18:37 CST 2026] [监控中] 等待 30 秒...
[Tue Jan 13 22:19:07 CST 2026] [监控中] 当前最高GPU占用: 94%
[Tue Jan 13 22:19:07 CST 2026] [监控中] 等待 30 秒...
[Tue Jan 13 22:19:37 CST 2026] [监控中] 当前最高GPU占用: 65%
[Tue Jan 13 22:19:37 CST 2026] [监控中] 等待 30 秒...
[Tue Jan 13 22:20:08 CST 2026] [监控中] 当前最高GPU占用: 84%
[Tue Jan 13 22:20:08 CST 2026] [监控中] 等待 30 秒...
[Tue Jan 13 22:20:38 CST 2026] [监控中] 当前最高GPU占用: 94%
[Tue Jan 13 22:20:38 CST 2026] [监控中] 等待 30 秒...
[Tue Jan 13 22:21:08 CST 2026] [监控中] 当前最高GPU占用: 100%
[Tue Jan 13 22:21:08 CST 2026] [监控中] 等待 30 秒...
[Tue Jan 13 22:21:38 CST 2026] [监控中] 当前最高GPU占用: 93%
[Tue Jan 13 22:21:38 CST 2026] [监控中] 等待 30 秒...
[Tue Jan 13 22:22:08 CST 2026] [监控中] 当前最高GPU占用: 79%
[Tue Jan 13 22:22:08 CST 2026] [监控中] 等待 30 秒...
[Tue Jan 13 22:22:38 CST 2026] [监控中] 当前最高GPU占用: 68%
[Tue Jan 13 22:22:38 CST 2026] [监控中] 等待 30 秒...
[Tue Jan 13 22:23:08 CST 2026] [监控中] 当前最高GPU占用: 100%
[Tue Jan 13 22:23:08 CST 2026] [监控中] 等待 30 秒...
[Tue Jan 13 22:23:38 CST 2026] [监控中] 当前最高GPU占用: 84%
[Tue Jan 13 22:23:38 CST 2026] [监控中] 等待 30 秒...
[Tue Jan 13 22:24:08 CST 2026] [监控中] 当前最高GPU占用: 93%
[Tue Jan 13 22:24:08 CST 2026] [监控中] 等待 30 秒...
[Tue Jan 13 22:24:38 CST 2026] [监控中] 当前最高GPU占用: 100%
[Tue Jan 13 22:24:38 CST 2026] [监控中] 等待 30 秒...
[Tue Jan 13 22:25:09 CST 2026] [监控中] 当前最高GPU占用: 95%
[Tue Jan 13 22:25:09 CST 2026] [监控中] 等待 30 秒...
[Tue Jan 13 22:25:39 CST 2026] [监控中] 当前最高GPU占用: 100%
[Tue Jan 13 22:25:39 CST 2026] [监控中] 等待 30 秒...
[Tue Jan 13 22:26:09 CST 2026] [监控中] 当前最高GPU占用: 94%
[Tue Jan 13 22:26:09 CST 2026] [监控中] 等待 30 秒...
[Tue Jan 13 22:26:39 CST 2026] [监控中] 当前最高GPU占用: 100%
[Tue Jan 13 22:26:39 CST 2026] [监控中] 等待 30 秒...
[Tue Jan 13 22:27:09 CST 2026] [监控中] 当前最高GPU占用: 73%
[Tue Jan 13 22:27:09 CST 2026] [监控中] 等待 30 秒...
[Tue Jan 13 22:27:39 CST 2026] [监控中] 当前最高GPU占用: 95%
[Tue Jan 13 22:27:39 CST 2026] [监控中] 等待 30 秒...
[Tue Jan 13 22:28:09 CST 2026] [监控中] 当前最高GPU占用: 100%
[Tue Jan 13 22:28:09 CST 2026] [监控中] 等待 30 秒...
[Tue Jan 13 22:28:39 CST 2026] [监控中] 当前最高GPU占用: 72%
[Tue Jan 13 22:28:39 CST 2026] [监控中] 等待 30 秒...
[Tue Jan 13 22:29:09 CST 2026] [监控中] 当前最高GPU占用: 92%
[Tue Jan 13 22:29:09 CST 2026] [监控中] 等待 30 秒...
[Tue Jan 13 22:29:39 CST 2026] [监控中] 当前最高GPU占用: 100%
[Tue Jan 13 22:29:39 CST 2026] [监控中] 等待 30 秒...
[Tue Jan 13 22:30:10 CST 2026] [监控中] 当前最高GPU占用: 63%
[Tue Jan 13 22:30:10 CST 2026] [监控中] 等待 30 秒...
[Tue Jan 13 22:30:40 CST 2026] [监控中] 当前最高GPU占用: 92%
[Tue Jan 13 22:30:40 CST 2026] [监控中] 等待 30 秒...
[Tue Jan 13 22:31:10 CST 2026] [监控中] 当前最高GPU占用: 94%
[Tue Jan 13 22:31:10 CST 2026] [监控中] 等待 30 秒...
[Tue Jan 13 22:31:40 CST 2026] [监控中] 当前最高GPU占用: 95%
[Tue Jan 13 22:31:40 CST 2026] [监控中] 等待 30 秒...
[Tue Jan 13 22:32:10 CST 2026] [监控中] 当前最高GPU占用: 100%
[Tue Jan 13 22:32:10 CST 2026] [监控中] 等待 30 秒...
[Tue Jan 13 22:32:40 CST 2026] [监控中] 当前最高GPU占用: 66%
[Tue Jan 13 22:32:40 CST 2026] [监控中] 等待 30 秒...
[Tue Jan 13 22:33:10 CST 2026] [监控中] 当前最高GPU占用: 69%
[Tue Jan 13 22:33:10 CST 2026] [监控中] 等待 30 秒...
[Tue Jan 13 22:33:40 CST 2026] [监控中] 当前最高GPU占用: 94%
[Tue Jan 13 22:33:40 CST 2026] [监控中] 等待 30 秒...
[Tue Jan 13 22:34:10 CST 2026] [监控中] 当前最高GPU占用: 95%
[Tue Jan 13 22:34:10 CST 2026] [监控中] 等待 30 秒...
[Tue Jan 13 22:34:40 CST 2026] [监控中] 当前最高GPU占用: 64%
[Tue Jan 13 22:34:40 CST 2026] [监控中] 等待 30 秒...
[Tue Jan 13 22:35:10 CST 2026] [监控中] 当前最高GPU占用: 94%
[Tue Jan 13 22:35:10 CST 2026] [监控中] 等待 30 秒...
[Tue Jan 13 22:35:41 CST 2026] [监控中] 当前最高GPU占用: 72%
[Tue Jan 13 22:35:41 CST 2026] [监控中] 等待 30 秒...
[Tue Jan 13 22:36:11 CST 2026] [监控中] 当前最高GPU占用: 100%
[Tue Jan 13 22:36:11 CST 2026] [监控中] 等待 30 秒...
[Tue Jan 13 22:36:41 CST 2026] [监控中] 当前最高GPU占用: 100%
[Tue Jan 13 22:36:41 CST 2026] [监控中] 等待 30 秒...
[Tue Jan 13 22:37:11 CST 2026] [监控中] 当前最高GPU占用: 100%
[Tue Jan 13 22:37:11 CST 2026] [监控中] 等待 30 秒...
[Tue Jan 13 22:37:41 CST 2026] [监控中] 当前最高GPU占用: 95%
[Tue Jan 13 22:37:41 CST 2026] [监控中] 等待 30 秒...
[Tue Jan 13 22:38:11 CST 2026] [监控中] 当前最高GPU占用: 70%
[Tue Jan 13 22:38:11 CST 2026] [监控中] 等待 30 秒...
[Tue Jan 13 22:38:41 CST 2026] [监控中] 当前最高GPU占用: 95%
[Tue Jan 13 22:38:41 CST 2026] [监控中] 等待 30 秒...
[Tue Jan 13 22:39:11 CST 2026] [监控中] 当前最高GPU占用: 100%
[Tue Jan 13 22:39:11 CST 2026] [监控中] 等待 30 秒...
[Tue Jan 13 22:39:41 CST 2026] [监控中] 当前最高GPU占用: 74%
[Tue Jan 13 22:39:41 CST 2026] [监控中] 等待 30 秒...
[Tue Jan 13 22:40:11 CST 2026] [监控中] 当前最高GPU占用: 93%
[Tue Jan 13 22:40:11 CST 2026] [监控中] 等待 30 秒...
[Tue Jan 13 22:40:41 CST 2026] [监控中] 当前最高GPU占用: 94%
[Tue Jan 13 22:40:41 CST 2026] [监控中] 等待 30 秒...
[Tue Jan 13 22:41:12 CST 2026] [监控中] 当前最高GPU占用: 94%
[Tue Jan 13 22:41:12 CST 2026] [监控中] 等待 30 秒...
[Tue Jan 13 22:41:42 CST 2026] [监控中] 当前最高GPU占用: 100%
[Tue Jan 13 22:41:42 CST 2026] [监控中] 等待 30 秒...
[Tue Jan 13 22:42:12 CST 2026] [监控中] 当前最高GPU占用: 67%
[Tue Jan 13 22:42:12 CST 2026] [监控中] 等待 30 秒...
[Tue Jan 13 22:42:42 CST 2026] [监控中] 当前最高GPU占用: 95%
[Tue Jan 13 22:42:42 CST 2026] [监控中] 等待 30 秒...
[Tue Jan 13 22:43:12 CST 2026] [监控中] 当前最高GPU占用: 100%
[Tue Jan 13 22:43:12 CST 2026] [监控中] 等待 30 秒...
[Tue Jan 13 22:43:42 CST 2026] [监控中] 当前最高GPU占用: 95%
[Tue Jan 13 22:43:42 CST 2026] [监控中] 等待 30 秒...
[Tue Jan 13 22:44:12 CST 2026] [监控中] 当前最高GPU占用: 90%
[Tue Jan 13 22:44:12 CST 2026] [监控中] 等待 30 秒...
[Tue Jan 13 22:44:42 CST 2026] [监控中] 当前最高GPU占用: 67%
[Tue Jan 13 22:44:42 CST 2026] [监控中] 等待 30 秒...
[Tue Jan 13 22:45:12 CST 2026] [监控中] 当前最高GPU占用: 76%
[Tue Jan 13 22:45:12 CST 2026] [监控中] 等待 30 秒...
[Tue Jan 13 22:45:43 CST 2026] [监控中] 当前最高GPU占用: 72%
[Tue Jan 13 22:45:43 CST 2026] [监控中] 等待 30 秒...
[Tue Jan 13 22:46:13 CST 2026] [监控中] 当前最高GPU占用: 95%
[Tue Jan 13 22:46:13 CST 2026] [监控中] 等待 30 秒...
[Tue Jan 13 22:46:43 CST 2026] [监控中] 当前最高GPU占用: 94%
[Tue Jan 13 22:46:43 CST 2026] [监控中] 等待 30 秒...
[Tue Jan 13 22:47:13 CST 2026] [监控中] 当前最高GPU占用: 84%
[Tue Jan 13 22:47:13 CST 2026] [监控中] 等待 30 秒...
[Tue Jan 13 22:47:43 CST 2026] [监控中] 当前最高GPU占用: 100%
[Tue Jan 13 22:47:43 CST 2026] [监控中] 等待 30 秒...
[Tue Jan 13 22:48:13 CST 2026] [监控中] 当前最高GPU占用: 95%
[Tue Jan 13 22:48:13 CST 2026] [监控中] 等待 30 秒...
[Tue Jan 13 22:48:43 CST 2026] [监控中] 当前最高GPU占用: 95%
[Tue Jan 13 22:48:43 CST 2026] [监控中] 等待 30 秒...
[Tue Jan 13 22:49:13 CST 2026] [监控中] 当前最高GPU占用: 94%
[Tue Jan 13 22:49:13 CST 2026] [监控中] 等待 30 秒...
[Tue Jan 13 22:49:43 CST 2026] [监控中] 当前最高GPU占用: 100%
[Tue Jan 13 22:49:43 CST 2026] [监控中] 等待 30 秒...
[Tue Jan 13 22:50:13 CST 2026] [监控中] 当前最高GPU占用: 68%
[Tue Jan 13 22:50:13 CST 2026] [监控中] 等待 30 秒...
[Tue Jan 13 22:50:44 CST 2026] [监控中] 当前最高GPU占用: 60%
[Tue Jan 13 22:50:44 CST 2026] [监控中] 等待 30 秒...
[Tue Jan 13 22:51:14 CST 2026] [监控中] 当前最高GPU占用: 100%
[Tue Jan 13 22:51:14 CST 2026] [监控中] 等待 30 秒...
[Tue Jan 13 22:51:44 CST 2026] [监控中] 当前最高GPU占用: 75%
[Tue Jan 13 22:51:44 CST 2026] [监控中] 等待 30 秒...
[Tue Jan 13 22:52:14 CST 2026] [监控中] 当前最高GPU占用: 74%
[Tue Jan 13 22:52:14 CST 2026] [监控中] 等待 30 秒...
[Tue Jan 13 22:52:44 CST 2026] [监控中] 当前最高GPU占用: 100%
[Tue Jan 13 22:52:44 CST 2026] [监控中] 等待 30 秒...
[Tue Jan 13 22:53:14 CST 2026] [监控中] 当前最高GPU占用: 100%
[Tue Jan 13 22:53:14 CST 2026] [监控中] 等待 30 秒...
[Tue Jan 13 22:53:44 CST 2026] [监控中] 当前最高GPU占用: 94%
[Tue Jan 13 22:53:44 CST 2026] [监控中] 等待 30 秒...
[Tue Jan 13 22:54:14 CST 2026] [监控中] 当前最高GPU占用: 94%
[Tue Jan 13 22:54:14 CST 2026] [监控中] 等待 30 秒...
[Tue Jan 13 22:54:44 CST 2026] [监控中] 当前最高GPU占用: 94%
[Tue Jan 13 22:54:44 CST 2026] [监控中] 等待 30 秒...
[Tue Jan 13 22:55:15 CST 2026] [监控中] 当前最高GPU占用: 66%
[Tue Jan 13 22:55:15 CST 2026] [监控中] 等待 30 秒...
[Tue Jan 13 22:55:45 CST 2026] [监控中] 当前最高GPU占用: 63%
[Tue Jan 13 22:55:45 CST 2026] [监控中] 等待 30 秒...
[Tue Jan 13 22:56:15 CST 2026] [监控中] 当前最高GPU占用: 76%
[Tue Jan 13 22:56:15 CST 2026] [监控中] 等待 30 秒...
[Tue Jan 13 22:56:45 CST 2026] [监控中] 当前最高GPU占用: 97%
[Tue Jan 13 22:56:45 CST 2026] [监控中] 等待 30 秒...
[Tue Jan 13 22:57:15 CST 2026] [监控中] 当前最高GPU占用: 94%
[Tue Jan 13 22:57:15 CST 2026] [监控中] 等待 30 秒...
[Tue Jan 13 22:57:45 CST 2026] [监控中] 当前最高GPU占用: 84%
[Tue Jan 13 22:57:45 CST 2026] [监控中] 等待 30 秒...
[Tue Jan 13 22:58:15 CST 2026] [监控中] 当前最高GPU占用: 100%
[Tue Jan 13 22:58:15 CST 2026] [监控中] 等待 30 秒...
[Tue Jan 13 22:58:45 CST 2026] [监控中] 当前最高GPU占用: 94%
[Tue Jan 13 22:58:45 CST 2026] [监控中] 等待 30 秒...
[Tue Jan 13 22:59:15 CST 2026] [监控中] 当前最高GPU占用: 95%
[Tue Jan 13 22:59:15 CST 2026] [监控中] 等待 30 秒...
[Tue Jan 13 22:59:45 CST 2026] [监控中] 当前最高GPU占用: 73%
[Tue Jan 13 22:59:45 CST 2026] [监控中] 等待 30 秒...
[Tue Jan 13 23:00:15 CST 2026] [监控中] 当前最高GPU占用: 95%
[Tue Jan 13 23:00:15 CST 2026] [监控中] 等待 30 秒...
[Tue Jan 13 23:00:45 CST 2026] [监控中] 当前最高GPU占用: 94%
[Tue Jan 13 23:00:45 CST 2026] [监控中] 等待 30 秒...
[Tue Jan 13 23:01:15 CST 2026] [监控中] 当前最高GPU占用: 100%
[Tue Jan 13 23:01:15 CST 2026] [监控中] 等待 30 秒...
[Tue Jan 13 23:01:45 CST 2026] [监控中] 当前最高GPU占用: 100%
[Tue Jan 13 23:01:45 CST 2026] [监控中] 等待 30 秒...
[Tue Jan 13 23:02:15 CST 2026] [监控中] 当前最高GPU占用: 100%
[Tue Jan 13 23:02:15 CST 2026] [监控中] 等待 30 秒...
[Tue Jan 13 23:02:46 CST 2026] [监控中] 当前最高GPU占用: 100%
[Tue Jan 13 23:02:46 CST 2026] [监控中] 等待 30 秒...
[Tue Jan 13 23:03:16 CST 2026] [监控中] 当前最高GPU占用: 76%
[Tue Jan 13 23:03:16 CST 2026] [监控中] 等待 30 秒...
[Tue Jan 13 23:03:46 CST 2026] [监控中] 当前最高GPU占用: 100%
[Tue Jan 13 23:03:46 CST 2026] [监控中] 等待 30 秒...
[Tue Jan 13 23:04:16 CST 2026] [监控中] 当前最高GPU占用: 66%
[Tue Jan 13 23:04:16 CST 2026] [监控中] 等待 30 秒...
[Tue Jan 13 23:04:46 CST 2026] [监控中] 当前最高GPU占用: 76%
[Tue Jan 13 23:04:46 CST 2026] [监控中] 等待 30 秒...
[Tue Jan 13 23:05:16 CST 2026] [监控中] 当前最高GPU占用: 93%
[Tue Jan 13 23:05:16 CST 2026] [监控中] 等待 30 秒...
[Tue Jan 13 23:05:46 CST 2026] [监控中] 当前最高GPU占用: 94%
[Tue Jan 13 23:05:46 CST 2026] [监控中] 等待 30 秒...
[Tue Jan 13 23:06:16 CST 2026] [监控中] 当前最高GPU占用: 70%
[Tue Jan 13 23:06:16 CST 2026] [监控中] 等待 30 秒...
[Tue Jan 13 23:06:46 CST 2026] [监控中] 当前最高GPU占用: 69%
[Tue Jan 13 23:06:46 CST 2026] [监控中] 等待 30 秒...
[Tue Jan 13 23:07:16 CST 2026] [监控中] 当前最高GPU占用: 71%
[Tue Jan 13 23:07:16 CST 2026] [监控中] 等待 30 秒...
[Tue Jan 13 23:07:47 CST 2026] [监控中] 当前最高GPU占用: 94%
[Tue Jan 13 23:07:47 CST 2026] [监控中] 等待 30 秒...
[Tue Jan 13 23:08:17 CST 2026] [监控中] 当前最高GPU占用: 78%
[Tue Jan 13 23:08:17 CST 2026] [监控中] 等待 30 秒...
[Tue Jan 13 23:08:47 CST 2026] [监控中] 当前最高GPU占用: 100%
[Tue Jan 13 23:08:47 CST 2026] [监控中] 等待 30 秒...
[Tue Jan 13 23:09:17 CST 2026] [监控中] 当前最高GPU占用: 83%
[Tue Jan 13 23:09:17 CST 2026] [监控中] 等待 30 秒...
[Tue Jan 13 23:09:47 CST 2026] [监控中] 当前最高GPU占用: 100%
[Tue Jan 13 23:09:47 CST 2026] [监控中] 等待 30 秒...
[Tue Jan 13 23:10:17 CST 2026] [监控中] 当前最高GPU占用: 60%
[Tue Jan 13 23:10:17 CST 2026] [监控中] 等待 30 秒...
[Tue Jan 13 23:10:47 CST 2026] [监控中] 当前最高GPU占用: 69%
[Tue Jan 13 23:10:47 CST 2026] [监控中] 等待 30 秒...
[Tue Jan 13 23:11:17 CST 2026] [监控中] 当前最高GPU占用: 65%
[Tue Jan 13 23:11:17 CST 2026] [监控中] 等待 30 秒...
[Tue Jan 13 23:11:47 CST 2026] [监控中] 当前最高GPU占用: 65%
[Tue Jan 13 23:11:47 CST 2026] [监控中] 等待 30 秒...
[Tue Jan 13 23:12:17 CST 2026] [监控中] 当前最高GPU占用: 100%
[Tue Jan 13 23:12:17 CST 2026] [监控中] 等待 30 秒...
[Tue Jan 13 23:12:48 CST 2026] [监控中] 当前最高GPU占用: 89%
[Tue Jan 13 23:12:48 CST 2026] [监控中] 等待 30 秒...
[Tue Jan 13 23:13:18 CST 2026] [监控中] 当前最高GPU占用: 61%
[Tue Jan 13 23:13:18 CST 2026] [监控中] 等待 30 秒...
[Tue Jan 13 23:13:48 CST 2026] [监控中] 当前最高GPU占用: 92%
[Tue Jan 13 23:13:48 CST 2026] [监控中] 等待 30 秒...
[Tue Jan 13 23:14:18 CST 2026] [监控中] 当前最高GPU占用: 97%
[Tue Jan 13 23:14:18 CST 2026] [监控中] 等待 30 秒...
[Tue Jan 13 23:14:48 CST 2026] [监控中] 当前最高GPU占用: 94%
[Tue Jan 13 23:14:48 CST 2026] [监控中] 等待 30 秒...
[Tue Jan 13 23:15:18 CST 2026] [监控中] 当前最高GPU占用: 67%
[Tue Jan 13 23:15:18 CST 2026] [监控中] 等待 30 秒...
[Tue Jan 13 23:15:48 CST 2026] [监控中] 当前最高GPU占用: 100%
[Tue Jan 13 23:15:48 CST 2026] [监控中] 等待 30 秒...
[Tue Jan 13 23:16:18 CST 2026] [监控中] 当前最高GPU占用: 78%
[Tue Jan 13 23:16:18 CST 2026] [监控中] 等待 30 秒...
[Tue Jan 13 23:16:48 CST 2026] [监控中] 当前最高GPU占用: 82%
[Tue Jan 13 23:16:48 CST 2026] [监控中] 等待 30 秒...
[Tue Jan 13 23:17:19 CST 2026] [监控中] 当前最高GPU占用: 100%
[Tue Jan 13 23:17:19 CST 2026] [监控中] 等待 30 秒...
[Tue Jan 13 23:17:49 CST 2026] [监控中] 当前最高GPU占用: 88%
[Tue Jan 13 23:17:49 CST 2026] [监控中] 等待 30 秒...
[Tue Jan 13 23:18:19 CST 2026] [监控中] 当前最高GPU占用: 95%
[Tue Jan 13 23:18:19 CST 2026] [监控中] 等待 30 秒...
[Tue Jan 13 23:18:49 CST 2026] [监控中] 当前最高GPU占用: 100%
[Tue Jan 13 23:18:49 CST 2026] [监控中] 等待 30 秒...
[Tue Jan 13 23:19:19 CST 2026] [监控中] 当前最高GPU占用: 95%
[Tue Jan 13 23:19:19 CST 2026] [监控中] 等待 30 秒...
[Tue Jan 13 23:19:49 CST 2026] [监控中] 当前最高GPU占用: 95%
[Tue Jan 13 23:19:49 CST 2026] [监控中] 等待 30 秒...
[Tue Jan 13 23:20:19 CST 2026] [监控中] 当前最高GPU占用: 94%
[Tue Jan 13 23:20:19 CST 2026] [监控中] 等待 30 秒...
[Tue Jan 13 23:20:49 CST 2026] [监控中] 当前最高GPU占用: 86%
[Tue Jan 13 23:20:49 CST 2026] [监控中] 等待 30 秒...
[Tue Jan 13 23:21:19 CST 2026] [监控中] 当前最高GPU占用: 100%
[Tue Jan 13 23:21:19 CST 2026] [监控中] 等待 30 秒...
[Tue Jan 13 23:21:49 CST 2026] [监控中] 当前最高GPU占用: 100%
[Tue Jan 13 23:21:49 CST 2026] [监控中] 等待 30 秒...
[Tue Jan 13 23:22:20 CST 2026] [监控中] 当前最高GPU占用: 92%
[Tue Jan 13 23:22:20 CST 2026] [监控中] 等待 30 秒...
[Tue Jan 13 23:22:50 CST 2026] [监控中] 当前最高GPU占用: 95%
[Tue Jan 13 23:22:50 CST 2026] [监控中] 等待 30 秒...
[Tue Jan 13 23:23:20 CST 2026] [监控中] 当前最高GPU占用: 100%
[Tue Jan 13 23:23:20 CST 2026] [监控中] 等待 30 秒...
[Tue Jan 13 23:23:50 CST 2026] [监控中] 当前最高GPU占用: 100%
[Tue Jan 13 23:23:50 CST 2026] [监控中] 等待 30 秒...
[Tue Jan 13 23:24:20 CST 2026] [监控中] 当前最高GPU占用: 95%
[Tue Jan 13 23:24:20 CST 2026] [监控中] 等待 30 秒...
[Tue Jan 13 23:24:50 CST 2026] [监控中] 当前最高GPU占用: 95%
[Tue Jan 13 23:24:50 CST 2026] [监控中] 等待 30 秒...
[Tue Jan 13 23:25:20 CST 2026] [监控中] 当前最高GPU占用: 95%
[Tue Jan 13 23:25:20 CST 2026] [监控中] 等待 30 秒...
[Tue Jan 13 23:25:50 CST 2026] [监控中] 当前最高GPU占用: 98%
[Tue Jan 13 23:25:50 CST 2026] [监控中] 等待 30 秒...
[Tue Jan 13 23:26:20 CST 2026] [监控中] 当前最高GPU占用: 95%
[Tue Jan 13 23:26:20 CST 2026] [监控中] 等待 30 秒...
[Tue Jan 13 23:26:50 CST 2026] [监控中] 当前最高GPU占用: 94%
[Tue Jan 13 23:26:50 CST 2026] [监控中] 等待 30 秒...
[Tue Jan 13 23:27:20 CST 2026] [监控中] 当前最高GPU占用: 86%
[Tue Jan 13 23:27:20 CST 2026] [监控中] 等待 30 秒...
[Tue Jan 13 23:27:50 CST 2026] [监控中] 当前最高GPU占用: 61%
[Tue Jan 13 23:27:50 CST 2026] [监控中] 等待 30 秒...
[Tue Jan 13 23:28:20 CST 2026] [监控中] 当前最高GPU占用: 72%
[Tue Jan 13 23:28:20 CST 2026] [监控中] 等待 30 秒...
[Tue Jan 13 23:28:51 CST 2026] [监控中] 当前最高GPU占用: 95%
[Tue Jan 13 23:28:51 CST 2026] [监控中] 等待 30 秒...
[Tue Jan 13 23:29:21 CST 2026] [监控中] 当前最高GPU占用: 85%
[Tue Jan 13 23:29:21 CST 2026] [监控中] 等待 30 秒...
[Tue Jan 13 23:29:51 CST 2026] [监控中] 当前最高GPU占用: 95%
[Tue Jan 13 23:29:51 CST 2026] [监控中] 等待 30 秒...
[Tue Jan 13 23:30:21 CST 2026] [监控中] 当前最高GPU占用: 90%
[Tue Jan 13 23:30:21 CST 2026] [监控中] 等待 30 秒...
[Tue Jan 13 23:30:51 CST 2026] [监控中] 当前最高GPU占用: 100%
[Tue Jan 13 23:30:51 CST 2026] [监控中] 等待 30 秒...
[Tue Jan 13 23:31:21 CST 2026] [监控中] 当前最高GPU占用: 71%
[Tue Jan 13 23:31:21 CST 2026] [监控中] 等待 30 秒...
[Tue Jan 13 23:31:51 CST 2026] [监控中] 当前最高GPU占用: 100%
[Tue Jan 13 23:31:51 CST 2026] [监控中] 等待 30 秒...
[Tue Jan 13 23:32:21 CST 2026] [监控中] 当前最高GPU占用: 63%
[Tue Jan 13 23:32:21 CST 2026] [监控中] 等待 30 秒...
[Tue Jan 13 23:32:51 CST 2026] [监控中] 当前最高GPU占用: 70%
[Tue Jan 13 23:32:51 CST 2026] [监控中] 等待 30 秒...
[Tue Jan 13 23:33:22 CST 2026] [监控中] 当前最高GPU占用: 95%
[Tue Jan 13 23:33:22 CST 2026] [监控中] 等待 30 秒...
[Tue Jan 13 23:33:52 CST 2026] [监控中] 当前最高GPU占用: 100%
[Tue Jan 13 23:33:52 CST 2026] [监控中] 等待 30 秒...
[Tue Jan 13 23:34:22 CST 2026] [监控中] 当前最高GPU占用: 68%
[Tue Jan 13 23:34:22 CST 2026] [监控中] 等待 30 秒...
[Tue Jan 13 23:34:52 CST 2026] [监控中] 当前最高GPU占用: 100%
[Tue Jan 13 23:34:52 CST 2026] [监控中] 等待 30 秒...
[Tue Jan 13 23:35:22 CST 2026] [监控中] 当前最高GPU占用: 96%
[Tue Jan 13 23:35:22 CST 2026] [监控中] 等待 30 秒...
[Tue Jan 13 23:35:52 CST 2026] [监控中] 当前最高GPU占用: 67%
[Tue Jan 13 23:35:52 CST 2026] [监控中] 等待 30 秒...
[Tue Jan 13 23:36:22 CST 2026] [监控中] 当前最高GPU占用: 64%
[Tue Jan 13 23:36:22 CST 2026] [监控中] 等待 30 秒...
[Tue Jan 13 23:36:52 CST 2026] [监控中] 当前最高GPU占用: 83%
[Tue Jan 13 23:36:52 CST 2026] [监控中] 等待 30 秒...
[Tue Jan 13 23:37:22 CST 2026] [监控中] 当前最高GPU占用: 92%
[Tue Jan 13 23:37:22 CST 2026] [监控中] 等待 30 秒...
[Tue Jan 13 23:37:52 CST 2026] [监控中] 当前最高GPU占用: 94%
[Tue Jan 13 23:37:52 CST 2026] [监控中] 等待 30 秒...
[Tue Jan 13 23:38:23 CST 2026] [监控中] 当前最高GPU占用: 93%
[Tue Jan 13 23:38:23 CST 2026] [监控中] 等待 30 秒...
[Tue Jan 13 23:38:53 CST 2026] [监控中] 当前最高GPU占用: 95%
[Tue Jan 13 23:38:53 CST 2026] [监控中] 等待 30 秒...
[Tue Jan 13 23:39:23 CST 2026] [监控中] 当前最高GPU占用: 94%
[Tue Jan 13 23:39:23 CST 2026] [监控中] 等待 30 秒...
[Tue Jan 13 23:39:53 CST 2026] [监控中] 当前最高GPU占用: 95%
[Tue Jan 13 23:39:53 CST 2026] [监控中] 等待 30 秒...
[Tue Jan 13 23:40:23 CST 2026] [监控中] 当前最高GPU占用: 94%
[Tue Jan 13 23:40:23 CST 2026] [监控中] 等待 30 秒...
[Tue Jan 13 23:40:53 CST 2026] [监控中] 当前最高GPU占用: 94%
[Tue Jan 13 23:40:53 CST 2026] [监控中] 等待 30 秒...
[Tue Jan 13 23:41:23 CST 2026] [监控中] 当前最高GPU占用: 95%
[Tue Jan 13 23:41:23 CST 2026] [监控中] 等待 30 秒...
[Tue Jan 13 23:41:53 CST 2026] [监控中] 当前最高GPU占用: 95%
[Tue Jan 13 23:41:53 CST 2026] [监控中] 等待 30 秒...
[Tue Jan 13 23:42:23 CST 2026] [监控中] 当前最高GPU占用: 93%
[Tue Jan 13 23:42:23 CST 2026] [监控中] 等待 30 秒...
[Tue Jan 13 23:42:53 CST 2026] [监控中] 当前最高GPU占用: 95%
[Tue Jan 13 23:42:53 CST 2026] [监控中] 等待 30 秒...
[Tue Jan 13 23:43:24 CST 2026] [监控中] 当前最高GPU占用: 99%
[Tue Jan 13 23:43:24 CST 2026] [监控中] 等待 30 秒...
[Tue Jan 13 23:43:54 CST 2026] [监控中] 当前最高GPU占用: 95%
[Tue Jan 13 23:43:54 CST 2026] [监控中] 等待 30 秒...
[Tue Jan 13 23:44:24 CST 2026] [监控中] 当前最高GPU占用: 92%
[Tue Jan 13 23:44:24 CST 2026] [监控中] 等待 30 秒...
[Tue Jan 13 23:44:54 CST 2026] [监控中] 当前最高GPU占用: 92%
[Tue Jan 13 23:44:54 CST 2026] [监控中] 等待 30 秒...
[Tue Jan 13 23:45:24 CST 2026] [监控中] 当前最高GPU占用: 95%
[Tue Jan 13 23:45:24 CST 2026] [监控中] 等待 30 秒...
[Tue Jan 13 23:45:54 CST 2026] [监控中] 当前最高GPU占用: 95%
[Tue Jan 13 23:45:54 CST 2026] [监控中] 等待 30 秒...
[Tue Jan 13 23:46:24 CST 2026] [监控中] 当前最高GPU占用: 100%
[Tue Jan 13 23:46:24 CST 2026] [监控中] 等待 30 秒...
[Tue Jan 13 23:46:54 CST 2026] [监控中] 当前最高GPU占用: 73%
[Tue Jan 13 23:46:54 CST 2026] [监控中] 等待 30 秒...
[Tue Jan 13 23:47:24 CST 2026] [监控中] 当前最高GPU占用: 100%
[Tue Jan 13 23:47:24 CST 2026] [监控中] 等待 30 秒...
[Tue Jan 13 23:47:55 CST 2026] [监控中] 当前最高GPU占用: 75%
[Tue Jan 13 23:47:55 CST 2026] [监控中] 等待 30 秒...
[Tue Jan 13 23:48:25 CST 2026] [监控中] 当前最高GPU占用: 63%
[Tue Jan 13 23:48:25 CST 2026] [监控中] 等待 30 秒...
[Tue Jan 13 23:48:55 CST 2026] [监控中] 当前最高GPU占用: 71%
[Tue Jan 13 23:48:55 CST 2026] [监控中] 等待 30 秒...
[Tue Jan 13 23:49:25 CST 2026] [监控中] 当前最高GPU占用: 95%
[Tue Jan 13 23:49:25 CST 2026] [监控中] 等待 30 秒...
[Tue Jan 13 23:49:55 CST 2026] [监控中] 当前最高GPU占用: 100%
[Tue Jan 13 23:49:55 CST 2026] [监控中] 等待 30 秒...
[Tue Jan 13 23:50:25 CST 2026] [监控中] 当前最高GPU占用: 62%
[Tue Jan 13 23:50:25 CST 2026] [监控中] 等待 30 秒...
[Tue Jan 13 23:50:55 CST 2026] [监控中] 当前最高GPU占用: 91%
[Tue Jan 13 23:50:55 CST 2026] [监控中] 等待 30 秒...
[Tue Jan 13 23:51:25 CST 2026] [监控中] 当前最高GPU占用: 88%
[Tue Jan 13 23:51:25 CST 2026] [监控中] 等待 30 秒...
[Tue Jan 13 23:51:55 CST 2026] [监控中] 当前最高GPU占用: 100%
[Tue Jan 13 23:51:55 CST 2026] [监控中] 等待 30 秒...
[Tue Jan 13 23:52:25 CST 2026] [监控中] 当前最高GPU占用: 100%
[Tue Jan 13 23:52:25 CST 2026] [监控中] 等待 30 秒...
[Tue Jan 13 23:52:55 CST 2026] [监控中] 当前最高GPU占用: 95%
[Tue Jan 13 23:52:55 CST 2026] [监控中] 等待 30 秒...
[Tue Jan 13 23:53:25 CST 2026] [监控中] 当前最高GPU占用: 100%
[Tue Jan 13 23:53:25 CST 2026] [监控中] 等待 30 秒...
[Tue Jan 13 23:53:56 CST 2026] [监控中] 当前最高GPU占用: 95%
[Tue Jan 13 23:53:56 CST 2026] [监控中] 等待 30 秒...
[Tue Jan 13 23:54:26 CST 2026] [监控中] 当前最高GPU占用: 92%
[Tue Jan 13 23:54:26 CST 2026] [监控中] 等待 30 秒...
[Tue Jan 13 23:54:56 CST 2026] [监控中] 当前最高GPU占用: 78%
[Tue Jan 13 23:54:56 CST 2026] [监控中] 等待 30 秒...
[Tue Jan 13 23:55:26 CST 2026] [监控中] 当前最高GPU占用: 94%
[Tue Jan 13 23:55:26 CST 2026] [监控中] 等待 30 秒...
[Tue Jan 13 23:55:56 CST 2026] [监控中] 当前最高GPU占用: 93%
[Tue Jan 13 23:55:56 CST 2026] [监控中] 等待 30 秒...
[Tue Jan 13 23:56:26 CST 2026] [监控中] 当前最高GPU占用: 73%
[Tue Jan 13 23:56:26 CST 2026] [监控中] 等待 30 秒...
[Tue Jan 13 23:56:56 CST 2026] [监控中] 当前最高GPU占用: 94%
[Tue Jan 13 23:56:56 CST 2026] [监控中] 等待 30 秒...
[Tue Jan 13 23:57:26 CST 2026] [监控中] 当前最高GPU占用: 95%
[Tue Jan 13 23:57:26 CST 2026] [监控中] 等待 30 秒...
[Tue Jan 13 23:57:56 CST 2026] [监控中] 当前最高GPU占用: 95%
[Tue Jan 13 23:57:56 CST 2026] [监控中] 等待 30 秒...
[Tue Jan 13 23:58:26 CST 2026] [监控中] 当前最高GPU占用: 80%
[Tue Jan 13 23:58:26 CST 2026] [监控中] 等待 30 秒...
[Tue Jan 13 23:58:56 CST 2026] [监控中] 当前最高GPU占用: 95%
[Tue Jan 13 23:58:56 CST 2026] [监控中] 等待 30 秒...
[Tue Jan 13 23:59:27 CST 2026] [监控中] 当前最高GPU占用: 100%
[Tue Jan 13 23:59:27 CST 2026] [监控中] 等待 30 秒...
[Tue Jan 13 23:59:57 CST 2026] [监控中] 当前最高GPU占用: 93%
[Tue Jan 13 23:59:57 CST 2026] [监控中] 等待 30 秒...
[Wed Jan 14 00:00:27 CST 2026] [监控中] 当前最高GPU占用: 100%
[Wed Jan 14 00:00:27 CST 2026] [监控中] 等待 30 秒...
[Wed Jan 14 00:00:57 CST 2026] [监控中] 当前最高GPU占用: 100%
[Wed Jan 14 00:00:57 CST 2026] [监控中] 等待 30 秒...
[Wed Jan 14 00:01:27 CST 2026] [监控中] 当前最高GPU占用: 97%
[Wed Jan 14 00:01:27 CST 2026] [监控中] 等待 30 秒...
[Wed Jan 14 00:01:57 CST 2026] [监控中] 当前最高GPU占用: 85%
[Wed Jan 14 00:01:57 CST 2026] [监控中] 等待 30 秒...
[Wed Jan 14 00:02:27 CST 2026] [监控中] 当前最高GPU占用: 95%
[Wed Jan 14 00:02:27 CST 2026] [监控中] 等待 30 秒...
[Wed Jan 14 00:02:57 CST 2026] [监控中] 当前最高GPU占用: 94%
[Wed Jan 14 00:02:57 CST 2026] [监控中] 等待 30 秒...
[Wed Jan 14 00:03:27 CST 2026] [监控中] 当前最高GPU占用: 60%
[Wed Jan 14 00:03:27 CST 2026] [监控中] 等待 30 秒...
[Wed Jan 14 00:03:57 CST 2026] [监控中] 当前最高GPU占用: 96%
[Wed Jan 14 00:03:58 CST 2026] [监控中] 等待 30 秒...
[Wed Jan 14 00:04:28 CST 2026] [监控中] 当前最高GPU占用: 80%
[Wed Jan 14 00:04:28 CST 2026] [监控中] 等待 30 秒...
[Wed Jan 14 00:04:58 CST 2026] [监控中] 当前最高GPU占用: 86%
[Wed Jan 14 00:04:58 CST 2026] [监控中] 等待 30 秒...
[Wed Jan 14 00:05:28 CST 2026] [监控中] 当前最高GPU占用: 100%
[Wed Jan 14 00:05:28 CST 2026] [监控中] 等待 30 秒...
[Wed Jan 14 00:05:58 CST 2026] [监控中] 当前最高GPU占用: 99%
[Wed Jan 14 00:05:58 CST 2026] [监控中] 等待 30 秒...
[Wed Jan 14 00:06:28 CST 2026] [监控中] 当前最高GPU占用: 71%
[Wed Jan 14 00:06:28 CST 2026] [监控中] 等待 30 秒...
[Wed Jan 14 00:06:58 CST 2026] [监控中] 当前最高GPU占用: 67%
[Wed Jan 14 00:06:58 CST 2026] [监控中] 等待 30 秒...
[Wed Jan 14 00:07:28 CST 2026] [监控中] 当前最高GPU占用: 100%
[Wed Jan 14 00:07:28 CST 2026] [监控中] 等待 30 秒...
[Wed Jan 14 00:07:58 CST 2026] [监控中] 当前最高GPU占用: 100%
[Wed Jan 14 00:07:58 CST 2026] [监控中] 等待 30 秒...
[Wed Jan 14 00:08:28 CST 2026] [监控中] 当前最高GPU占用: 68%
[Wed Jan 14 00:08:28 CST 2026] [监控中] 等待 30 秒...
[Wed Jan 14 00:08:59 CST 2026] [监控中] 当前最高GPU占用: 95%
[Wed Jan 14 00:08:59 CST 2026] [监控中] 等待 30 秒...
[Wed Jan 14 00:09:29 CST 2026] [监控中] 当前最高GPU占用: 63%
[Wed Jan 14 00:09:29 CST 2026] [监控中] 等待 30 秒...
[Wed Jan 14 00:09:59 CST 2026] [监控中] 当前最高GPU占用: 66%
[Wed Jan 14 00:09:59 CST 2026] [监控中] 等待 30 秒...
[Wed Jan 14 00:10:29 CST 2026] [监控中] 当前最高GPU占用: 95%
[Wed Jan 14 00:10:29 CST 2026] [监控中] 等待 30 秒...
[Wed Jan 14 00:10:59 CST 2026] [监控中] 当前最高GPU占用: 75%
[Wed Jan 14 00:10:59 CST 2026] [监控中] 等待 30 秒...
[Wed Jan 14 00:11:29 CST 2026] [监控中] 当前最高GPU占用: 75%
[Wed Jan 14 00:11:29 CST 2026] [监控中] 等待 30 秒...
[Wed Jan 14 00:11:59 CST 2026] [监控中] 当前最高GPU占用: 65%
[Wed Jan 14 00:11:59 CST 2026] [监控中] 等待 30 秒...
[Wed Jan 14 00:12:29 CST 2026] [监控中] 当前最高GPU占用: 100%
[Wed Jan 14 00:12:29 CST 2026] [监控中] 等待 30 秒...
[Wed Jan 14 00:12:59 CST 2026] [监控中] 当前最高GPU占用: 94%
[Wed Jan 14 00:12:59 CST 2026] [监控中] 等待 30 秒...
[Wed Jan 14 00:13:29 CST 2026] [监控中] 当前最高GPU占用: 100%
[Wed Jan 14 00:13:29 CST 2026] [监控中] 等待 30 秒...
[Wed Jan 14 00:14:00 CST 2026] [监控中] 当前最高GPU占用: 95%
[Wed Jan 14 00:14:00 CST 2026] [监控中] 等待 30 秒...
[Wed Jan 14 00:14:30 CST 2026] [监控中] 当前最高GPU占用: 71%
[Wed Jan 14 00:14:30 CST 2026] [监控中] 等待 30 秒...
[Wed Jan 14 00:15:00 CST 2026] [监控中] 当前最高GPU占用: 97%
[Wed Jan 14 00:15:00 CST 2026] [监控中] 等待 30 秒...
[Wed Jan 14 00:15:30 CST 2026] [监控中] 当前最高GPU占用: 64%
[Wed Jan 14 00:15:30 CST 2026] [监控中] 等待 30 秒...
[Wed Jan 14 00:16:00 CST 2026] [监控中] 当前最高GPU占用: 89%
[Wed Jan 14 00:16:00 CST 2026] [监控中] 等待 30 秒...
[Wed Jan 14 00:16:30 CST 2026] [监控中] 当前最高GPU占用: 94%
[Wed Jan 14 00:16:30 CST 2026] [监控中] 等待 30 秒...
[Wed Jan 14 00:17:00 CST 2026] [监控中] 当前最高GPU占用: 95%
[Wed Jan 14 00:17:00 CST 2026] [监控中] 等待 30 秒...
[Wed Jan 14 00:17:30 CST 2026] [监控中] 当前最高GPU占用: 94%
[Wed Jan 14 00:17:30 CST 2026] [监控中] 等待 30 秒...
[Wed Jan 14 00:18:00 CST 2026] [监控中] 当前最高GPU占用: 100%
[Wed Jan 14 00:18:00 CST 2026] [监控中] 等待 30 秒...
[Wed Jan 14 00:18:30 CST 2026] [监控中] 当前最高GPU占用: 94%
[Wed Jan 14 00:18:30 CST 2026] [监控中] 等待 30 秒...
[Wed Jan 14 00:19:00 CST 2026] [监控中] 当前最高GPU占用: 95%
[Wed Jan 14 00:19:00 CST 2026] [监控中] 等待 30 秒...
[Wed Jan 14 00:19:30 CST 2026] [监控中] 当前最高GPU占用: 95%
[Wed Jan 14 00:19:30 CST 2026] [监控中] 等待 30 秒...
[Wed Jan 14 00:20:00 CST 2026] [监控中] 当前最高GPU占用: 89%
[Wed Jan 14 00:20:00 CST 2026] [监控中] 等待 30 秒...
[Wed Jan 14 00:20:30 CST 2026] [监控中] 当前最高GPU占用: 69%
[Wed Jan 14 00:20:30 CST 2026] [监控中] 等待 30 秒...
[Wed Jan 14 00:21:01 CST 2026] [监控中] 当前最高GPU占用: 100%
[Wed Jan 14 00:21:01 CST 2026] [监控中] 等待 30 秒...
[Wed Jan 14 00:21:31 CST 2026] [监控中] 当前最高GPU占用: 100%
[Wed Jan 14 00:21:31 CST 2026] [监控中] 等待 30 秒...
[Wed Jan 14 00:22:01 CST 2026] [监控中] 当前最高GPU占用: 94%
[Wed Jan 14 00:22:01 CST 2026] [监控中] 等待 30 秒...
[Wed Jan 14 00:22:31 CST 2026] [监控中] 当前最高GPU占用: 61%
[Wed Jan 14 00:22:31 CST 2026] [监控中] 等待 30 秒...
[Wed Jan 14 00:23:01 CST 2026] [监控中] 当前最高GPU占用: 95%
[Wed Jan 14 00:23:01 CST 2026] [监控中] 等待 30 秒...
[Wed Jan 14 00:23:31 CST 2026] [监控中] 当前最高GPU占用: 63%
[Wed Jan 14 00:23:31 CST 2026] [监控中] 等待 30 秒...
[Wed Jan 14 00:24:01 CST 2026] [监控中] 当前最高GPU占用: 92%
[Wed Jan 14 00:24:01 CST 2026] [监控中] 等待 30 秒...
[Wed Jan 14 00:24:31 CST 2026] [监控中] 当前最高GPU占用: 95%
[Wed Jan 14 00:24:31 CST 2026] [监控中] 等待 30 秒...
[Wed Jan 14 00:25:01 CST 2026] [监控中] 当前最高GPU占用: 95%
[Wed Jan 14 00:25:01 CST 2026] [监控中] 等待 30 秒...
[Wed Jan 14 00:25:31 CST 2026] [监控中] 当前最高GPU占用: 100%
[Wed Jan 14 00:25:31 CST 2026] [监控中] 等待 30 秒...
[Wed Jan 14 00:26:02 CST 2026] [监控中] 当前最高GPU占用: 95%
[Wed Jan 14 00:26:02 CST 2026] [监控中] 等待 30 秒...
[Wed Jan 14 00:26:32 CST 2026] [监控中] 当前最高GPU占用: 95%
[Wed Jan 14 00:26:32 CST 2026] [监控中] 等待 30 秒...
[Wed Jan 14 00:27:02 CST 2026] [监控中] 当前最高GPU占用: 93%
[Wed Jan 14 00:27:02 CST 2026] [监控中] 等待 30 秒...
[Wed Jan 14 00:27:32 CST 2026] [监控中] 当前最高GPU占用: 85%
[Wed Jan 14 00:27:32 CST 2026] [监控中] 等待 30 秒...
[Wed Jan 14 00:28:02 CST 2026] [监控中] 当前最高GPU占用: 77%
[Wed Jan 14 00:28:02 CST 2026] [监控中] 等待 30 秒...
[Wed Jan 14 00:28:32 CST 2026] [监控中] 当前最高GPU占用: 95%
[Wed Jan 14 00:28:32 CST 2026] [监控中] 等待 30 秒...
[Wed Jan 14 00:29:02 CST 2026] [监控中] 当前最高GPU占用: 67%
[Wed Jan 14 00:29:02 CST 2026] [监控中] 等待 30 秒...
[Wed Jan 14 00:29:32 CST 2026] [监控中] 当前最高GPU占用: 63%
[Wed Jan 14 00:29:32 CST 2026] [监控中] 等待 30 秒...
[Wed Jan 14 00:30:02 CST 2026] [监控中] 当前最高GPU占用: 100%
[Wed Jan 14 00:30:02 CST 2026] [监控中] 等待 30 秒...
[Wed Jan 14 00:30:32 CST 2026] [监控中] 当前最高GPU占用: 67%
[Wed Jan 14 00:30:32 CST 2026] [监控中] 等待 30 秒...
[Wed Jan 14 00:31:03 CST 2026] [监控中] 当前最高GPU占用: 66%
[Wed Jan 14 00:31:03 CST 2026] [监控中] 等待 30 秒...
[Wed Jan 14 00:31:33 CST 2026] [监控中] 当前最高GPU占用: 74%
[Wed Jan 14 00:31:33 CST 2026] [监控中] 等待 30 秒...
[Wed Jan 14 00:32:03 CST 2026] [监控中] 当前最高GPU占用: 85%
[Wed Jan 14 00:32:03 CST 2026] [监控中] 等待 30 秒...
[Wed Jan 14 00:32:33 CST 2026] [监控中] 当前最高GPU占用: 92%
[Wed Jan 14 00:32:33 CST 2026] [监控中] 等待 30 秒...
[Wed Jan 14 00:33:03 CST 2026] [监控中] 当前最高GPU占用: 95%
[Wed Jan 14 00:33:03 CST 2026] [监控中] 等待 30 秒...
[Wed Jan 14 00:33:33 CST 2026] [监控中] 当前最高GPU占用: 95%
[Wed Jan 14 00:33:33 CST 2026] [监控中] 等待 30 秒...
[Wed Jan 14 00:34:03 CST 2026] [监控中] 当前最高GPU占用: 90%
[Wed Jan 14 00:34:03 CST 2026] [监控中] 等待 30 秒...
[Wed Jan 14 00:34:33 CST 2026] [监控中] 当前最高GPU占用: 100%
[Wed Jan 14 00:34:33 CST 2026] [监控中] 等待 30 秒...
[Wed Jan 14 00:35:03 CST 2026] [监控中] 当前最高GPU占用: 100%
[Wed Jan 14 00:35:03 CST 2026] [监控中] 等待 30 秒...
[Wed Jan 14 00:35:33 CST 2026] [监控中] 当前最高GPU占用: 66%
[Wed Jan 14 00:35:33 CST 2026] [监控中] 等待 30 秒...
[Wed Jan 14 00:36:04 CST 2026] [监控中] 当前最高GPU占用: 78%
[Wed Jan 14 00:36:04 CST 2026] [监控中] 等待 30 秒...
[Wed Jan 14 00:36:34 CST 2026] [监控中] 当前最高GPU占用: 100%
[Wed Jan 14 00:36:34 CST 2026] [监控中] 等待 30 秒...
[Wed Jan 14 00:37:04 CST 2026] [监控中] 当前最高GPU占用: 95%
[Wed Jan 14 00:37:04 CST 2026] [监控中] 等待 30 秒...
[Wed Jan 14 00:37:34 CST 2026] [监控中] 当前最高GPU占用: 78%
[Wed Jan 14 00:37:34 CST 2026] [监控中] 等待 30 秒...
[Wed Jan 14 00:38:04 CST 2026] [监控中] 当前最高GPU占用: 95%
[Wed Jan 14 00:38:04 CST 2026] [监控中] 等待 30 秒...
[Wed Jan 14 00:38:34 CST 2026] [监控中] 当前最高GPU占用: 95%
[Wed Jan 14 00:38:34 CST 2026] [监控中] 等待 30 秒...
[Wed Jan 14 00:39:04 CST 2026] [监控中] 当前最高GPU占用: 94%
[Wed Jan 14 00:39:04 CST 2026] [监控中] 等待 30 秒...
[Wed Jan 14 00:39:34 CST 2026] [监控中] 当前最高GPU占用: 100%
[Wed Jan 14 00:39:34 CST 2026] [监控中] 等待 30 秒...
[Wed Jan 14 00:40:04 CST 2026] [监控中] 当前最高GPU占用: 100%
[Wed Jan 14 00:40:04 CST 2026] [监控中] 等待 30 秒...
[Wed Jan 14 00:40:34 CST 2026] [监控中] 当前最高GPU占用: 100%
[Wed Jan 14 00:40:34 CST 2026] [监控中] 等待 30 秒...
[Wed Jan 14 00:41:05 CST 2026] [监控中] 当前最高GPU占用: 76%
[Wed Jan 14 00:41:05 CST 2026] [监控中] 等待 30 秒...
[Wed Jan 14 00:41:35 CST 2026] [监控中] 当前最高GPU占用: 100%
[Wed Jan 14 00:41:35 CST 2026] [监控中] 等待 30 秒...
[Wed Jan 14 00:42:05 CST 2026] [监控中] 当前最高GPU占用: 100%
[Wed Jan 14 00:42:05 CST 2026] [监控中] 等待 30 秒...
[Wed Jan 14 00:42:35 CST 2026] [监控中] 当前最高GPU占用: 60%
[Wed Jan 14 00:42:35 CST 2026] [监控中] 等待 30 秒...
[Wed Jan 14 00:43:05 CST 2026] [监控中] 当前最高GPU占用: 100%
[Wed Jan 14 00:43:05 CST 2026] [监控中] 等待 30 秒...
[Wed Jan 14 00:43:35 CST 2026] [监控中] 当前最高GPU占用: 94%
[Wed Jan 14 00:43:35 CST 2026] [监控中] 等待 30 秒...
[Wed Jan 14 00:44:05 CST 2026] [监控中] 当前最高GPU占用: 69%
[Wed Jan 14 00:44:05 CST 2026] [监控中] 等待 30 秒...
[Wed Jan 14 00:44:35 CST 2026] [监控中] 当前最高GPU占用: 100%
[Wed Jan 14 00:44:35 CST 2026] [监控中] 等待 30 秒...
[Wed Jan 14 00:45:05 CST 2026] [监控中] 当前最高GPU占用: 93%
[Wed Jan 14 00:45:05 CST 2026] [监控中] 等待 30 秒...
[Wed Jan 14 00:45:35 CST 2026] [监控中] 当前最高GPU占用: 100%
[Wed Jan 14 00:45:35 CST 2026] [监控中] 等待 30 秒...
[Wed Jan 14 00:46:05 CST 2026] [监控中] 当前最高GPU占用: 100%
[Wed Jan 14 00:46:05 CST 2026] [监控中] 等待 30 秒...
[Wed Jan 14 00:46:35 CST 2026] [监控中] 当前最高GPU占用: 60%
[Wed Jan 14 00:46:35 CST 2026] [监控中] 等待 30 秒...
[Wed Jan 14 00:47:05 CST 2026] [监控中] 当前最高GPU占用: 80%
[Wed Jan 14 00:47:05 CST 2026] [监控中] 等待 30 秒...
[Wed Jan 14 00:47:36 CST 2026] [监控中] 当前最高GPU占用: 100%
[Wed Jan 14 00:47:36 CST 2026] [监控中] 等待 30 秒...
[Wed Jan 14 00:48:06 CST 2026] [监控中] 当前最高GPU占用: 100%
[Wed Jan 14 00:48:06 CST 2026] [监控中] 等待 30 秒...
[Wed Jan 14 00:48:36 CST 2026] [监控中] 当前最高GPU占用: 87%
[Wed Jan 14 00:48:36 CST 2026] [监控中] 等待 30 秒...
[Wed Jan 14 00:49:06 CST 2026] [监控中] 当前最高GPU占用: 94%
[Wed Jan 14 00:49:06 CST 2026] [监控中] 等待 30 秒...
[Wed Jan 14 00:49:36 CST 2026] [监控中] 当前最高GPU占用: 95%
[Wed Jan 14 00:49:36 CST 2026] [监控中] 等待 30 秒...
[Wed Jan 14 00:50:06 CST 2026] [监控中] 当前最高GPU占用: 100%
[Wed Jan 14 00:50:06 CST 2026] [监控中] 等待 30 秒...
[Wed Jan 14 00:50:36 CST 2026] [监控中] 当前最高GPU占用: 100%
[Wed Jan 14 00:50:36 CST 2026] [监控中] 等待 30 秒...
[Wed Jan 14 00:51:06 CST 2026] [监控中] 当前最高GPU占用: 100%
[Wed Jan 14 00:51:06 CST 2026] [监控中] 等待 30 秒...
[Wed Jan 14 00:51:36 CST 2026] [监控中] 当前最高GPU占用: 62%
[Wed Jan 14 00:51:36 CST 2026] [监控中] 等待 30 秒...
[Wed Jan 14 00:52:07 CST 2026] [监控中] 当前最高GPU占用: 62%
[Wed Jan 14 00:52:07 CST 2026] [监控中] 等待 30 秒...
[Wed Jan 14 00:52:37 CST 2026] [监控中] 当前最高GPU占用: 71%
[Wed Jan 14 00:52:37 CST 2026] [监控中] 等待 30 秒...
[Wed Jan 14 00:53:07 CST 2026] [监控中] 当前最高GPU占用: 78%
[Wed Jan 14 00:53:07 CST 2026] [监控中] 等待 30 秒...
[Wed Jan 14 00:53:37 CST 2026] [监控中] 当前最高GPU占用: 76%
[Wed Jan 14 00:53:37 CST 2026] [监控中] 等待 30 秒...
[Wed Jan 14 00:54:07 CST 2026] [监控中] 当前最高GPU占用: 93%
[Wed Jan 14 00:54:07 CST 2026] [监控中] 等待 30 秒...
[Wed Jan 14 00:54:37 CST 2026] [监控中] 当前最高GPU占用: 80%
[Wed Jan 14 00:54:37 CST 2026] [监控中] 等待 30 秒...
[Wed Jan 14 00:55:07 CST 2026] [监控中] 当前最高GPU占用: 85%
[Wed Jan 14 00:55:07 CST 2026] [监控中] 等待 30 秒...
[Wed Jan 14 00:55:37 CST 2026] [监控中] 当前最高GPU占用: 92%
[Wed Jan 14 00:55:37 CST 2026] [监控中] 等待 30 秒...
[Wed Jan 14 00:56:07 CST 2026] [监控中] 当前最高GPU占用: 98%
[Wed Jan 14 00:56:07 CST 2026] [监控中] 等待 30 秒...
[Wed Jan 14 00:56:37 CST 2026] [监控中] 当前最高GPU占用: 100%
[Wed Jan 14 00:56:37 CST 2026] [监控中] 等待 30 秒...
[Wed Jan 14 00:57:08 CST 2026] [监控中] 当前最高GPU占用: 62%
[Wed Jan 14 00:57:08 CST 2026] [监控中] 等待 30 秒...
[Wed Jan 14 00:57:38 CST 2026] [监控中] 当前最高GPU占用: 59%
[Wed Jan 14 00:57:38 CST 2026] [监控中] 等待 30 秒...
[Wed Jan 14 00:58:08 CST 2026] [监控中] 当前最高GPU占用: 68%
[Wed Jan 14 00:58:08 CST 2026] [监控中] 等待 30 秒...
[Wed Jan 14 00:58:38 CST 2026] [监控中] 当前最高GPU占用: 95%
[Wed Jan 14 00:58:38 CST 2026] [监控中] 等待 30 秒...
[Wed Jan 14 00:59:08 CST 2026] [监控中] 当前最高GPU占用: 94%
[Wed Jan 14 00:59:08 CST 2026] [监控中] 等待 30 秒...
[Wed Jan 14 00:59:38 CST 2026] [监控中] 当前最高GPU占用: 94%
[Wed Jan 14 00:59:38 CST 2026] [监控中] 等待 30 秒...
[Wed Jan 14 01:00:08 CST 2026] [监控中] 当前最高GPU占用: 62%
[Wed Jan 14 01:00:08 CST 2026] [监控中] 等待 30 秒...
[Wed Jan 14 01:00:38 CST 2026] [监控中] 当前最高GPU占用: 94%
[Wed Jan 14 01:00:38 CST 2026] [监控中] 等待 30 秒...
[Wed Jan 14 01:01:08 CST 2026] [监控中] 当前最高GPU占用: 100%
[Wed Jan 14 01:01:08 CST 2026] [监控中] 等待 30 秒...
[Wed Jan 14 01:01:38 CST 2026] [监控中] 当前最高GPU占用: 100%
[Wed Jan 14 01:01:38 CST 2026] [监控中] 等待 30 秒...
[Wed Jan 14 01:02:09 CST 2026] [监控中] 当前最高GPU占用: 74%
[Wed Jan 14 01:02:09 CST 2026] [监控中] 等待 30 秒...
[Wed Jan 14 01:02:39 CST 2026] [监控中] 当前最高GPU占用: 93%
[Wed Jan 14 01:02:39 CST 2026] [监控中] 等待 30 秒...
[Wed Jan 14 01:03:09 CST 2026] [监控中] 当前最高GPU占用: 100%
[Wed Jan 14 01:03:09 CST 2026] [监控中] 等待 30 秒...
[Wed Jan 14 01:03:39 CST 2026] [监控中] 当前最高GPU占用: 95%
[Wed Jan 14 01:03:39 CST 2026] [监控中] 等待 30 秒...
[Wed Jan 14 01:04:09 CST 2026] [监控中] 当前最高GPU占用: 100%
[Wed Jan 14 01:04:09 CST 2026] [监控中] 等待 30 秒...
[Wed Jan 14 01:04:39 CST 2026] [监控中] 当前最高GPU占用: 94%
[Wed Jan 14 01:04:39 CST 2026] [监控中] 等待 30 秒...
[Wed Jan 14 01:05:09 CST 2026] [监控中] 当前最高GPU占用: 63%
[Wed Jan 14 01:05:09 CST 2026] [监控中] 等待 30 秒...
[Wed Jan 14 01:05:39 CST 2026] [监控中] 当前最高GPU占用: 100%
[Wed Jan 14 01:05:39 CST 2026] [监控中] 等待 30 秒...
[Wed Jan 14 01:06:09 CST 2026] [监控中] 当前最高GPU占用: 72%
[Wed Jan 14 01:06:09 CST 2026] [监控中] 等待 30 秒...
[Wed Jan 14 01:06:39 CST 2026] [监控中] 当前最高GPU占用: 93%
[Wed Jan 14 01:06:39 CST 2026] [监控中] 等待 30 秒...
[Wed Jan 14 01:07:10 CST 2026] [监控中] 当前最高GPU占用: 100%
[Wed Jan 14 01:07:10 CST 2026] [监控中] 等待 30 秒...
[Wed Jan 14 01:07:40 CST 2026] [监控中] 当前最高GPU占用: 94%
[Wed Jan 14 01:07:40 CST 2026] [监控中] 等待 30 秒...
[Wed Jan 14 01:08:10 CST 2026] [监控中] 当前最高GPU占用: 93%
[Wed Jan 14 01:08:10 CST 2026] [监控中] 等待 30 秒...
[Wed Jan 14 01:08:40 CST 2026] [监控中] 当前最高GPU占用: 100%
[Wed Jan 14 01:08:40 CST 2026] [监控中] 等待 30 秒...
[Wed Jan 14 01:09:10 CST 2026] [监控中] 当前最高GPU占用: 99%
[Wed Jan 14 01:09:10 CST 2026] [监控中] 等待 30 秒...
[Wed Jan 14 01:09:40 CST 2026] [监控中] 当前最高GPU占用: 95%
[Wed Jan 14 01:09:40 CST 2026] [监控中] 等待 30 秒...
[Wed Jan 14 01:10:10 CST 2026] [监控中] 当前最高GPU占用: 93%
[Wed Jan 14 01:10:10 CST 2026] [监控中] 等待 30 秒...
[Wed Jan 14 01:10:40 CST 2026] [监控中] 当前最高GPU占用: 99%
[Wed Jan 14 01:10:40 CST 2026] [监控中] 等待 30 秒...
[Wed Jan 14 01:11:10 CST 2026] [监控中] 当前最高GPU占用: 86%
[Wed Jan 14 01:11:10 CST 2026] [监控中] 等待 30 秒...
[Wed Jan 14 01:11:40 CST 2026] [监控中] 当前最高GPU占用: 95%
[Wed Jan 14 01:11:40 CST 2026] [监控中] 等待 30 秒...
[Wed Jan 14 01:12:10 CST 2026] [监控中] 当前最高GPU占用: 94%
[Wed Jan 14 01:12:10 CST 2026] [监控中] 等待 30 秒...
[Wed Jan 14 01:12:41 CST 2026] [监控中] 当前最高GPU占用: 95%
[Wed Jan 14 01:12:41 CST 2026] [监控中] 等待 30 秒...
[Wed Jan 14 01:13:11 CST 2026] [监控中] 当前最高GPU占用: 100%
[Wed Jan 14 01:13:11 CST 2026] [监控中] 等待 30 秒...
[Wed Jan 14 01:13:41 CST 2026] [监控中] 当前最高GPU占用: 94%
[Wed Jan 14 01:13:41 CST 2026] [监控中] 等待 30 秒...
[Wed Jan 14 01:14:11 CST 2026] [监控中] 当前最高GPU占用: 95%
[Wed Jan 14 01:14:11 CST 2026] [监控中] 等待 30 秒...
[Wed Jan 14 01:14:41 CST 2026] [监控中] 当前最高GPU占用: 100%
[Wed Jan 14 01:14:41 CST 2026] [监控中] 等待 30 秒...
[Wed Jan 14 01:15:11 CST 2026] [监控中] 当前最高GPU占用: 100%
[Wed Jan 14 01:15:11 CST 2026] [监控中] 等待 30 秒...
[Wed Jan 14 01:15:41 CST 2026] [监控中] 当前最高GPU占用: 97%
[Wed Jan 14 01:15:41 CST 2026] [监控中] 等待 30 秒...
[Wed Jan 14 01:16:11 CST 2026] [监控中] 当前最高GPU占用: 93%
[Wed Jan 14 01:16:11 CST 2026] [监控中] 等待 30 秒...
[Wed Jan 14 01:16:41 CST 2026] [监控中] 当前最高GPU占用: 100%
[Wed Jan 14 01:16:41 CST 2026] [监控中] 等待 30 秒...
[Wed Jan 14 01:17:11 CST 2026] [监控中] 当前最高GPU占用: 95%
[Wed Jan 14 01:17:11 CST 2026] [监控中] 等待 30 秒...
[Wed Jan 14 01:17:42 CST 2026] [监控中] 当前最高GPU占用: 62%
[Wed Jan 14 01:17:42 CST 2026] [监控中] 等待 30 秒...
[Wed Jan 14 01:18:12 CST 2026] [监控中] 当前最高GPU占用: 94%
[Wed Jan 14 01:18:12 CST 2026] [监控中] 等待 30 秒...
[Wed Jan 14 01:18:42 CST 2026] [监控中] 当前最高GPU占用: 64%
[Wed Jan 14 01:18:42 CST 2026] [监控中] 等待 30 秒...
[Wed Jan 14 01:19:12 CST 2026] [监控中] 当前最高GPU占用: 95%
[Wed Jan 14 01:19:12 CST 2026] [监控中] 等待 30 秒...
[Wed Jan 14 01:19:42 CST 2026] [监控中] 当前最高GPU占用: 100%
[Wed Jan 14 01:19:42 CST 2026] [监控中] 等待 30 秒...
[Wed Jan 14 01:20:12 CST 2026] [监控中] 当前最高GPU占用: 62%
[Wed Jan 14 01:20:12 CST 2026] [监控中] 等待 30 秒...
[Wed Jan 14 01:20:42 CST 2026] [监控中] 当前最高GPU占用: 100%
[Wed Jan 14 01:20:42 CST 2026] [监控中] 等待 30 秒...
[Wed Jan 14 01:21:12 CST 2026] [监控中] 当前最高GPU占用: 94%
[Wed Jan 14 01:21:12 CST 2026] [监控中] 等待 30 秒...
[Wed Jan 14 01:21:42 CST 2026] [监控中] 当前最高GPU占用: 67%
[Wed Jan 14 01:21:42 CST 2026] [监控中] 等待 30 秒...
[Wed Jan 14 01:22:12 CST 2026] [监控中] 当前最高GPU占用: 54%
[Wed Jan 14 01:22:12 CST 2026] [监控中] 等待 30 秒...
[Wed Jan 14 01:22:42 CST 2026] [监控中] 当前最高GPU占用: 64%
[Wed Jan 14 01:22:42 CST 2026] [监控中] 等待 30 秒...
[Wed Jan 14 01:23:13 CST 2026] [监控中] 当前最高GPU占用: 93%
[Wed Jan 14 01:23:13 CST 2026] [监控中] 等待 30 秒...
[Wed Jan 14 01:23:43 CST 2026] [监控中] 当前最高GPU占用: 100%
[Wed Jan 14 01:23:43 CST 2026] [监控中] 等待 30 秒...
[Wed Jan 14 01:24:13 CST 2026] [监控中] 当前最高GPU占用: 100%
[Wed Jan 14 01:24:13 CST 2026] [监控中] 等待 30 秒...
[Wed Jan 14 01:24:43 CST 2026] [监控中] 当前最高GPU占用: 65%
[Wed Jan 14 01:24:43 CST 2026] [监控中] 等待 30 秒...
[Wed Jan 14 01:25:13 CST 2026] [监控中] 当前最高GPU占用: 70%
[Wed Jan 14 01:25:13 CST 2026] [监控中] 等待 30 秒...
[Wed Jan 14 01:25:43 CST 2026] [监控中] 当前最高GPU占用: 100%
[Wed Jan 14 01:25:43 CST 2026] [监控中] 等待 30 秒...
[Wed Jan 14 01:26:13 CST 2026] [监控中] 当前最高GPU占用: 86%
[Wed Jan 14 01:26:13 CST 2026] [监控中] 等待 30 秒...
[Wed Jan 14 01:26:43 CST 2026] [监控中] 当前最高GPU占用: 100%
[Wed Jan 14 01:26:43 CST 2026] [监控中] 等待 30 秒...
[Wed Jan 14 01:27:13 CST 2026] [监控中] 当前最高GPU占用: 94%
[Wed Jan 14 01:27:13 CST 2026] [监控中] 等待 30 秒...
[Wed Jan 14 01:27:43 CST 2026] [监控中] 当前最高GPU占用: 67%
[Wed Jan 14 01:27:43 CST 2026] [监控中] 等待 30 秒...
[Wed Jan 14 01:28:14 CST 2026] [监控中] 当前最高GPU占用: 80%
[Wed Jan 14 01:28:14 CST 2026] [监控中] 等待 30 秒...
[Wed Jan 14 01:28:44 CST 2026] [监控中] 当前最高GPU占用: 70%
[Wed Jan 14 01:28:44 CST 2026] [监控中] 等待 30 秒...
[Wed Jan 14 01:29:14 CST 2026] [监控中] 当前最高GPU占用: 100%
[Wed Jan 14 01:29:14 CST 2026] [监控中] 等待 30 秒...
[Wed Jan 14 01:29:44 CST 2026] [监控中] 当前最高GPU占用: 99%
[Wed Jan 14 01:29:44 CST 2026] [监控中] 等待 30 秒...
[Wed Jan 14 01:30:14 CST 2026] [监控中] 当前最高GPU占用: 94%
[Wed Jan 14 01:30:14 CST 2026] [监控中] 等待 30 秒...
[Wed Jan 14 01:30:44 CST 2026] [监控中] 当前最高GPU占用: 64%
[Wed Jan 14 01:30:44 CST 2026] [监控中] 等待 30 秒...
[Wed Jan 14 01:31:14 CST 2026] [监控中] 当前最高GPU占用: 94%
[Wed Jan 14 01:31:14 CST 2026] [监控中] 等待 30 秒...
[Wed Jan 14 01:31:44 CST 2026] [监控中] 当前最高GPU占用: 100%
[Wed Jan 14 01:31:44 CST 2026] [监控中] 等待 30 秒...
[Wed Jan 14 01:32:14 CST 2026] [监控中] 当前最高GPU占用: 67%
[Wed Jan 14 01:32:14 CST 2026] [监控中] 等待 30 秒...
[Wed Jan 14 01:32:44 CST 2026] [监控中] 当前最高GPU占用: 75%
[Wed Jan 14 01:32:44 CST 2026] [监控中] 等待 30 秒...
[Wed Jan 14 01:33:14 CST 2026] [监控中] 当前最高GPU占用: 68%
[Wed Jan 14 01:33:14 CST 2026] [监控中] 等待 30 秒...
[Wed Jan 14 01:33:45 CST 2026] [监控中] 当前最高GPU占用: 94%
[Wed Jan 14 01:33:45 CST 2026] [监控中] 等待 30 秒...
[Wed Jan 14 01:34:15 CST 2026] [监控中] 当前最高GPU占用: 100%
[Wed Jan 14 01:34:15 CST 2026] [监控中] 等待 30 秒...
[Wed Jan 14 01:34:45 CST 2026] [监控中] 当前最高GPU占用: 94%
[Wed Jan 14 01:34:45 CST 2026] [监控中] 等待 30 秒...
[Wed Jan 14 01:35:15 CST 2026] [监控中] 当前最高GPU占用: 98%
[Wed Jan 14 01:35:15 CST 2026] [监控中] 等待 30 秒...
[Wed Jan 14 01:35:45 CST 2026] [监控中] 当前最高GPU占用: 93%
[Wed Jan 14 01:35:45 CST 2026] [监控中] 等待 30 秒...
[Wed Jan 14 01:36:15 CST 2026] [监控中] 当前最高GPU占用: 98%
[Wed Jan 14 01:36:15 CST 2026] [监控中] 等待 30 秒...
[Wed Jan 14 01:36:45 CST 2026] [监控中] 当前最高GPU占用: 88%
[Wed Jan 14 01:36:45 CST 2026] [监控中] 等待 30 秒...
[Wed Jan 14 01:37:15 CST 2026] [监控中] 当前最高GPU占用: 93%
[Wed Jan 14 01:37:15 CST 2026] [监控中] 等待 30 秒...
[Wed Jan 14 01:37:45 CST 2026] [监控中] 当前最高GPU占用: 94%
[Wed Jan 14 01:37:45 CST 2026] [监控中] 等待 30 秒...
[Wed Jan 14 01:38:15 CST 2026] [监控中] 当前最高GPU占用: 100%
[Wed Jan 14 01:38:15 CST 2026] [监控中] 等待 30 秒...
[Wed Jan 14 01:38:45 CST 2026] [监控中] 当前最高GPU占用: 60%
[Wed Jan 14 01:38:45 CST 2026] [监控中] 等待 30 秒...
[Wed Jan 14 01:39:15 CST 2026] [监控中] 当前最高GPU占用: 96%
[Wed Jan 14 01:39:15 CST 2026] [监控中] 等待 30 秒...
[Wed Jan 14 01:39:46 CST 2026] [监控中] 当前最高GPU占用: 68%
[Wed Jan 14 01:39:46 CST 2026] [监控中] 等待 30 秒...
[Wed Jan 14 01:40:16 CST 2026] [监控中] 当前最高GPU占用: 98%
[Wed Jan 14 01:40:16 CST 2026] [监控中] 等待 30 秒...
[Wed Jan 14 01:40:46 CST 2026] [监控中] 当前最高GPU占用: 93%
[Wed Jan 14 01:40:46 CST 2026] [监控中] 等待 30 秒...
[Wed Jan 14 01:41:16 CST 2026] [监控中] 当前最高GPU占用: 94%
[Wed Jan 14 01:41:16 CST 2026] [监控中] 等待 30 秒...
[Wed Jan 14 01:41:46 CST 2026] [监控中] 当前最高GPU占用: 94%
[Wed Jan 14 01:41:46 CST 2026] [监控中] 等待 30 秒...
[Wed Jan 14 01:42:16 CST 2026] [监控中] 当前最高GPU占用: 94%
[Wed Jan 14 01:42:16 CST 2026] [监控中] 等待 30 秒...
[Wed Jan 14 01:42:46 CST 2026] [监控中] 当前最高GPU占用: 65%
[Wed Jan 14 01:42:46 CST 2026] [监控中] 等待 30 秒...
[Wed Jan 14 01:43:16 CST 2026] [监控中] 当前最高GPU占用: 65%
[Wed Jan 14 01:43:16 CST 2026] [监控中] 等待 30 秒...
[Wed Jan 14 01:43:46 CST 2026] [监控中] 当前最高GPU占用: 100%
[Wed Jan 14 01:43:46 CST 2026] [监控中] 等待 30 秒...
[Wed Jan 14 01:44:16 CST 2026] [监控中] 当前最高GPU占用: 93%
[Wed Jan 14 01:44:16 CST 2026] [监控中] 等待 30 秒...
[Wed Jan 14 01:44:47 CST 2026] [监控中] 当前最高GPU占用: 90%
[Wed Jan 14 01:44:47 CST 2026] [监控中] 等待 30 秒...
[Wed Jan 14 01:45:17 CST 2026] [监控中] 当前最高GPU占用: 97%
[Wed Jan 14 01:45:17 CST 2026] [监控中] 等待 30 秒...
[Wed Jan 14 01:45:47 CST 2026] [监控中] 当前最高GPU占用: 79%
[Wed Jan 14 01:45:47 CST 2026] [监控中] 等待 30 秒...
[Wed Jan 14 01:46:17 CST 2026] [监控中] 当前最高GPU占用: 100%
[Wed Jan 14 01:46:17 CST 2026] [监控中] 等待 30 秒...
[Wed Jan 14 01:46:47 CST 2026] [监控中] 当前最高GPU占用: 66%
[Wed Jan 14 01:46:47 CST 2026] [监控中] 等待 30 秒...
[Wed Jan 14 01:47:17 CST 2026] [监控中] 当前最高GPU占用: 100%
[Wed Jan 14 01:47:17 CST 2026] [监控中] 等待 30 秒...
[Wed Jan 14 01:47:47 CST 2026] [监控中] 当前最高GPU占用: 75%
[Wed Jan 14 01:47:47 CST 2026] [监控中] 等待 30 秒...
[Wed Jan 14 01:48:17 CST 2026] [监控中] 当前最高GPU占用: 62%
[Wed Jan 14 01:48:17 CST 2026] [监控中] 等待 30 秒...
[Wed Jan 14 01:48:47 CST 2026] [监控中] 当前最高GPU占用: 94%
[Wed Jan 14 01:48:47 CST 2026] [监控中] 等待 30 秒...
[Wed Jan 14 01:49:17 CST 2026] [监控中] 当前最高GPU占用: 100%
[Wed Jan 14 01:49:17 CST 2026] [监控中] 等待 30 秒...
[Wed Jan 14 01:49:48 CST 2026] [监控中] 当前最高GPU占用: 93%
[Wed Jan 14 01:49:48 CST 2026] [监控中] 等待 30 秒...
[Wed Jan 14 01:50:18 CST 2026] [监控中] 当前最高GPU占用: 64%
[Wed Jan 14 01:50:18 CST 2026] [监控中] 等待 30 秒...
[Wed Jan 14 01:50:48 CST 2026] [监控中] 当前最高GPU占用: 100%
[Wed Jan 14 01:50:48 CST 2026] [监控中] 等待 30 秒...
[Wed Jan 14 01:51:18 CST 2026] [监控中] 当前最高GPU占用: 93%
[Wed Jan 14 01:51:18 CST 2026] [监控中] 等待 30 秒...
[Wed Jan 14 01:51:48 CST 2026] [监控中] 当前最高GPU占用: 88%
[Wed Jan 14 01:51:48 CST 2026] [监控中] 等待 30 秒...
[Wed Jan 14 01:52:18 CST 2026] [监控中] 当前最高GPU占用: 93%
[Wed Jan 14 01:52:18 CST 2026] [监控中] 等待 30 秒...
[Wed Jan 14 01:52:48 CST 2026] [监控中] 当前最高GPU占用: 100%
[Wed Jan 14 01:52:48 CST 2026] [监控中] 等待 30 秒...
[Wed Jan 14 01:53:18 CST 2026] [监控中] 当前最高GPU占用: 83%
[Wed Jan 14 01:53:18 CST 2026] [监控中] 等待 30 秒...
[Wed Jan 14 01:53:48 CST 2026] [监控中] 当前最高GPU占用: 100%
[Wed Jan 14 01:53:48 CST 2026] [监控中] 等待 30 秒...
[Wed Jan 14 01:54:18 CST 2026] [监控中] 当前最高GPU占用: 67%
[Wed Jan 14 01:54:18 CST 2026] [监控中] 等待 30 秒...
[Wed Jan 14 01:54:49 CST 2026] [监控中] 当前最高GPU占用: 95%
[Wed Jan 14 01:54:49 CST 2026] [监控中] 等待 30 秒...
[Wed Jan 14 01:55:19 CST 2026] [监控中] 当前最高GPU占用: 94%
[Wed Jan 14 01:55:19 CST 2026] [监控中] 等待 30 秒...
[Wed Jan 14 01:55:49 CST 2026] [监控中] 当前最高GPU占用: 99%
[Wed Jan 14 01:55:49 CST 2026] [监控中] 等待 30 秒...
[Wed Jan 14 01:56:19 CST 2026] [监控中] 当前最高GPU占用: 94%
[Wed Jan 14 01:56:19 CST 2026] [监控中] 等待 30 秒...
[Wed Jan 14 01:56:49 CST 2026] [监控中] 当前最高GPU占用: 93%
[Wed Jan 14 01:56:49 CST 2026] [监控中] 等待 30 秒...
[Wed Jan 14 01:57:19 CST 2026] [监控中] 当前最高GPU占用: 94%
[Wed Jan 14 01:57:19 CST 2026] [监控中] 等待 30 秒...
[Wed Jan 14 01:57:49 CST 2026] [监控中] 当前最高GPU占用: 71%
[Wed Jan 14 01:57:49 CST 2026] [监控中] 等待 30 秒...
[Wed Jan 14 01:58:19 CST 2026] [监控中] 当前最高GPU占用: 98%
[Wed Jan 14 01:58:19 CST 2026] [监控中] 等待 30 秒...
[Wed Jan 14 01:58:49 CST 2026] [监控中] 当前最高GPU占用: 94%
[Wed Jan 14 01:58:49 CST 2026] [监控中] 等待 30 秒...
[Wed Jan 14 01:59:19 CST 2026] [监控中] 当前最高GPU占用: 95%
[Wed Jan 14 01:59:19 CST 2026] [监控中] 等待 30 秒...
[Wed Jan 14 01:59:50 CST 2026] [监控中] 当前最高GPU占用: 100%
[Wed Jan 14 01:59:50 CST 2026] [监控中] 等待 30 秒...
[Wed Jan 14 02:00:20 CST 2026] [监控中] 当前最高GPU占用: 93%
[Wed Jan 14 02:00:20 CST 2026] [监控中] 等待 30 秒...
[Wed Jan 14 02:00:50 CST 2026] [监控中] 当前最高GPU占用: 94%
[Wed Jan 14 02:00:50 CST 2026] [监控中] 等待 30 秒...
[Wed Jan 14 02:01:20 CST 2026] [监控中] 当前最高GPU占用: 95%
[Wed Jan 14 02:01:20 CST 2026] [监控中] 等待 30 秒...
[Wed Jan 14 02:01:50 CST 2026] [监控中] 当前最高GPU占用: 94%
[Wed Jan 14 02:01:50 CST 2026] [监控中] 等待 30 秒...
[Wed Jan 14 02:02:20 CST 2026] [监控中] 当前最高GPU占用: 100%
[Wed Jan 14 02:02:20 CST 2026] [监控中] 等待 30 秒...
[Wed Jan 14 02:02:50 CST 2026] [监控中] 当前最高GPU占用: 100%
[Wed Jan 14 02:02:50 CST 2026] [监控中] 等待 30 秒...
[Wed Jan 14 02:03:20 CST 2026] [监控中] 当前最高GPU占用: 68%
[Wed Jan 14 02:03:20 CST 2026] [监控中] 等待 30 秒...
[Wed Jan 14 02:03:50 CST 2026] [监控中] 当前最高GPU占用: 91%
[Wed Jan 14 02:03:50 CST 2026] [监控中] 等待 30 秒...
[Wed Jan 14 02:04:20 CST 2026] [监控中] 当前最高GPU占用: 99%
[Wed Jan 14 02:04:20 CST 2026] [监控中] 等待 30 秒...
[Wed Jan 14 02:04:50 CST 2026] [监控中] 当前最高GPU占用: 100%
[Wed Jan 14 02:04:50 CST 2026] [监控中] 等待 30 秒...
[Wed Jan 14 02:05:21 CST 2026] [监控中] 当前最高GPU占用: 96%
[Wed Jan 14 02:05:21 CST 2026] [监控中] 等待 30 秒...
[Wed Jan 14 02:05:51 CST 2026] [监控中] 当前最高GPU占用: 67%
[Wed Jan 14 02:05:51 CST 2026] [监控中] 等待 30 秒...
[Wed Jan 14 02:06:21 CST 2026] [监控中] 当前最高GPU占用: 82%
[Wed Jan 14 02:06:21 CST 2026] [监控中] 等待 30 秒...
[Wed Jan 14 02:06:51 CST 2026] [监控中] 当前最高GPU占用: 94%
[Wed Jan 14 02:06:51 CST 2026] [监控中] 等待 30 秒...
[Wed Jan 14 02:07:21 CST 2026] [监控中] 当前最高GPU占用: 95%
[Wed Jan 14 02:07:21 CST 2026] [监控中] 等待 30 秒...
[Wed Jan 14 02:07:51 CST 2026] [监控中] 当前最高GPU占用: 88%
[Wed Jan 14 02:07:51 CST 2026] [监控中] 等待 30 秒...
[Wed Jan 14 02:08:21 CST 2026] [监控中] 当前最高GPU占用: 75%
[Wed Jan 14 02:08:21 CST 2026] [监控中] 等待 30 秒...
[Wed Jan 14 02:08:51 CST 2026] [监控中] 当前最高GPU占用: 100%
[Wed Jan 14 02:08:51 CST 2026] [监控中] 等待 30 秒...
[Wed Jan 14 02:09:21 CST 2026] [监控中] 当前最高GPU占用: 93%
[Wed Jan 14 02:09:21 CST 2026] [监控中] 等待 30 秒...
[Wed Jan 14 02:09:52 CST 2026] [监控中] 当前最高GPU占用: 93%
[Wed Jan 14 02:09:52 CST 2026] [监控中] 等待 30 秒...
[Wed Jan 14 02:10:22 CST 2026] [监控中] 当前最高GPU占用: 99%
[Wed Jan 14 02:10:22 CST 2026] [监控中] 等待 30 秒...
[Wed Jan 14 02:10:52 CST 2026] [监控中] 当前最高GPU占用: 100%
[Wed Jan 14 02:10:52 CST 2026] [监控中] 等待 30 秒...
[Wed Jan 14 02:11:22 CST 2026] [监控中] 当前最高GPU占用: 75%
[Wed Jan 14 02:11:22 CST 2026] [监控中] 等待 30 秒...
[Wed Jan 14 02:11:52 CST 2026] [监控中] 当前最高GPU占用: 100%
[Wed Jan 14 02:11:52 CST 2026] [监控中] 等待 30 秒...
[Wed Jan 14 02:12:22 CST 2026] [监控中] 当前最高GPU占用: 97%
[Wed Jan 14 02:12:22 CST 2026] [监控中] 等待 30 秒...
[Wed Jan 14 02:12:52 CST 2026] [监控中] 当前最高GPU占用: 100%
[Wed Jan 14 02:12:52 CST 2026] [监控中] 等待 30 秒...
[Wed Jan 14 02:13:22 CST 2026] [监控中] 当前最高GPU占用: 94%
[Wed Jan 14 02:13:22 CST 2026] [监控中] 等待 30 秒...
[Wed Jan 14 02:13:52 CST 2026] [监控中] 当前最高GPU占用: 94%
[Wed Jan 14 02:13:52 CST 2026] [监控中] 等待 30 秒...
[Wed Jan 14 02:14:22 CST 2026] [监控中] 当前最高GPU占用: 81%
[Wed Jan 14 02:14:22 CST 2026] [监控中] 等待 30 秒...
[Wed Jan 14 02:14:52 CST 2026] [监控中] 当前最高GPU占用: 100%
[Wed Jan 14 02:14:52 CST 2026] [监控中] 等待 30 秒...
[Wed Jan 14 02:15:23 CST 2026] [监控中] 当前最高GPU占用: 59%
[Wed Jan 14 02:15:23 CST 2026] [监控中] 等待 30 秒...
[Wed Jan 14 02:15:53 CST 2026] [监控中] 当前最高GPU占用: 100%
[Wed Jan 14 02:15:53 CST 2026] [监控中] 等待 30 秒...
[Wed Jan 14 02:16:23 CST 2026] [监控中] 当前最高GPU占用: 68%
[Wed Jan 14 02:16:23 CST 2026] [监控中] 等待 30 秒...
[Wed Jan 14 02:16:53 CST 2026] [监控中] 当前最高GPU占用: 95%
[Wed Jan 14 02:16:53 CST 2026] [监控中] 等待 30 秒...
[Wed Jan 14 02:17:23 CST 2026] [监控中] 当前最高GPU占用: 68%
[Wed Jan 14 02:17:23 CST 2026] [监控中] 等待 30 秒...
[Wed Jan 14 02:17:53 CST 2026] [监控中] 当前最高GPU占用: 100%
[Wed Jan 14 02:17:53 CST 2026] [监控中] 等待 30 秒...
[Wed Jan 14 02:18:23 CST 2026] [监控中] 当前最高GPU占用: 100%
[Wed Jan 14 02:18:23 CST 2026] [监控中] 等待 30 秒...
[Wed Jan 14 02:18:53 CST 2026] [监控中] 当前最高GPU占用: 91%
[Wed Jan 14 02:18:53 CST 2026] [监控中] 等待 30 秒...
[Wed Jan 14 02:19:23 CST 2026] [监控中] 当前最高GPU占用: 72%
[Wed Jan 14 02:19:23 CST 2026] [监控中] 等待 30 秒...
[Wed Jan 14 02:19:53 CST 2026] [监控中] 当前最高GPU占用: 81%
[Wed Jan 14 02:19:54 CST 2026] [监控中] 等待 30 秒...
[Wed Jan 14 02:20:24 CST 2026] [监控中] 当前最高GPU占用: 90%
[Wed Jan 14 02:20:24 CST 2026] [监控中] 等待 30 秒...
[Wed Jan 14 02:20:54 CST 2026] [监控中] 当前最高GPU占用: 93%
[Wed Jan 14 02:20:54 CST 2026] [监控中] 等待 30 秒...
[Wed Jan 14 02:21:24 CST 2026] [监控中] 当前最高GPU占用: 100%
[Wed Jan 14 02:21:24 CST 2026] [监控中] 等待 30 秒...
[Wed Jan 14 02:21:54 CST 2026] [监控中] 当前最高GPU占用: 100%
[Wed Jan 14 02:21:54 CST 2026] [监控中] 等待 30 秒...
[Wed Jan 14 02:22:24 CST 2026] [监控中] 当前最高GPU占用: 98%
[Wed Jan 14 02:22:24 CST 2026] [监控中] 等待 30 秒...
[Wed Jan 14 02:22:54 CST 2026] [监控中] 当前最高GPU占用: 95%
[Wed Jan 14 02:22:54 CST 2026] [监控中] 等待 30 秒...
[Wed Jan 14 02:23:24 CST 2026] [监控中] 当前最高GPU占用: 62%
[Wed Jan 14 02:23:24 CST 2026] [监控中] 等待 30 秒...
[Wed Jan 14 02:23:54 CST 2026] [监控中] 当前最高GPU占用: 94%
[Wed Jan 14 02:23:54 CST 2026] [监控中] 等待 30 秒...
[Wed Jan 14 02:24:24 CST 2026] [监控中] 当前最高GPU占用: 100%
[Wed Jan 14 02:24:24 CST 2026] [监控中] 等待 30 秒...
[Wed Jan 14 02:24:55 CST 2026] [监控中] 当前最高GPU占用: 100%
[Wed Jan 14 02:24:55 CST 2026] [监控中] 等待 30 秒...
[Wed Jan 14 02:25:25 CST 2026] [监控中] 当前最高GPU占用: 93%
[Wed Jan 14 02:25:25 CST 2026] [监控中] 等待 30 秒...
[Wed Jan 14 02:25:55 CST 2026] [监控中] 当前最高GPU占用: 61%
[Wed Jan 14 02:25:55 CST 2026] [监控中] 等待 30 秒...
[Wed Jan 14 02:26:25 CST 2026] [监控中] 当前最高GPU占用: 94%
[Wed Jan 14 02:26:25 CST 2026] [监控中] 等待 30 秒...
[Wed Jan 14 02:26:55 CST 2026] [监控中] 当前最高GPU占用: 100%
[Wed Jan 14 02:26:55 CST 2026] [监控中] 等待 30 秒...
[Wed Jan 14 02:27:25 CST 2026] [监控中] 当前最高GPU占用: 94%
[Wed Jan 14 02:27:25 CST 2026] [监控中] 等待 30 秒...
[Wed Jan 14 02:27:55 CST 2026] [监控中] 当前最高GPU占用: 95%
[Wed Jan 14 02:27:55 CST 2026] [监控中] 等待 30 秒...
[Wed Jan 14 02:28:25 CST 2026] [监控中] 当前最高GPU占用: 93%
[Wed Jan 14 02:28:25 CST 2026] [监控中] 等待 30 秒...
[Wed Jan 14 02:28:55 CST 2026] [监控中] 当前最高GPU占用: 65%
[Wed Jan 14 02:28:55 CST 2026] [监控中] 等待 30 秒...
[Wed Jan 14 02:29:25 CST 2026] [监控中] 当前最高GPU占用: 97%
[Wed Jan 14 02:29:25 CST 2026] [监控中] 等待 30 秒...
[Wed Jan 14 02:29:55 CST 2026] [监控中] 当前最高GPU占用: 69%
[Wed Jan 14 02:29:55 CST 2026] [监控中] 等待 30 秒...
[Wed Jan 14 02:30:25 CST 2026] [监控中] 当前最高GPU占用: 94%
[Wed Jan 14 02:30:25 CST 2026] [监控中] 等待 30 秒...
[Wed Jan 14 02:30:55 CST 2026] [监控中] 当前最高GPU占用: 98%
[Wed Jan 14 02:30:55 CST 2026] [监控中] 等待 30 秒...
[Wed Jan 14 02:31:26 CST 2026] [监控中] 当前最高GPU占用: 100%
[Wed Jan 14 02:31:26 CST 2026] [监控中] 等待 30 秒...
[Wed Jan 14 02:31:56 CST 2026] [监控中] 当前最高GPU占用: 100%
[Wed Jan 14 02:31:56 CST 2026] [监控中] 等待 30 秒...
[Wed Jan 14 02:32:26 CST 2026] [监控中] 当前最高GPU占用: 97%
[Wed Jan 14 02:32:26 CST 2026] [监控中] 等待 30 秒...
[Wed Jan 14 02:32:56 CST 2026] [监控中] 当前最高GPU占用: 68%
[Wed Jan 14 02:32:56 CST 2026] [监控中] 等待 30 秒...
[Wed Jan 14 02:33:26 CST 2026] [监控中] 当前最高GPU占用: 64%
[Wed Jan 14 02:33:26 CST 2026] [监控中] 等待 30 秒...
[Wed Jan 14 02:33:56 CST 2026] [监控中] 当前最高GPU占用: 82%
[Wed Jan 14 02:33:56 CST 2026] [监控中] 等待 30 秒...
[Wed Jan 14 02:34:26 CST 2026] [监控中] 当前最高GPU占用: 67%
[Wed Jan 14 02:34:26 CST 2026] [监控中] 等待 30 秒...
[Wed Jan 14 02:34:56 CST 2026] [监控中] 当前最高GPU占用: 95%
[Wed Jan 14 02:34:56 CST 2026] [监控中] 等待 30 秒...
[Wed Jan 14 02:35:26 CST 2026] [监控中] 当前最高GPU占用: 91%
[Wed Jan 14 02:35:26 CST 2026] [监控中] 等待 30 秒...
[Wed Jan 14 02:35:56 CST 2026] [监控中] 当前最高GPU占用: 86%
[Wed Jan 14 02:35:56 CST 2026] [监控中] 等待 30 秒...
[Wed Jan 14 02:36:27 CST 2026] [监控中] 当前最高GPU占用: 63%
[Wed Jan 14 02:36:27 CST 2026] [监控中] 等待 30 秒...
[Wed Jan 14 02:36:57 CST 2026] [监控中] 当前最高GPU占用: 78%
[Wed Jan 14 02:36:57 CST 2026] [监控中] 等待 30 秒...
[Wed Jan 14 02:37:27 CST 2026] [监控中] 当前最高GPU占用: 100%
[Wed Jan 14 02:37:27 CST 2026] [监控中] 等待 30 秒...
[Wed Jan 14 02:37:57 CST 2026] [监控中] 当前最高GPU占用: 73%
[Wed Jan 14 02:37:57 CST 2026] [监控中] 等待 30 秒...
[Wed Jan 14 02:38:27 CST 2026] [监控中] 当前最高GPU占用: 94%
[Wed Jan 14 02:38:27 CST 2026] [监控中] 等待 30 秒...
[Wed Jan 14 02:38:57 CST 2026] [监控中] 当前最高GPU占用: 64%
[Wed Jan 14 02:38:57 CST 2026] [监控中] 等待 30 秒...
[Wed Jan 14 02:39:27 CST 2026] [监控中] 当前最高GPU占用: 95%
[Wed Jan 14 02:39:27 CST 2026] [监控中] 等待 30 秒...
[Wed Jan 14 02:39:57 CST 2026] [监控中] 当前最高GPU占用: 94%
[Wed Jan 14 02:39:57 CST 2026] [监控中] 等待 30 秒...
[Wed Jan 14 02:40:27 CST 2026] [监控中] 当前最高GPU占用: 69%
[Wed Jan 14 02:40:27 CST 2026] [监控中] 等待 30 秒...
[Wed Jan 14 02:40:57 CST 2026] [监控中] 当前最高GPU占用: 71%
[Wed Jan 14 02:40:57 CST 2026] [监控中] 等待 30 秒...
[Wed Jan 14 02:41:28 CST 2026] [监控中] 当前最高GPU占用: 76%
[Wed Jan 14 02:41:28 CST 2026] [监控中] 等待 30 秒...
[Wed Jan 14 02:41:58 CST 2026] [监控中] 当前最高GPU占用: 100%
[Wed Jan 14 02:41:58 CST 2026] [监控中] 等待 30 秒...
[Wed Jan 14 02:42:28 CST 2026] [监控中] 当前最高GPU占用: 100%
[Wed Jan 14 02:42:28 CST 2026] [监控中] 等待 30 秒...
[Wed Jan 14 02:42:58 CST 2026] [监控中] 当前最高GPU占用: 66%
[Wed Jan 14 02:42:58 CST 2026] [监控中] 等待 30 秒...
[Wed Jan 14 02:43:28 CST 2026] [监控中] 当前最高GPU占用: 69%
[Wed Jan 14 02:43:28 CST 2026] [监控中] 等待 30 秒...
[Wed Jan 14 02:43:58 CST 2026] [监控中] 当前最高GPU占用: 81%
[Wed Jan 14 02:43:58 CST 2026] [监控中] 等待 30 秒...
[Wed Jan 14 02:44:28 CST 2026] [监控中] 当前最高GPU占用: 97%
[Wed Jan 14 02:44:28 CST 2026] [监控中] 等待 30 秒...
[Wed Jan 14 02:44:58 CST 2026] [监控中] 当前最高GPU占用: 95%
[Wed Jan 14 02:44:58 CST 2026] [监控中] 等待 30 秒...
[Wed Jan 14 02:45:28 CST 2026] [监控中] 当前最高GPU占用: 95%
[Wed Jan 14 02:45:28 CST 2026] [监控中] 等待 30 秒...
[Wed Jan 14 02:45:59 CST 2026] [监控中] 当前最高GPU占用: 100%
[Wed Jan 14 02:45:59 CST 2026] [监控中] 等待 30 秒...
[Wed Jan 14 02:46:29 CST 2026] [监控中] 当前最高GPU占用: 95%
[Wed Jan 14 02:46:29 CST 2026] [监控中] 等待 30 秒...
[Wed Jan 14 02:46:59 CST 2026] [监控中] 当前最高GPU占用: 69%
[Wed Jan 14 02:46:59 CST 2026] [监控中] 等待 30 秒...
[Wed Jan 14 02:47:29 CST 2026] [监控中] 当前最高GPU占用: 87%
[Wed Jan 14 02:47:29 CST 2026] [监控中] 等待 30 秒...
[Wed Jan 14 02:47:59 CST 2026] [监控中] 当前最高GPU占用: 95%
[Wed Jan 14 02:47:59 CST 2026] [监控中] 等待 30 秒...
[Wed Jan 14 02:48:29 CST 2026] [监控中] 当前最高GPU占用: 95%
[Wed Jan 14 02:48:29 CST 2026] [监控中] 等待 30 秒...
[Wed Jan 14 02:48:59 CST 2026] [监控中] 当前最高GPU占用: 61%
[Wed Jan 14 02:48:59 CST 2026] [监控中] 等待 30 秒...
[Wed Jan 14 02:49:29 CST 2026] [监控中] 当前最高GPU占用: 95%
[Wed Jan 14 02:49:29 CST 2026] [监控中] 等待 30 秒...
[Wed Jan 14 02:49:59 CST 2026] [监控中] 当前最高GPU占用: 89%
[Wed Jan 14 02:49:59 CST 2026] [监控中] 等待 30 秒...
[Wed Jan 14 02:50:29 CST 2026] [监控中] 当前最高GPU占用: 65%
[Wed Jan 14 02:50:29 CST 2026] [监控中] 等待 30 秒...
[Wed Jan 14 02:50:59 CST 2026] [监控中] 当前最高GPU占用: 95%
[Wed Jan 14 02:50:59 CST 2026] [监控中] 等待 30 秒...
[Wed Jan 14 02:51:30 CST 2026] [监控中] 当前最高GPU占用: 94%
[Wed Jan 14 02:51:30 CST 2026] [监控中] 等待 30 秒...
[Wed Jan 14 02:52:00 CST 2026] [监控中] 当前最高GPU占用: 62%
[Wed Jan 14 02:52:00 CST 2026] [监控中] 等待 30 秒...
[Wed Jan 14 02:52:30 CST 2026] [监控中] 当前最高GPU占用: 100%
[Wed Jan 14 02:52:30 CST 2026] [监控中] 等待 30 秒...
[Wed Jan 14 02:53:00 CST 2026] [监控中] 当前最高GPU占用: 100%
[Wed Jan 14 02:53:00 CST 2026] [监控中] 等待 30 秒...
[Wed Jan 14 02:53:30 CST 2026] [监控中] 当前最高GPU占用: 95%
[Wed Jan 14 02:53:30 CST 2026] [监控中] 等待 30 秒...
[Wed Jan 14 02:54:00 CST 2026] [监控中] 当前最高GPU占用: 95%
[Wed Jan 14 02:54:00 CST 2026] [监控中] 等待 30 秒...
[Wed Jan 14 02:54:30 CST 2026] [监控中] 当前最高GPU占用: 100%
[Wed Jan 14 02:54:30 CST 2026] [监控中] 等待 30 秒...
[Wed Jan 14 02:55:00 CST 2026] [监控中] 当前最高GPU占用: 70%
[Wed Jan 14 02:55:00 CST 2026] [监控中] 等待 30 秒...
[Wed Jan 14 02:55:30 CST 2026] [监控中] 当前最高GPU占用: 76%
[Wed Jan 14 02:55:30 CST 2026] [监控中] 等待 30 秒...
[Wed Jan 14 02:56:00 CST 2026] [监控中] 当前最高GPU占用: 100%
[Wed Jan 14 02:56:00 CST 2026] [监控中] 等待 30 秒...
[Wed Jan 14 02:56:30 CST 2026] [监控中] 当前最高GPU占用: 76%
[Wed Jan 14 02:56:30 CST 2026] [监控中] 等待 30 秒...
[Wed Jan 14 02:57:00 CST 2026] [监控中] 当前最高GPU占用: 100%
[Wed Jan 14 02:57:00 CST 2026] [监控中] 等待 30 秒...
[Wed Jan 14 02:57:30 CST 2026] [监控中] 当前最高GPU占用: 100%
[Wed Jan 14 02:57:30 CST 2026] [监控中] 等待 30 秒...
[Wed Jan 14 02:58:00 CST 2026] [监控中] 当前最高GPU占用: 75%
[Wed Jan 14 02:58:00 CST 2026] [监控中] 等待 30 秒...
[Wed Jan 14 02:58:31 CST 2026] [监控中] 当前最高GPU占用: 92%
[Wed Jan 14 02:58:31 CST 2026] [监控中] 等待 30 秒...
[Wed Jan 14 02:59:01 CST 2026] [监控中] 当前最高GPU占用: 78%
[Wed Jan 14 02:59:01 CST 2026] [监控中] 等待 30 秒...
[Wed Jan 14 02:59:31 CST 2026] [监控中] 当前最高GPU占用: 69%
[Wed Jan 14 02:59:31 CST 2026] [监控中] 等待 30 秒...
[Wed Jan 14 03:00:01 CST 2026] [监控中] 当前最高GPU占用: 71%
[Wed Jan 14 03:00:01 CST 2026] [监控中] 等待 30 秒...
[Wed Jan 14 03:00:31 CST 2026] [监控中] 当前最高GPU占用: 80%
[Wed Jan 14 03:00:31 CST 2026] [监控中] 等待 30 秒...
[Wed Jan 14 03:01:01 CST 2026] [监控中] 当前最高GPU占用: 94%
[Wed Jan 14 03:01:01 CST 2026] [监控中] 等待 30 秒...
[Wed Jan 14 03:01:31 CST 2026] [监控中] 当前最高GPU占用: 84%
[Wed Jan 14 03:01:31 CST 2026] [监控中] 等待 30 秒...
[Wed Jan 14 03:02:01 CST 2026] [监控中] 当前最高GPU占用: 100%
[Wed Jan 14 03:02:01 CST 2026] [监控中] 等待 30 秒...
[Wed Jan 14 03:02:31 CST 2026] [监控中] 当前最高GPU占用: 95%
[Wed Jan 14 03:02:31 CST 2026] [监控中] 等待 30 秒...
[Wed Jan 14 03:03:01 CST 2026] [监控中] 当前最高GPU占用: 72%
[Wed Jan 14 03:03:01 CST 2026] [监控中] 等待 30 秒...
[Wed Jan 14 03:03:32 CST 2026] [监控中] 当前最高GPU占用: 100%
[Wed Jan 14 03:03:32 CST 2026] [监控中] 等待 30 秒...
[Wed Jan 14 03:04:02 CST 2026] [监控中] 当前最高GPU占用: 93%
[Wed Jan 14 03:04:02 CST 2026] [监控中] 等待 30 秒...
[Wed Jan 14 03:04:32 CST 2026] [监控中] 当前最高GPU占用: 100%
[Wed Jan 14 03:04:32 CST 2026] [监控中] 等待 30 秒...
[Wed Jan 14 03:05:02 CST 2026] [监控中] 当前最高GPU占用: 67%
[Wed Jan 14 03:05:02 CST 2026] [监控中] 等待 30 秒...
[Wed Jan 14 03:05:32 CST 2026] [监控中] 当前最高GPU占用: 100%
[Wed Jan 14 03:05:32 CST 2026] [监控中] 等待 30 秒...
[Wed Jan 14 03:06:02 CST 2026] [监控中] 当前最高GPU占用: 91%
[Wed Jan 14 03:06:02 CST 2026] [监控中] 等待 30 秒...
[Wed Jan 14 03:06:32 CST 2026] [监控中] 当前最高GPU占用: 84%
[Wed Jan 14 03:06:32 CST 2026] [监控中] 等待 30 秒...
[Wed Jan 14 03:07:02 CST 2026] [监控中] 当前最高GPU占用: 68%
[Wed Jan 14 03:07:02 CST 2026] [监控中] 等待 30 秒...
[Wed Jan 14 03:07:32 CST 2026] [监控中] 当前最高GPU占用: 95%
[Wed Jan 14 03:07:32 CST 2026] [监控中] 等待 30 秒...
[Wed Jan 14 03:08:02 CST 2026] [监控中] 当前最高GPU占用: 78%
[Wed Jan 14 03:08:02 CST 2026] [监控中] 等待 30 秒...
[Wed Jan 14 03:08:33 CST 2026] [监控中] 当前最高GPU占用: 61%
[Wed Jan 14 03:08:33 CST 2026] [监控中] 等待 30 秒...
[Wed Jan 14 03:09:03 CST 2026] [监控中] 当前最高GPU占用: 63%
[Wed Jan 14 03:09:03 CST 2026] [监控中] 等待 30 秒...
[Wed Jan 14 03:09:33 CST 2026] [监控中] 当前最高GPU占用: 97%
[Wed Jan 14 03:09:33 CST 2026] [监控中] 等待 30 秒...
[Wed Jan 14 03:10:03 CST 2026] [监控中] 当前最高GPU占用: 100%
[Wed Jan 14 03:10:03 CST 2026] [监控中] 等待 30 秒...
[Wed Jan 14 03:10:33 CST 2026] [监控中] 当前最高GPU占用: 78%
[Wed Jan 14 03:10:33 CST 2026] [监控中] 等待 30 秒...
[Wed Jan 14 03:11:03 CST 2026] [监控中] 当前最高GPU占用: 63%
[Wed Jan 14 03:11:03 CST 2026] [监控中] 等待 30 秒...
[Wed Jan 14 03:11:33 CST 2026] [监控中] 当前最高GPU占用: 100%
[Wed Jan 14 03:11:33 CST 2026] [监控中] 等待 30 秒...
[Wed Jan 14 03:12:03 CST 2026] [监控中] 当前最高GPU占用: 93%
[Wed Jan 14 03:12:03 CST 2026] [监控中] 等待 30 秒...
[Wed Jan 14 03:12:33 CST 2026] [监控中] 当前最高GPU占用: 95%
[Wed Jan 14 03:12:33 CST 2026] [监控中] 等待 30 秒...
[Wed Jan 14 03:13:03 CST 2026] [监控中] 当前最高GPU占用: 93%
[Wed Jan 14 03:13:03 CST 2026] [监控中] 等待 30 秒...
[Wed Jan 14 03:13:34 CST 2026] [监控中] 当前最高GPU占用: 67%
[Wed Jan 14 03:13:34 CST 2026] [监控中] 等待 30 秒...
[Wed Jan 14 03:14:04 CST 2026] [监控中] 当前最高GPU占用: 87%
[Wed Jan 14 03:14:04 CST 2026] [监控中] 等待 30 秒...
[Wed Jan 14 03:14:34 CST 2026] [监控中] 当前最高GPU占用: 73%
[Wed Jan 14 03:14:34 CST 2026] [监控中] 等待 30 秒...
[Wed Jan 14 03:15:04 CST 2026] [监控中] 当前最高GPU占用: 99%
[Wed Jan 14 03:15:04 CST 2026] [监控中] 等待 30 秒...
[Wed Jan 14 03:15:34 CST 2026] [监控中] 当前最高GPU占用: 94%
[Wed Jan 14 03:15:34 CST 2026] [监控中] 等待 30 秒...
[Wed Jan 14 03:16:04 CST 2026] [监控中] 当前最高GPU占用: 100%
[Wed Jan 14 03:16:04 CST 2026] [监控中] 等待 30 秒...
[Wed Jan 14 03:16:34 CST 2026] [监控中] 当前最高GPU占用: 94%
[Wed Jan 14 03:16:34 CST 2026] [监控中] 等待 30 秒...
[Wed Jan 14 03:17:04 CST 2026] [监控中] 当前最高GPU占用: 64%
[Wed Jan 14 03:17:04 CST 2026] [监控中] 等待 30 秒...
[Wed Jan 14 03:17:34 CST 2026] [监控中] 当前最高GPU占用: 95%
[Wed Jan 14 03:17:34 CST 2026] [监控中] 等待 30 秒...
[Wed Jan 14 03:18:04 CST 2026] [监控中] 当前最高GPU占用: 66%
[Wed Jan 14 03:18:04 CST 2026] [监控中] 等待 30 秒...
[Wed Jan 14 03:18:34 CST 2026] [监控中] 当前最高GPU占用: 78%
[Wed Jan 14 03:18:34 CST 2026] [监控中] 等待 30 秒...
[Wed Jan 14 03:19:05 CST 2026] [监控中] 当前最高GPU占用: 98%
[Wed Jan 14 03:19:05 CST 2026] [监控中] 等待 30 秒...
[Wed Jan 14 03:19:35 CST 2026] [监控中] 当前最高GPU占用: 80%
[Wed Jan 14 03:19:35 CST 2026] [监控中] 等待 30 秒...
[Wed Jan 14 03:20:05 CST 2026] [监控中] 当前最高GPU占用: 65%
[Wed Jan 14 03:20:05 CST 2026] [监控中] 等待 30 秒...
[Wed Jan 14 03:20:35 CST 2026] [监控中] 当前最高GPU占用: 68%
[Wed Jan 14 03:20:35 CST 2026] [监控中] 等待 30 秒...
[Wed Jan 14 03:21:05 CST 2026] [监控中] 当前最高GPU占用: 98%
[Wed Jan 14 03:21:05 CST 2026] [监控中] 等待 30 秒...
[Wed Jan 14 03:21:35 CST 2026] [监控中] 当前最高GPU占用: 78%
[Wed Jan 14 03:21:35 CST 2026] [监控中] 等待 30 秒...
[Wed Jan 14 03:22:05 CST 2026] [监控中] 当前最高GPU占用: 94%
[Wed Jan 14 03:22:05 CST 2026] [监控中] 等待 30 秒...
[Wed Jan 14 03:22:35 CST 2026] [监控中] 当前最高GPU占用: 89%
[Wed Jan 14 03:22:35 CST 2026] [监控中] 等待 30 秒...
[Wed Jan 14 03:23:05 CST 2026] [监控中] 当前最高GPU占用: 85%
[Wed Jan 14 03:23:05 CST 2026] [监控中] 等待 30 秒...
[Wed Jan 14 03:23:35 CST 2026] [监控中] 当前最高GPU占用: 94%
[Wed Jan 14 03:23:35 CST 2026] [监控中] 等待 30 秒...
[Wed Jan 14 03:24:05 CST 2026] [监控中] 当前最高GPU占用: 87%
[Wed Jan 14 03:24:05 CST 2026] [监控中] 等待 30 秒...
[Wed Jan 14 03:24:35 CST 2026] [监控中] 当前最高GPU占用: 95%
[Wed Jan 14 03:24:35 CST 2026] [监控中] 等待 30 秒...
[Wed Jan 14 03:25:06 CST 2026] [监控中] 当前最高GPU占用: 95%
[Wed Jan 14 03:25:06 CST 2026] [监控中] 等待 30 秒...
[Wed Jan 14 03:25:36 CST 2026] [监控中] 当前最高GPU占用: 68%
[Wed Jan 14 03:25:36 CST 2026] [监控中] 等待 30 秒...
[Wed Jan 14 03:26:06 CST 2026] [监控中] 当前最高GPU占用: 72%
[Wed Jan 14 03:26:06 CST 2026] [监控中] 等待 30 秒...
[Wed Jan 14 03:26:36 CST 2026] [监控中] 当前最高GPU占用: 94%
[Wed Jan 14 03:26:36 CST 2026] [监控中] 等待 30 秒...
[Wed Jan 14 03:27:06 CST 2026] [监控中] 当前最高GPU占用: 100%
[Wed Jan 14 03:27:06 CST 2026] [监控中] 等待 30 秒...
[Wed Jan 14 03:27:36 CST 2026] [监控中] 当前最高GPU占用: 100%
[Wed Jan 14 03:27:36 CST 2026] [监控中] 等待 30 秒...
[Wed Jan 14 03:28:06 CST 2026] [监控中] 当前最高GPU占用: 95%
[Wed Jan 14 03:28:06 CST 2026] [监控中] 等待 30 秒...
[Wed Jan 14 03:28:36 CST 2026] [监控中] 当前最高GPU占用: 67%
[Wed Jan 14 03:28:36 CST 2026] [监控中] 等待 30 秒...
[Wed Jan 14 03:29:06 CST 2026] [监控中] 当前最高GPU占用: 79%
[Wed Jan 14 03:29:06 CST 2026] [监控中] 等待 30 秒...
[Wed Jan 14 03:29:36 CST 2026] [监控中] 当前最高GPU占用: 64%
[Wed Jan 14 03:29:36 CST 2026] [监控中] 等待 30 秒...
[Wed Jan 14 03:30:07 CST 2026] [监控中] 当前最高GPU占用: 73%
[Wed Jan 14 03:30:07 CST 2026] [监控中] 等待 30 秒...
[Wed Jan 14 03:30:37 CST 2026] [监控中] 当前最高GPU占用: 100%
[Wed Jan 14 03:30:37 CST 2026] [监控中] 等待 30 秒...
[Wed Jan 14 03:31:07 CST 2026] [监控中] 当前最高GPU占用: 95%
[Wed Jan 14 03:31:07 CST 2026] [监控中] 等待 30 秒...
[Wed Jan 14 03:31:37 CST 2026] [监控中] 当前最高GPU占用: 100%
[Wed Jan 14 03:31:37 CST 2026] [监控中] 等待 30 秒...
[Wed Jan 14 03:32:07 CST 2026] [监控中] 当前最高GPU占用: 95%
[Wed Jan 14 03:32:07 CST 2026] [监控中] 等待 30 秒...
[Wed Jan 14 03:32:37 CST 2026] [监控中] 当前最高GPU占用: 97%
[Wed Jan 14 03:32:37 CST 2026] [监控中] 等待 30 秒...
[Wed Jan 14 03:33:07 CST 2026] [监控中] 当前最高GPU占用: 94%
[Wed Jan 14 03:33:07 CST 2026] [监控中] 等待 30 秒...
[Wed Jan 14 03:33:37 CST 2026] [监控中] 当前最高GPU占用: 100%
[Wed Jan 14 03:33:37 CST 2026] [监控中] 等待 30 秒...
[Wed Jan 14 03:34:07 CST 2026] [监控中] 当前最高GPU占用: 100%
[Wed Jan 14 03:34:07 CST 2026] [监控中] 等待 30 秒...
[Wed Jan 14 03:34:37 CST 2026] [监控中] 当前最高GPU占用: 100%
[Wed Jan 14 03:34:37 CST 2026] [监控中] 等待 30 秒...
[Wed Jan 14 03:35:08 CST 2026] [监控中] 当前最高GPU占用: 95%
[Wed Jan 14 03:35:08 CST 2026] [监控中] 等待 30 秒...
[Wed Jan 14 03:35:38 CST 2026] [监控中] 当前最高GPU占用: 95%
[Wed Jan 14 03:35:38 CST 2026] [监控中] 等待 30 秒...
[Wed Jan 14 03:36:08 CST 2026] [监控中] 当前最高GPU占用: 92%
[Wed Jan 14 03:36:08 CST 2026] [监控中] 等待 30 秒...
[Wed Jan 14 03:36:38 CST 2026] [监控中] 当前最高GPU占用: 99%
[Wed Jan 14 03:36:38 CST 2026] [监控中] 等待 30 秒...
[Wed Jan 14 03:37:08 CST 2026] [监控中] 当前最高GPU占用: 81%
[Wed Jan 14 03:37:08 CST 2026] [监控中] 等待 30 秒...
[Wed Jan 14 03:37:38 CST 2026] [监控中] 当前最高GPU占用: 100%
[Wed Jan 14 03:37:38 CST 2026] [监控中] 等待 30 秒...
[Wed Jan 14 03:38:08 CST 2026] [监控中] 当前最高GPU占用: 80%
[Wed Jan 14 03:38:08 CST 2026] [监控中] 等待 30 秒...
[Wed Jan 14 03:38:38 CST 2026] [监控中] 当前最高GPU占用: 100%
[Wed Jan 14 03:38:38 CST 2026] [监控中] 等待 30 秒...
[Wed Jan 14 03:39:08 CST 2026] [监控中] 当前最高GPU占用: 100%
[Wed Jan 14 03:39:08 CST 2026] [监控中] 等待 30 秒...
[Wed Jan 14 03:39:39 CST 2026] [监控中] 当前最高GPU占用: 100%
[Wed Jan 14 03:39:39 CST 2026] [监控中] 等待 30 秒...
[Wed Jan 14 03:40:09 CST 2026] [监控中] 当前最高GPU占用: 100%
[Wed Jan 14 03:40:09 CST 2026] [监控中] 等待 30 秒...
[Wed Jan 14 03:40:39 CST 2026] [监控中] 当前最高GPU占用: 69%
[Wed Jan 14 03:40:39 CST 2026] [监控中] 等待 30 秒...
[Wed Jan 14 03:41:09 CST 2026] [监控中] 当前最高GPU占用: 98%
[Wed Jan 14 03:41:09 CST 2026] [监控中] 等待 30 秒...
[Wed Jan 14 03:41:39 CST 2026] [监控中] 当前最高GPU占用: 100%
[Wed Jan 14 03:41:39 CST 2026] [监控中] 等待 30 秒...
[Wed Jan 14 03:42:09 CST 2026] [监控中] 当前最高GPU占用: 100%
[Wed Jan 14 03:42:09 CST 2026] [监控中] 等待 30 秒...
[Wed Jan 14 03:42:39 CST 2026] [监控中] 当前最高GPU占用: 95%
[Wed Jan 14 03:42:39 CST 2026] [监控中] 等待 30 秒...
[Wed Jan 14 03:43:09 CST 2026] [监控中] 当前最高GPU占用: 100%
[Wed Jan 14 03:43:09 CST 2026] [监控中] 等待 30 秒...
[Wed Jan 14 03:43:39 CST 2026] [监控中] 当前最高GPU占用: 65%
[Wed Jan 14 03:43:39 CST 2026] [监控中] 等待 30 秒...
[Wed Jan 14 03:44:09 CST 2026] [监控中] 当前最高GPU占用: 94%
[Wed Jan 14 03:44:09 CST 2026] [监控中] 等待 30 秒...
[Wed Jan 14 03:44:39 CST 2026] [监控中] 当前最高GPU占用: 68%
[Wed Jan 14 03:44:39 CST 2026] [监控中] 等待 30 秒...
[Wed Jan 14 03:45:10 CST 2026] [监控中] 当前最高GPU占用: 95%
[Wed Jan 14 03:45:10 CST 2026] [监控中] 等待 30 秒...
[Wed Jan 14 03:45:40 CST 2026] [监控中] 当前最高GPU占用: 79%
[Wed Jan 14 03:45:40 CST 2026] [监控中] 等待 30 秒...
[Wed Jan 14 03:46:10 CST 2026] [监控中] 当前最高GPU占用: 100%
[Wed Jan 14 03:46:10 CST 2026] [监控中] 等待 30 秒...
[Wed Jan 14 03:46:40 CST 2026] [监控中] 当前最高GPU占用: 94%
[Wed Jan 14 03:46:40 CST 2026] [监控中] 等待 30 秒...
[Wed Jan 14 03:47:10 CST 2026] [监控中] 当前最高GPU占用: 66%
[Wed Jan 14 03:47:10 CST 2026] [监控中] 等待 30 秒...
[Wed Jan 14 03:47:40 CST 2026] [监控中] 当前最高GPU占用: 96%
[Wed Jan 14 03:47:40 CST 2026] [监控中] 等待 30 秒...
[Wed Jan 14 03:48:10 CST 2026] [监控中] 当前最高GPU占用: 85%
[Wed Jan 14 03:48:10 CST 2026] [监控中] 等待 30 秒...
[Wed Jan 14 03:48:40 CST 2026] [监控中] 当前最高GPU占用: 96%
[Wed Jan 14 03:48:40 CST 2026] [监控中] 等待 30 秒...
[Wed Jan 14 03:49:10 CST 2026] [监控中] 当前最高GPU占用: 98%
[Wed Jan 14 03:49:10 CST 2026] [监控中] 等待 30 秒...
[Wed Jan 14 03:49:40 CST 2026] [监控中] 当前最高GPU占用: 68%
[Wed Jan 14 03:49:40 CST 2026] [监控中] 等待 30 秒...
[Wed Jan 14 03:50:10 CST 2026] [监控中] 当前最高GPU占用: 95%
[Wed Jan 14 03:50:10 CST 2026] [监控中] 等待 30 秒...
[Wed Jan 14 03:50:41 CST 2026] [监控中] 当前最高GPU占用: 95%
[Wed Jan 14 03:50:41 CST 2026] [监控中] 等待 30 秒...
[Wed Jan 14 03:51:11 CST 2026] [监控中] 当前最高GPU占用: 82%
[Wed Jan 14 03:51:11 CST 2026] [监控中] 等待 30 秒...
[Wed Jan 14 03:51:41 CST 2026] [监控中] 当前最高GPU占用: 95%
[Wed Jan 14 03:51:41 CST 2026] [监控中] 等待 30 秒...
[Wed Jan 14 03:52:11 CST 2026] [监控中] 当前最高GPU占用: 89%
[Wed Jan 14 03:52:11 CST 2026] [监控中] 等待 30 秒...
[Wed Jan 14 03:52:41 CST 2026] [监控中] 当前最高GPU占用: 81%
[Wed Jan 14 03:52:41 CST 2026] [监控中] 等待 30 秒...
[Wed Jan 14 03:53:11 CST 2026] [监控中] 当前最高GPU占用: 66%
[Wed Jan 14 03:53:11 CST 2026] [监控中] 等待 30 秒...
[Wed Jan 14 03:53:41 CST 2026] [监控中] 当前最高GPU占用: 100%
[Wed Jan 14 03:53:41 CST 2026] [监控中] 等待 30 秒...
[Wed Jan 14 03:54:11 CST 2026] [监控中] 当前最高GPU占用: 67%
[Wed Jan 14 03:54:11 CST 2026] [监控中] 等待 30 秒...
[Wed Jan 14 03:54:41 CST 2026] [监控中] 当前最高GPU占用: 95%
[Wed Jan 14 03:54:41 CST 2026] [监控中] 等待 30 秒...
[Wed Jan 14 03:55:11 CST 2026] [监控中] 当前最高GPU占用: 92%
[Wed Jan 14 03:55:11 CST 2026] [监控中] 等待 30 秒...
[Wed Jan 14 03:55:42 CST 2026] [监控中] 当前最高GPU占用: 95%
[Wed Jan 14 03:55:42 CST 2026] [监控中] 等待 30 秒...
[Wed Jan 14 03:56:12 CST 2026] [监控中] 当前最高GPU占用: 94%
[Wed Jan 14 03:56:12 CST 2026] [监控中] 等待 30 秒...
[Wed Jan 14 03:56:42 CST 2026] [监控中] 当前最高GPU占用: 100%
[Wed Jan 14 03:56:42 CST 2026] [监控中] 等待 30 秒...
[Wed Jan 14 03:57:12 CST 2026] [监控中] 当前最高GPU占用: 71%
[Wed Jan 14 03:57:12 CST 2026] [监控中] 等待 30 秒...
[Wed Jan 14 03:57:42 CST 2026] [监控中] 当前最高GPU占用: 95%
[Wed Jan 14 03:57:42 CST 2026] [监控中] 等待 30 秒...
[Wed Jan 14 03:58:12 CST 2026] [监控中] 当前最高GPU占用: 98%
[Wed Jan 14 03:58:12 CST 2026] [监控中] 等待 30 秒...
[Wed Jan 14 03:58:42 CST 2026] [监控中] 当前最高GPU占用: 68%
[Wed Jan 14 03:58:42 CST 2026] [监控中] 等待 30 秒...
[Wed Jan 14 03:59:12 CST 2026] [监控中] 当前最高GPU占用: 88%
[Wed Jan 14 03:59:12 CST 2026] [监控中] 等待 30 秒...
[Wed Jan 14 03:59:42 CST 2026] [监控中] 当前最高GPU占用: 100%
[Wed Jan 14 03:59:42 CST 2026] [监控中] 等待 30 秒...
[Wed Jan 14 04:00:12 CST 2026] [监控中] 当前最高GPU占用: 90%
[Wed Jan 14 04:00:12 CST 2026] [监控中] 等待 30 秒...
[Wed Jan 14 04:00:43 CST 2026] [监控中] 当前最高GPU占用: 69%
[Wed Jan 14 04:00:43 CST 2026] [监控中] 等待 30 秒...
[Wed Jan 14 04:01:13 CST 2026] [监控中] 当前最高GPU占用: 95%
[Wed Jan 14 04:01:13 CST 2026] [监控中] 等待 30 秒...
[Wed Jan 14 04:01:43 CST 2026] [监控中] 当前最高GPU占用: 100%
[Wed Jan 14 04:01:43 CST 2026] [监控中] 等待 30 秒...
[Wed Jan 14 04:02:13 CST 2026] [监控中] 当前最高GPU占用: 100%
[Wed Jan 14 04:02:13 CST 2026] [监控中] 等待 30 秒...
[Wed Jan 14 04:02:43 CST 2026] [监控中] 当前最高GPU占用: 78%
[Wed Jan 14 04:02:43 CST 2026] [监控中] 等待 30 秒...
[Wed Jan 14 04:03:13 CST 2026] [监控中] 当前最高GPU占用: 70%
[Wed Jan 14 04:03:13 CST 2026] [监控中] 等待 30 秒...
[Wed Jan 14 04:03:43 CST 2026] [监控中] 当前最高GPU占用: 95%
[Wed Jan 14 04:03:43 CST 2026] [监控中] 等待 30 秒...
[Wed Jan 14 04:04:13 CST 2026] [监控中] 当前最高GPU占用: 100%
[Wed Jan 14 04:04:13 CST 2026] [监控中] 等待 30 秒...
[Wed Jan 14 04:04:43 CST 2026] [监控中] 当前最高GPU占用: 98%
[Wed Jan 14 04:04:43 CST 2026] [监控中] 等待 30 秒...
[Wed Jan 14 04:05:13 CST 2026] [监控中] 当前最高GPU占用: 63%
[Wed Jan 14 04:05:13 CST 2026] [监控中] 等待 30 秒...
[Wed Jan 14 04:05:43 CST 2026] [监控中] 当前最高GPU占用: 91%
[Wed Jan 14 04:05:43 CST 2026] [监控中] 等待 30 秒...
[Wed Jan 14 04:06:14 CST 2026] [监控中] 当前最高GPU占用: 68%
[Wed Jan 14 04:06:14 CST 2026] [监控中] 等待 30 秒...
[Wed Jan 14 04:06:44 CST 2026] [监控中] 当前最高GPU占用: 99%
[Wed Jan 14 04:06:44 CST 2026] [监控中] 等待 30 秒...
[Wed Jan 14 04:07:14 CST 2026] [监控中] 当前最高GPU占用: 100%
[Wed Jan 14 04:07:14 CST 2026] [监控中] 等待 30 秒...
[Wed Jan 14 04:07:44 CST 2026] [监控中] 当前最高GPU占用: 66%
[Wed Jan 14 04:07:44 CST 2026] [监控中] 等待 30 秒...
[Wed Jan 14 04:08:14 CST 2026] [监控中] 当前最高GPU占用: 95%
[Wed Jan 14 04:08:14 CST 2026] [监控中] 等待 30 秒...
[Wed Jan 14 04:08:44 CST 2026] [监控中] 当前最高GPU占用: 64%
[Wed Jan 14 04:08:44 CST 2026] [监控中] 等待 30 秒...
[Wed Jan 14 04:09:14 CST 2026] [监控中] 当前最高GPU占用: 100%
[Wed Jan 14 04:09:14 CST 2026] [监控中] 等待 30 秒...
[Wed Jan 14 04:09:44 CST 2026] [监控中] 当前最高GPU占用: 97%
[Wed Jan 14 04:09:44 CST 2026] [监控中] 等待 30 秒...
[Wed Jan 14 04:10:14 CST 2026] [监控中] 当前最高GPU占用: 99%
[Wed Jan 14 04:10:14 CST 2026] [监控中] 等待 30 秒...
[Wed Jan 14 04:10:44 CST 2026] [监控中] 当前最高GPU占用: 100%
[Wed Jan 14 04:10:44 CST 2026] [监控中] 等待 30 秒...
[Wed Jan 14 04:11:15 CST 2026] [监控中] 当前最高GPU占用: 95%
[Wed Jan 14 04:11:15 CST 2026] [监控中] 等待 30 秒...
[Wed Jan 14 04:11:45 CST 2026] [监控中] 当前最高GPU占用: 64%
[Wed Jan 14 04:11:45 CST 2026] [监控中] 等待 30 秒...
[Wed Jan 14 04:12:15 CST 2026] [监控中] 当前最高GPU占用: 100%
[Wed Jan 14 04:12:15 CST 2026] [监控中] 等待 30 秒...
[Wed Jan 14 04:12:45 CST 2026] [监控中] 当前最高GPU占用: 100%
[Wed Jan 14 04:12:45 CST 2026] [监控中] 等待 30 秒...
[Wed Jan 14 04:13:15 CST 2026] [监控中] 当前最高GPU占用: 100%
[Wed Jan 14 04:13:15 CST 2026] [监控中] 等待 30 秒...
[Wed Jan 14 04:13:45 CST 2026] [监控中] 当前最高GPU占用: 80%
[Wed Jan 14 04:13:45 CST 2026] [监控中] 等待 30 秒...
[Wed Jan 14 04:14:15 CST 2026] [监控中] 当前最高GPU占用: 68%
[Wed Jan 14 04:14:15 CST 2026] [监控中] 等待 30 秒...
[Wed Jan 14 04:14:45 CST 2026] [监控中] 当前最高GPU占用: 100%
[Wed Jan 14 04:14:45 CST 2026] [监控中] 等待 30 秒...
[Wed Jan 14 04:15:15 CST 2026] [监控中] 当前最高GPU占用: 60%
[Wed Jan 14 04:15:15 CST 2026] [监控中] 等待 30 秒...
[Wed Jan 14 04:15:45 CST 2026] [监控中] 当前最高GPU占用: 97%
[Wed Jan 14 04:15:45 CST 2026] [监控中] 等待 30 秒...
[Wed Jan 14 04:16:15 CST 2026] [监控中] 当前最高GPU占用: 100%
[Wed Jan 14 04:16:15 CST 2026] [监控中] 等待 30 秒...
[Wed Jan 14 04:16:45 CST 2026] [监控中] 当前最高GPU占用: 100%
[Wed Jan 14 04:16:45 CST 2026] [监控中] 等待 30 秒...
[Wed Jan 14 04:17:15 CST 2026] [监控中] 当前最高GPU占用: 95%
[Wed Jan 14 04:17:15 CST 2026] [监控中] 等待 30 秒...
[Wed Jan 14 04:17:46 CST 2026] [监控中] 当前最高GPU占用: 75%
[Wed Jan 14 04:17:46 CST 2026] [监控中] 等待 30 秒...
[Wed Jan 14 04:18:16 CST 2026] [监控中] 当前最高GPU占用: 67%
[Wed Jan 14 04:18:16 CST 2026] [监控中] 等待 30 秒...
[Wed Jan 14 04:18:46 CST 2026] [监控中] 当前最高GPU占用: 95%
[Wed Jan 14 04:18:46 CST 2026] [监控中] 等待 30 秒...
[Wed Jan 14 04:19:16 CST 2026] [监控中] 当前最高GPU占用: 95%
[Wed Jan 14 04:19:16 CST 2026] [监控中] 等待 30 秒...
[Wed Jan 14 04:19:46 CST 2026] [监控中] 当前最高GPU占用: 100%
[Wed Jan 14 04:19:46 CST 2026] [监控中] 等待 30 秒...
[Wed Jan 14 04:20:16 CST 2026] [监控中] 当前最高GPU占用: 100%
[Wed Jan 14 04:20:16 CST 2026] [监控中] 等待 30 秒...
[Wed Jan 14 04:20:46 CST 2026] [监控中] 当前最高GPU占用: 100%
[Wed Jan 14 04:20:46 CST 2026] [监控中] 等待 30 秒...
[Wed Jan 14 04:21:16 CST 2026] [监控中] 当前最高GPU占用: 100%
[Wed Jan 14 04:21:16 CST 2026] [监控中] 等待 30 秒...
[Wed Jan 14 04:21:46 CST 2026] [监控中] 当前最高GPU占用: 87%
[Wed Jan 14 04:21:46 CST 2026] [监控中] 等待 30 秒...
[Wed Jan 14 04:22:16 CST 2026] [监控中] 当前最高GPU占用: 68%
[Wed Jan 14 04:22:16 CST 2026] [监控中] 等待 30 秒...
[Wed Jan 14 04:22:47 CST 2026] [监控中] 当前最高GPU占用: 100%
[Wed Jan 14 04:22:47 CST 2026] [监控中] 等待 30 秒...
[Wed Jan 14 04:23:17 CST 2026] [监控中] 当前最高GPU占用: 78%
[Wed Jan 14 04:23:17 CST 2026] [监控中] 等待 30 秒...
[Wed Jan 14 04:23:47 CST 2026] [监控中] 当前最高GPU占用: 100%
[Wed Jan 14 04:23:47 CST 2026] [监控中] 等待 30 秒...
[Wed Jan 14 04:24:17 CST 2026] [监控中] 当前最高GPU占用: 100%
[Wed Jan 14 04:24:17 CST 2026] [监控中] 等待 30 秒...
[Wed Jan 14 04:24:47 CST 2026] [监控中] 当前最高GPU占用: 69%
[Wed Jan 14 04:24:47 CST 2026] [监控中] 等待 30 秒...
[Wed Jan 14 04:25:17 CST 2026] [监控中] 当前最高GPU占用: 100%
[Wed Jan 14 04:25:17 CST 2026] [监控中] 等待 30 秒...
[Wed Jan 14 04:25:47 CST 2026] [监控中] 当前最高GPU占用: 100%
[Wed Jan 14 04:25:47 CST 2026] [监控中] 等待 30 秒...
[Wed Jan 14 04:26:17 CST 2026] [监控中] 当前最高GPU占用: 73%
[Wed Jan 14 04:26:17 CST 2026] [监控中] 等待 30 秒...
[Wed Jan 14 04:26:47 CST 2026] [监控中] 当前最高GPU占用: 95%
[Wed Jan 14 04:26:47 CST 2026] [监控中] 等待 30 秒...
[Wed Jan 14 04:27:17 CST 2026] [监控中] 当前最高GPU占用: 95%
[Wed Jan 14 04:27:17 CST 2026] [监控中] 等待 30 秒...
[Wed Jan 14 04:27:47 CST 2026] [监控中] 当前最高GPU占用: 95%
[Wed Jan 14 04:27:47 CST 2026] [监控中] 等待 30 秒...
[Wed Jan 14 04:28:18 CST 2026] [监控中] 当前最高GPU占用: 100%
[Wed Jan 14 04:28:18 CST 2026] [监控中] 等待 30 秒...
[Wed Jan 14 04:28:48 CST 2026] [监控中] 当前最高GPU占用: 100%
[Wed Jan 14 04:28:48 CST 2026] [监控中] 等待 30 秒...
[Wed Jan 14 04:29:18 CST 2026] [监控中] 当前最高GPU占用: 66%
[Wed Jan 14 04:29:18 CST 2026] [监控中] 等待 30 秒...
[Wed Jan 14 04:29:48 CST 2026] [监控中] 当前最高GPU占用: 64%
[Wed Jan 14 04:29:48 CST 2026] [监控中] 等待 30 秒...
[Wed Jan 14 04:30:18 CST 2026] [监控中] 当前最高GPU占用: 85%
[Wed Jan 14 04:30:18 CST 2026] [监控中] 等待 30 秒...
[Wed Jan 14 04:30:48 CST 2026] [监控中] 当前最高GPU占用: 72%
[Wed Jan 14 04:30:48 CST 2026] [监控中] 等待 30 秒...
[Wed Jan 14 04:31:18 CST 2026] [监控中] 当前最高GPU占用: 93%
[Wed Jan 14 04:31:18 CST 2026] [监控中] 等待 30 秒...
[Wed Jan 14 04:31:48 CST 2026] [监控中] 当前最高GPU占用: 100%
[Wed Jan 14 04:31:48 CST 2026] [监控中] 等待 30 秒...
[Wed Jan 14 04:32:18 CST 2026] [监控中] 当前最高GPU占用: 67%
[Wed Jan 14 04:32:18 CST 2026] [监控中] 等待 30 秒...
[Wed Jan 14 04:32:49 CST 2026] [监控中] 当前最高GPU占用: 70%
[Wed Jan 14 04:32:49 CST 2026] [监控中] 等待 30 秒...
[Wed Jan 14 04:33:19 CST 2026] [监控中] 当前最高GPU占用: 68%
[Wed Jan 14 04:33:19 CST 2026] [监控中] 等待 30 秒...
[Wed Jan 14 04:33:49 CST 2026] [监控中] 当前最高GPU占用: 96%
[Wed Jan 14 04:33:49 CST 2026] [监控中] 等待 30 秒...
[Wed Jan 14 04:34:19 CST 2026] [监控中] 当前最高GPU占用: 96%
[Wed Jan 14 04:34:19 CST 2026] [监控中] 等待 30 秒...
[Wed Jan 14 04:34:49 CST 2026] [监控中] 当前最高GPU占用: 95%
[Wed Jan 14 04:34:49 CST 2026] [监控中] 等待 30 秒...
[Wed Jan 14 04:35:19 CST 2026] [监控中] 当前最高GPU占用: 71%
[Wed Jan 14 04:35:19 CST 2026] [监控中] 等待 30 秒...
[Wed Jan 14 04:35:49 CST 2026] [监控中] 当前最高GPU占用: 100%
[Wed Jan 14 04:35:49 CST 2026] [监控中] 等待 30 秒...
[Wed Jan 14 04:36:19 CST 2026] [监控中] 当前最高GPU占用: 95%
[Wed Jan 14 04:36:19 CST 2026] [监控中] 等待 30 秒...
[Wed Jan 14 04:36:49 CST 2026] [监控中] 当前最高GPU占用: 100%
[Wed Jan 14 04:36:49 CST 2026] [监控中] 等待 30 秒...
[Wed Jan 14 04:37:19 CST 2026] [监控中] 当前最高GPU占用: 100%
[Wed Jan 14 04:37:19 CST 2026] [监控中] 等待 30 秒...
[Wed Jan 14 04:37:50 CST 2026] [监控中] 当前最高GPU占用: 95%
[Wed Jan 14 04:37:50 CST 2026] [监控中] 等待 30 秒...
[Wed Jan 14 04:38:20 CST 2026] [监控中] 当前最高GPU占用: 95%
[Wed Jan 14 04:38:20 CST 2026] [监控中] 等待 30 秒...
[Wed Jan 14 04:38:50 CST 2026] [监控中] 当前最高GPU占用: 71%
[Wed Jan 14 04:38:50 CST 2026] [监控中] 等待 30 秒...
[Wed Jan 14 04:39:20 CST 2026] [监控中] 当前最高GPU占用: 67%
[Wed Jan 14 04:39:20 CST 2026] [监控中] 等待 30 秒...
[Wed Jan 14 04:39:50 CST 2026] [监控中] 当前最高GPU占用: 100%
[Wed Jan 14 04:39:50 CST 2026] [监控中] 等待 30 秒...
[Wed Jan 14 04:40:20 CST 2026] [监控中] 当前最高GPU占用: 94%
[Wed Jan 14 04:40:20 CST 2026] [监控中] 等待 30 秒...
[Wed Jan 14 04:40:50 CST 2026] [监控中] 当前最高GPU占用: 63%
[Wed Jan 14 04:40:50 CST 2026] [监控中] 等待 30 秒...
[Wed Jan 14 04:41:20 CST 2026] [监控中] 当前最高GPU占用: 95%
[Wed Jan 14 04:41:20 CST 2026] [监控中] 等待 30 秒...
[Wed Jan 14 04:41:50 CST 2026] [监控中] 当前最高GPU占用: 100%
[Wed Jan 14 04:41:50 CST 2026] [监控中] 等待 30 秒...
[Wed Jan 14 04:42:20 CST 2026] [监控中] 当前最高GPU占用: 63%
[Wed Jan 14 04:42:20 CST 2026] [监控中] 等待 30 秒...
[Wed Jan 14 04:42:50 CST 2026] [监控中] 当前最高GPU占用: 64%
[Wed Jan 14 04:42:50 CST 2026] [监控中] 等待 30 秒...
[Wed Jan 14 04:43:20 CST 2026] [监控中] 当前最高GPU占用: 95%
[Wed Jan 14 04:43:20 CST 2026] [监控中] 等待 30 秒...
[Wed Jan 14 04:43:50 CST 2026] [监控中] 当前最高GPU占用: 100%
[Wed Jan 14 04:43:50 CST 2026] [监控中] 等待 30 秒...
[Wed Jan 14 04:44:21 CST 2026] [监控中] 当前最高GPU占用: 100%
[Wed Jan 14 04:44:21 CST 2026] [监控中] 等待 30 秒...
[Wed Jan 14 04:44:51 CST 2026] [监控中] 当前最高GPU占用: 95%
[Wed Jan 14 04:44:51 CST 2026] [监控中] 等待 30 秒...
[Wed Jan 14 04:45:21 CST 2026] [监控中] 当前最高GPU占用: 85%
[Wed Jan 14 04:45:21 CST 2026] [监控中] 等待 30 秒...
[Wed Jan 14 04:45:51 CST 2026] [监控中] 当前最高GPU占用: 100%
[Wed Jan 14 04:45:51 CST 2026] [监控中] 等待 30 秒...
[Wed Jan 14 04:46:21 CST 2026] [监控中] 当前最高GPU占用: 64%
[Wed Jan 14 04:46:21 CST 2026] [监控中] 等待 30 秒...
[Wed Jan 14 04:46:51 CST 2026] [监控中] 当前最高GPU占用: 100%
[Wed Jan 14 04:46:51 CST 2026] [监控中] 等待 30 秒...
[Wed Jan 14 04:47:21 CST 2026] [监控中] 当前最高GPU占用: 94%
[Wed Jan 14 04:47:21 CST 2026] [监控中] 等待 30 秒...
[Wed Jan 14 04:47:51 CST 2026] [监控中] 当前最高GPU占用: 93%
[Wed Jan 14 04:47:51 CST 2026] [监控中] 等待 30 秒...
[Wed Jan 14 04:48:21 CST 2026] [监控中] 当前最高GPU占用: 63%
[Wed Jan 14 04:48:21 CST 2026] [监控中] 等待 30 秒...
[Wed Jan 14 04:48:51 CST 2026] [监控中] 当前最高GPU占用: 100%
[Wed Jan 14 04:48:51 CST 2026] [监控中] 等待 30 秒...
[Wed Jan 14 04:49:22 CST 2026] [监控中] 当前最高GPU占用: 67%
[Wed Jan 14 04:49:22 CST 2026] [监控中] 等待 30 秒...
[Wed Jan 14 04:49:52 CST 2026] [监控中] 当前最高GPU占用: 95%
[Wed Jan 14 04:49:52 CST 2026] [监控中] 等待 30 秒...
[Wed Jan 14 04:50:22 CST 2026] [监控中] 当前最高GPU占用: 95%
[Wed Jan 14 04:50:22 CST 2026] [监控中] 等待 30 秒...
[Wed Jan 14 04:50:52 CST 2026] [监控中] 当前最高GPU占用: 65%
[Wed Jan 14 04:50:52 CST 2026] [监控中] 等待 30 秒...
[Wed Jan 14 04:51:22 CST 2026] [监控中] 当前最高GPU占用: 100%
[Wed Jan 14 04:51:22 CST 2026] [监控中] 等待 30 秒...
[Wed Jan 14 04:51:52 CST 2026] [监控中] 当前最高GPU占用: 64%
[Wed Jan 14 04:51:52 CST 2026] [监控中] 等待 30 秒...
[Wed Jan 14 04:52:22 CST 2026] [监控中] 当前最高GPU占用: 100%
[Wed Jan 14 04:52:22 CST 2026] [监控中] 等待 30 秒...
[Wed Jan 14 04:52:52 CST 2026] [监控中] 当前最高GPU占用: 66%
[Wed Jan 14 04:52:52 CST 2026] [监控中] 等待 30 秒...
[Wed Jan 14 04:53:22 CST 2026] [监控中] 当前最高GPU占用: 95%
[Wed Jan 14 04:53:22 CST 2026] [监控中] 等待 30 秒...
[Wed Jan 14 04:53:52 CST 2026] [监控中] 当前最高GPU占用: 64%
[Wed Jan 14 04:53:52 CST 2026] [监控中] 等待 30 秒...
[Wed Jan 14 04:54:23 CST 2026] [监控中] 当前最高GPU占用: 89%
[Wed Jan 14 04:54:23 CST 2026] [监控中] 等待 30 秒...
[Wed Jan 14 04:54:53 CST 2026] [监控中] 当前最高GPU占用: 100%
[Wed Jan 14 04:54:53 CST 2026] [监控中] 等待 30 秒...
[Wed Jan 14 04:55:23 CST 2026] [监控中] 当前最高GPU占用: 70%
[Wed Jan 14 04:55:23 CST 2026] [监控中] 等待 30 秒...
[Wed Jan 14 04:55:53 CST 2026] [监控中] 当前最高GPU占用: 100%
[Wed Jan 14 04:55:53 CST 2026] [监控中] 等待 30 秒...
[Wed Jan 14 04:56:23 CST 2026] [监控中] 当前最高GPU占用: 73%
[Wed Jan 14 04:56:23 CST 2026] [监控中] 等待 30 秒...
[Wed Jan 14 04:56:53 CST 2026] [监控中] 当前最高GPU占用: 94%
[Wed Jan 14 04:56:53 CST 2026] [监控中] 等待 30 秒...
[Wed Jan 14 04:57:23 CST 2026] [监控中] 当前最高GPU占用: 95%
[Wed Jan 14 04:57:23 CST 2026] [监控中] 等待 30 秒...
[Wed Jan 14 04:57:53 CST 2026] [监控中] 当前最高GPU占用: 93%
[Wed Jan 14 04:57:53 CST 2026] [监控中] 等待 30 秒...
[Wed Jan 14 04:58:23 CST 2026] [监控中] 当前最高GPU占用: 95%
[Wed Jan 14 04:58:23 CST 2026] [监控中] 等待 30 秒...
[Wed Jan 14 04:58:53 CST 2026] [监控中] 当前最高GPU占用: 91%
[Wed Jan 14 04:58:53 CST 2026] [监控中] 等待 30 秒...
[Wed Jan 14 04:59:23 CST 2026] [监控中] 当前最高GPU占用: 100%
[Wed Jan 14 04:59:23 CST 2026] [监控中] 等待 30 秒...
[Wed Jan 14 04:59:54 CST 2026] [监控中] 当前最高GPU占用: 94%
[Wed Jan 14 04:59:54 CST 2026] [监控中] 等待 30 秒...
[Wed Jan 14 05:00:24 CST 2026] [监控中] 当前最高GPU占用: 65%
[Wed Jan 14 05:00:24 CST 2026] [监控中] 等待 30 秒...
[Wed Jan 14 05:00:54 CST 2026] [监控中] 当前最高GPU占用: 100%
[Wed Jan 14 05:00:54 CST 2026] [监控中] 等待 30 秒...
[Wed Jan 14 05:01:24 CST 2026] [监控中] 当前最高GPU占用: 95%
[Wed Jan 14 05:01:24 CST 2026] [监控中] 等待 30 秒...
[Wed Jan 14 05:01:54 CST 2026] [监控中] 当前最高GPU占用: 98%
[Wed Jan 14 05:01:54 CST 2026] [监控中] 等待 30 秒...
[Wed Jan 14 05:02:24 CST 2026] [监控中] 当前最高GPU占用: 75%
[Wed Jan 14 05:02:24 CST 2026] [监控中] 等待 30 秒...
[Wed Jan 14 05:02:54 CST 2026] [监控中] 当前最高GPU占用: 94%
[Wed Jan 14 05:02:54 CST 2026] [监控中] 等待 30 秒...
[Wed Jan 14 05:03:24 CST 2026] [监控中] 当前最高GPU占用: 66%
[Wed Jan 14 05:03:24 CST 2026] [监控中] 等待 30 秒...
[Wed Jan 14 05:03:54 CST 2026] [监控中] 当前最高GPU占用: 100%
[Wed Jan 14 05:03:54 CST 2026] [监控中] 等待 30 秒...
[Wed Jan 14 05:04:24 CST 2026] [监控中] 当前最高GPU占用: 94%
[Wed Jan 14 05:04:24 CST 2026] [监控中] 等待 30 秒...
[Wed Jan 14 05:04:55 CST 2026] [监控中] 当前最高GPU占用: 100%
[Wed Jan 14 05:04:55 CST 2026] [监控中] 等待 30 秒...
[Wed Jan 14 05:05:25 CST 2026] [监控中] 当前最高GPU占用: 65%
[Wed Jan 14 05:05:25 CST 2026] [监控中] 等待 30 秒...
[Wed Jan 14 05:05:55 CST 2026] [监控中] 当前最高GPU占用: 95%
[Wed Jan 14 05:05:55 CST 2026] [监控中] 等待 30 秒...
[Wed Jan 14 05:06:25 CST 2026] [监控中] 当前最高GPU占用: 100%
[Wed Jan 14 05:06:25 CST 2026] [监控中] 等待 30 秒...
[Wed Jan 14 05:06:55 CST 2026] [监控中] 当前最高GPU占用: 97%
[Wed Jan 14 05:06:55 CST 2026] [监控中] 等待 30 秒...
[Wed Jan 14 05:07:25 CST 2026] [监控中] 当前最高GPU占用: 100%
[Wed Jan 14 05:07:25 CST 2026] [监控中] 等待 30 秒...
[Wed Jan 14 05:07:55 CST 2026] [监控中] 当前最高GPU占用: 100%
[Wed Jan 14 05:07:55 CST 2026] [监控中] 等待 30 秒...
[Wed Jan 14 05:08:25 CST 2026] [监控中] 当前最高GPU占用: 94%
[Wed Jan 14 05:08:25 CST 2026] [监控中] 等待 30 秒...
[Wed Jan 14 05:08:55 CST 2026] [监控中] 当前最高GPU占用: 95%
[Wed Jan 14 05:08:55 CST 2026] [监控中] 等待 30 秒...
[Wed Jan 14 05:09:25 CST 2026] [监控中] 当前最高GPU占用: 72%
[Wed Jan 14 05:09:25 CST 2026] [监控中] 等待 30 秒...
[Wed Jan 14 05:09:55 CST 2026] [监控中] 当前最高GPU占用: 96%
[Wed Jan 14 05:09:55 CST 2026] [监控中] 等待 30 秒...
[Wed Jan 14 05:10:25 CST 2026] [监控中] 当前最高GPU占用: 100%
[Wed Jan 14 05:10:25 CST 2026] [监控中] 等待 30 秒...
[Wed Jan 14 05:10:56 CST 2026] [监控中] 当前最高GPU占用: 95%
[Wed Jan 14 05:10:56 CST 2026] [监控中] 等待 30 秒...
[Wed Jan 14 05:11:26 CST 2026] [监控中] 当前最高GPU占用: 68%
[Wed Jan 14 05:11:26 CST 2026] [监控中] 等待 30 秒...
[Wed Jan 14 05:11:56 CST 2026] [监控中] 当前最高GPU占用: 94%
[Wed Jan 14 05:11:56 CST 2026] [监控中] 等待 30 秒...
[Wed Jan 14 05:12:26 CST 2026] [监控中] 当前最高GPU占用: 66%
[Wed Jan 14 05:12:26 CST 2026] [监控中] 等待 30 秒...
[Wed Jan 14 05:12:56 CST 2026] [监控中] 当前最高GPU占用: 94%
[Wed Jan 14 05:12:56 CST 2026] [监控中] 等待 30 秒...
[Wed Jan 14 05:13:26 CST 2026] [监控中] 当前最高GPU占用: 87%
[Wed Jan 14 05:13:26 CST 2026] [监控中] 等待 30 秒...
[Wed Jan 14 05:13:56 CST 2026] [监控中] 当前最高GPU占用: 100%
[Wed Jan 14 05:13:56 CST 2026] [监控中] 等待 30 秒...
[Wed Jan 14 05:14:26 CST 2026] [监控中] 当前最高GPU占用: 70%
[Wed Jan 14 05:14:26 CST 2026] [监控中] 等待 30 秒...
[Wed Jan 14 05:14:56 CST 2026] [监控中] 当前最高GPU占用: 74%
[Wed Jan 14 05:14:56 CST 2026] [监控中] 等待 30 秒...
[Wed Jan 14 05:15:26 CST 2026] [监控中] 当前最高GPU占用: 99%
[Wed Jan 14 05:15:26 CST 2026] [监控中] 等待 30 秒...
[Wed Jan 14 05:15:56 CST 2026] [监控中] 当前最高GPU占用: 94%
[Wed Jan 14 05:15:56 CST 2026] [监控中] 等待 30 秒...
[Wed Jan 14 05:16:27 CST 2026] [监控中] 当前最高GPU占用: 82%
[Wed Jan 14 05:16:27 CST 2026] [监控中] 等待 30 秒...
[Wed Jan 14 05:16:57 CST 2026] [监控中] 当前最高GPU占用: 81%
[Wed Jan 14 05:16:57 CST 2026] [监控中] 等待 30 秒...
[Wed Jan 14 05:17:27 CST 2026] [监控中] 当前最高GPU占用: 66%
[Wed Jan 14 05:17:27 CST 2026] [监控中] 等待 30 秒...
[Wed Jan 14 05:17:57 CST 2026] [监控中] 当前最高GPU占用: 94%
[Wed Jan 14 05:17:57 CST 2026] [监控中] 等待 30 秒...
[Wed Jan 14 05:18:27 CST 2026] [监控中] 当前最高GPU占用: 93%
[Wed Jan 14 05:18:27 CST 2026] [监控中] 等待 30 秒...
[Wed Jan 14 05:18:57 CST 2026] [监控中] 当前最高GPU占用: 95%
[Wed Jan 14 05:18:57 CST 2026] [监控中] 等待 30 秒...
[Wed Jan 14 05:19:27 CST 2026] [监控中] 当前最高GPU占用: 63%
[Wed Jan 14 05:19:27 CST 2026] [监控中] 等待 30 秒...
[Wed Jan 14 05:19:57 CST 2026] [监控中] 当前最高GPU占用: 100%
[Wed Jan 14 05:19:57 CST 2026] [监控中] 等待 30 秒...
[Wed Jan 14 05:20:27 CST 2026] [监控中] 当前最高GPU占用: 84%
[Wed Jan 14 05:20:27 CST 2026] [监控中] 等待 30 秒...
[Wed Jan 14 05:20:57 CST 2026] [监控中] 当前最高GPU占用: 97%
[Wed Jan 14 05:20:57 CST 2026] [监控中] 等待 30 秒...
[Wed Jan 14 05:21:28 CST 2026] [监控中] 当前最高GPU占用: 100%
[Wed Jan 14 05:21:28 CST 2026] [监控中] 等待 30 秒...
[Wed Jan 14 05:21:58 CST 2026] [监控中] 当前最高GPU占用: 100%
[Wed Jan 14 05:21:58 CST 2026] [监控中] 等待 30 秒...
[Wed Jan 14 05:22:28 CST 2026] [监控中] 当前最高GPU占用: 95%
[Wed Jan 14 05:22:28 CST 2026] [监控中] 等待 30 秒...
[Wed Jan 14 05:22:58 CST 2026] [监控中] 当前最高GPU占用: 66%
[Wed Jan 14 05:22:58 CST 2026] [监控中] 等待 30 秒...
[Wed Jan 14 05:23:28 CST 2026] [监控中] 当前最高GPU占用: 95%
[Wed Jan 14 05:23:28 CST 2026] [监控中] 等待 30 秒...
[Wed Jan 14 05:23:58 CST 2026] [监控中] 当前最高GPU占用: 67%
[Wed Jan 14 05:23:58 CST 2026] [监控中] 等待 30 秒...
[Wed Jan 14 05:24:28 CST 2026] [监控中] 当前最高GPU占用: 100%
[Wed Jan 14 05:24:28 CST 2026] [监控中] 等待 30 秒...
[Wed Jan 14 05:24:58 CST 2026] [监控中] 当前最高GPU占用: 95%
[Wed Jan 14 05:24:58 CST 2026] [监控中] 等待 30 秒...
[Wed Jan 14 05:25:28 CST 2026] [监控中] 当前最高GPU占用: 95%
[Wed Jan 14 05:25:28 CST 2026] [监控中] 等待 30 秒...
[Wed Jan 14 05:25:58 CST 2026] [监控中] 当前最高GPU占用: 89%
[Wed Jan 14 05:25:58 CST 2026] [监控中] 等待 30 秒...
[Wed Jan 14 05:26:29 CST 2026] [监控中] 当前最高GPU占用: 100%
[Wed Jan 14 05:26:29 CST 2026] [监控中] 等待 30 秒...
[Wed Jan 14 05:26:59 CST 2026] [监控中] 当前最高GPU占用: 98%
[Wed Jan 14 05:26:59 CST 2026] [监控中] 等待 30 秒...
[Wed Jan 14 05:27:29 CST 2026] [监控中] 当前最高GPU占用: 67%
[Wed Jan 14 05:27:29 CST 2026] [监控中] 等待 30 秒...
[Wed Jan 14 05:27:59 CST 2026] [监控中] 当前最高GPU占用: 95%
[Wed Jan 14 05:27:59 CST 2026] [监控中] 等待 30 秒...
[Wed Jan 14 05:28:29 CST 2026] [监控中] 当前最高GPU占用: 100%
[Wed Jan 14 05:28:29 CST 2026] [监控中] 等待 30 秒...
[Wed Jan 14 05:28:59 CST 2026] [监控中] 当前最高GPU占用: 100%
[Wed Jan 14 05:28:59 CST 2026] [监控中] 等待 30 秒...
[Wed Jan 14 05:29:29 CST 2026] [监控中] 当前最高GPU占用: 94%
[Wed Jan 14 05:29:29 CST 2026] [监控中] 等待 30 秒...
[Wed Jan 14 05:29:59 CST 2026] [监控中] 当前最高GPU占用: 66%
[Wed Jan 14 05:29:59 CST 2026] [监控中] 等待 30 秒...
[Wed Jan 14 05:30:29 CST 2026] [监控中] 当前最高GPU占用: 100%
[Wed Jan 14 05:30:29 CST 2026] [监控中] 等待 30 秒...
[Wed Jan 14 05:30:59 CST 2026] [监控中] 当前最高GPU占用: 85%
[Wed Jan 14 05:30:59 CST 2026] [监控中] 等待 30 秒...
[Wed Jan 14 05:31:30 CST 2026] [监控中] 当前最高GPU占用: 100%
[Wed Jan 14 05:31:30 CST 2026] [监控中] 等待 30 秒...
[Wed Jan 14 05:32:00 CST 2026] [监控中] 当前最高GPU占用: 94%
[Wed Jan 14 05:32:00 CST 2026] [监控中] 等待 30 秒...
[Wed Jan 14 05:32:30 CST 2026] [监控中] 当前最高GPU占用: 94%
[Wed Jan 14 05:32:30 CST 2026] [监控中] 等待 30 秒...
[Wed Jan 14 05:33:00 CST 2026] [监控中] 当前最高GPU占用: 95%
[Wed Jan 14 05:33:00 CST 2026] [监控中] 等待 30 秒...
[Wed Jan 14 05:33:30 CST 2026] [监控中] 当前最高GPU占用: 89%
[Wed Jan 14 05:33:30 CST 2026] [监控中] 等待 30 秒...
[Wed Jan 14 05:34:00 CST 2026] [监控中] 当前最高GPU占用: 94%
[Wed Jan 14 05:34:00 CST 2026] [监控中] 等待 30 秒...
[Wed Jan 14 05:34:30 CST 2026] [监控中] 当前最高GPU占用: 65%
[Wed Jan 14 05:34:30 CST 2026] [监控中] 等待 30 秒...
[Wed Jan 14 05:35:00 CST 2026] [监控中] 当前最高GPU占用: 88%
[Wed Jan 14 05:35:00 CST 2026] [监控中] 等待 30 秒...
[Wed Jan 14 05:35:30 CST 2026] [监控中] 当前最高GPU占用: 79%
[Wed Jan 14 05:35:30 CST 2026] [监控中] 等待 30 秒...
[Wed Jan 14 05:36:00 CST 2026] [监控中] 当前最高GPU占用: 94%
[Wed Jan 14 05:36:00 CST 2026] [监控中] 等待 30 秒...
[Wed Jan 14 05:36:30 CST 2026] [监控中] 当前最高GPU占用: 94%
[Wed Jan 14 05:36:30 CST 2026] [监控中] 等待 30 秒...
[Wed Jan 14 05:37:00 CST 2026] [监控中] 当前最高GPU占用: 100%
[Wed Jan 14 05:37:00 CST 2026] [监控中] 等待 30 秒...
[Wed Jan 14 05:37:30 CST 2026] [监控中] 当前最高GPU占用: 73%
[Wed Jan 14 05:37:30 CST 2026] [监控中] 等待 30 秒...
[Wed Jan 14 05:38:01 CST 2026] [监控中] 当前最高GPU占用: 100%
[Wed Jan 14 05:38:01 CST 2026] [监控中] 等待 30 秒...
[Wed Jan 14 05:38:31 CST 2026] [监控中] 当前最高GPU占用: 77%
[Wed Jan 14 05:38:31 CST 2026] [监控中] 等待 30 秒...
[Wed Jan 14 05:39:01 CST 2026] [监控中] 当前最高GPU占用: 92%
[Wed Jan 14 05:39:01 CST 2026] [监控中] 等待 30 秒...
[Wed Jan 14 05:39:31 CST 2026] [监控中] 当前最高GPU占用: 69%
[Wed Jan 14 05:39:31 CST 2026] [监控中] 等待 30 秒...
[Wed Jan 14 05:40:01 CST 2026] [监控中] 当前最高GPU占用: 100%
[Wed Jan 14 05:40:01 CST 2026] [监控中] 等待 30 秒...
[Wed Jan 14 05:40:31 CST 2026] [监控中] 当前最高GPU占用: 100%
[Wed Jan 14 05:40:31 CST 2026] [监控中] 等待 30 秒...
[Wed Jan 14 05:41:01 CST 2026] [监控中] 当前最高GPU占用: 68%
[Wed Jan 14 05:41:01 CST 2026] [监控中] 等待 30 秒...
[Wed Jan 14 05:41:31 CST 2026] [监控中] 当前最高GPU占用: 95%
[Wed Jan 14 05:41:31 CST 2026] [监控中] 等待 30 秒...
[Wed Jan 14 05:42:01 CST 2026] [监控中] 当前最高GPU占用: 66%
[Wed Jan 14 05:42:01 CST 2026] [监控中] 等待 30 秒...
[Wed Jan 14 05:42:31 CST 2026] [监控中] 当前最高GPU占用: 76%
[Wed Jan 14 05:42:31 CST 2026] [监控中] 等待 30 秒...
[Wed Jan 14 05:43:02 CST 2026] [监控中] 当前最高GPU占用: 61%
[Wed Jan 14 05:43:02 CST 2026] [监控中] 等待 30 秒...
[Wed Jan 14 05:43:32 CST 2026] [监控中] 当前最高GPU占用: 68%
[Wed Jan 14 05:43:32 CST 2026] [监控中] 等待 30 秒...
[Wed Jan 14 05:44:02 CST 2026] [监控中] 当前最高GPU占用: 66%
[Wed Jan 14 05:44:02 CST 2026] [监控中] 等待 30 秒...
[Wed Jan 14 05:44:32 CST 2026] [监控中] 当前最高GPU占用: 71%
[Wed Jan 14 05:44:32 CST 2026] [监控中] 等待 30 秒...
[Wed Jan 14 05:45:02 CST 2026] [监控中] 当前最高GPU占用: 99%
[Wed Jan 14 05:45:02 CST 2026] [监控中] 等待 30 秒...
[Wed Jan 14 05:45:32 CST 2026] [监控中] 当前最高GPU占用: 100%
[Wed Jan 14 05:45:32 CST 2026] [监控中] 等待 30 秒...
[Wed Jan 14 05:46:02 CST 2026] [监控中] 当前最高GPU占用: 100%
[Wed Jan 14 05:46:02 CST 2026] [监控中] 等待 30 秒...
[Wed Jan 14 05:46:32 CST 2026] [监控中] 当前最高GPU占用: 95%
[Wed Jan 14 05:46:32 CST 2026] [监控中] 等待 30 秒...
[Wed Jan 14 05:47:02 CST 2026] [监控中] 当前最高GPU占用: 100%
[Wed Jan 14 05:47:02 CST 2026] [监控中] 等待 30 秒...
[Wed Jan 14 05:47:33 CST 2026] [监控中] 当前最高GPU占用: 95%
[Wed Jan 14 05:47:33 CST 2026] [监控中] 等待 30 秒...
[Wed Jan 14 05:48:03 CST 2026] [监控中] 当前最高GPU占用: 100%
[Wed Jan 14 05:48:03 CST 2026] [监控中] 等待 30 秒...
[Wed Jan 14 05:48:33 CST 2026] [监控中] 当前最高GPU占用: 88%
[Wed Jan 14 05:48:33 CST 2026] [监控中] 等待 30 秒...
[Wed Jan 14 05:49:03 CST 2026] [监控中] 当前最高GPU占用: 95%
[Wed Jan 14 05:49:03 CST 2026] [监控中] 等待 30 秒...
[Wed Jan 14 05:49:33 CST 2026] [监控中] 当前最高GPU占用: 95%
[Wed Jan 14 05:49:33 CST 2026] [监控中] 等待 30 秒...
[Wed Jan 14 05:50:03 CST 2026] [监控中] 当前最高GPU占用: 100%
[Wed Jan 14 05:50:03 CST 2026] [监控中] 等待 30 秒...
[Wed Jan 14 05:50:33 CST 2026] [监控中] 当前最高GPU占用: 100%
[Wed Jan 14 05:50:33 CST 2026] [监控中] 等待 30 秒...
[Wed Jan 14 05:51:03 CST 2026] [监控中] 当前最高GPU占用: 95%
[Wed Jan 14 05:51:03 CST 2026] [监控中] 等待 30 秒...
[Wed Jan 14 05:51:33 CST 2026] [监控中] 当前最高GPU占用: 100%
[Wed Jan 14 05:51:33 CST 2026] [监控中] 等待 30 秒...
[Wed Jan 14 05:52:03 CST 2026] [监控中] 当前最高GPU占用: 95%
[Wed Jan 14 05:52:03 CST 2026] [监控中] 等待 30 秒...
[Wed Jan 14 05:52:33 CST 2026] [监控中] 当前最高GPU占用: 100%
[Wed Jan 14 05:52:33 CST 2026] [监控中] 等待 30 秒...
[Wed Jan 14 05:53:04 CST 2026] [监控中] 当前最高GPU占用: 63%
[Wed Jan 14 05:53:04 CST 2026] [监控中] 等待 30 秒...
[Wed Jan 14 05:53:34 CST 2026] [监控中] 当前最高GPU占用: 95%
[Wed Jan 14 05:53:34 CST 2026] [监控中] 等待 30 秒...
[Wed Jan 14 05:54:04 CST 2026] [监控中] 当前最高GPU占用: 97%
[Wed Jan 14 05:54:04 CST 2026] [监控中] 等待 30 秒...
[Wed Jan 14 05:54:34 CST 2026] [监控中] 当前最高GPU占用: 76%
[Wed Jan 14 05:54:34 CST 2026] [监控中] 等待 30 秒...
[Wed Jan 14 05:55:04 CST 2026] [监控中] 当前最高GPU占用: 73%
[Wed Jan 14 05:55:04 CST 2026] [监控中] 等待 30 秒...
[Wed Jan 14 05:55:34 CST 2026] [监控中] 当前最高GPU占用: 89%
[Wed Jan 14 05:55:34 CST 2026] [监控中] 等待 30 秒...
[Wed Jan 14 05:56:04 CST 2026] [监控中] 当前最高GPU占用: 100%
[Wed Jan 14 05:56:04 CST 2026] [监控中] 等待 30 秒...
[Wed Jan 14 05:56:34 CST 2026] [监控中] 当前最高GPU占用: 100%
[Wed Jan 14 05:56:34 CST 2026] [监控中] 等待 30 秒...
[Wed Jan 14 05:57:04 CST 2026] [监控中] 当前最高GPU占用: 96%
[Wed Jan 14 05:57:04 CST 2026] [监控中] 等待 30 秒...
[Wed Jan 14 05:57:34 CST 2026] [监控中] 当前最高GPU占用: 96%
[Wed Jan 14 05:57:34 CST 2026] [监控中] 等待 30 秒...
[Wed Jan 14 05:58:05 CST 2026] [监控中] 当前最高GPU占用: 76%
[Wed Jan 14 05:58:05 CST 2026] [监控中] 等待 30 秒...
[Wed Jan 14 05:58:35 CST 2026] [监控中] 当前最高GPU占用: 87%
[Wed Jan 14 05:58:35 CST 2026] [监控中] 等待 30 秒...
[Wed Jan 14 05:59:05 CST 2026] [监控中] 当前最高GPU占用: 61%
[Wed Jan 14 05:59:05 CST 2026] [监控中] 等待 30 秒...
[Wed Jan 14 05:59:35 CST 2026] [监控中] 当前最高GPU占用: 94%
[Wed Jan 14 05:59:35 CST 2026] [监控中] 等待 30 秒...
[Wed Jan 14 06:00:05 CST 2026] [监控中] 当前最高GPU占用: 100%
[Wed Jan 14 06:00:05 CST 2026] [监控中] 等待 30 秒...
[Wed Jan 14 06:00:35 CST 2026] [监控中] 当前最高GPU占用: 70%
[Wed Jan 14 06:00:35 CST 2026] [监控中] 等待 30 秒...
[Wed Jan 14 06:01:05 CST 2026] [监控中] 当前最高GPU占用: 79%
[Wed Jan 14 06:01:05 CST 2026] [监控中] 等待 30 秒...
[Wed Jan 14 06:01:35 CST 2026] [监控中] 当前最高GPU占用: 98%
[Wed Jan 14 06:01:35 CST 2026] [监控中] 等待 30 秒...
[Wed Jan 14 06:02:05 CST 2026] [监控中] 当前最高GPU占用: 69%
[Wed Jan 14 06:02:05 CST 2026] [监控中] 等待 30 秒...
[Wed Jan 14 06:02:35 CST 2026] [监控中] 当前最高GPU占用: 68%
[Wed Jan 14 06:02:35 CST 2026] [监控中] 等待 30 秒...
[Wed Jan 14 06:03:05 CST 2026] [监控中] 当前最高GPU占用: 95%
[Wed Jan 14 06:03:05 CST 2026] [监控中] 等待 30 秒...
[Wed Jan 14 06:03:35 CST 2026] [监控中] 当前最高GPU占用: 95%
[Wed Jan 14 06:03:35 CST 2026] [监控中] 等待 30 秒...
[Wed Jan 14 06:04:06 CST 2026] [监控中] 当前最高GPU占用: 100%
[Wed Jan 14 06:04:06 CST 2026] [监控中] 等待 30 秒...
[Wed Jan 14 06:04:36 CST 2026] [监控中] 当前最高GPU占用: 95%
[Wed Jan 14 06:04:36 CST 2026] [监控中] 等待 30 秒...
[Wed Jan 14 06:05:06 CST 2026] [监控中] 当前最高GPU占用: 68%
[Wed Jan 14 06:05:06 CST 2026] [监控中] 等待 30 秒...
[Wed Jan 14 06:05:36 CST 2026] [监控中] 当前最高GPU占用: 99%
[Wed Jan 14 06:05:36 CST 2026] [监控中] 等待 30 秒...
[Wed Jan 14 06:06:06 CST 2026] [监控中] 当前最高GPU占用: 66%
[Wed Jan 14 06:06:06 CST 2026] [监控中] 等待 30 秒...
[Wed Jan 14 06:06:36 CST 2026] [监控中] 当前最高GPU占用: 95%
[Wed Jan 14 06:06:36 CST 2026] [监控中] 等待 30 秒...
[Wed Jan 14 06:07:06 CST 2026] [监控中] 当前最高GPU占用: 100%
[Wed Jan 14 06:07:06 CST 2026] [监控中] 等待 30 秒...
[Wed Jan 14 06:07:36 CST 2026] [监控中] 当前最高GPU占用: 94%
[Wed Jan 14 06:07:36 CST 2026] [监控中] 等待 30 秒...
[Wed Jan 14 06:08:06 CST 2026] [监控中] 当前最高GPU占用: 100%
[Wed Jan 14 06:08:06 CST 2026] [监控中] 等待 30 秒...
[Wed Jan 14 06:08:36 CST 2026] [监控中] 当前最高GPU占用: 94%
[Wed Jan 14 06:08:36 CST 2026] [监控中] 等待 30 秒...
[Wed Jan 14 06:09:07 CST 2026] [监控中] 当前最高GPU占用: 100%
[Wed Jan 14 06:09:07 CST 2026] [监控中] 等待 30 秒...
[Wed Jan 14 06:09:37 CST 2026] [监控中] 当前最高GPU占用: 95%
[Wed Jan 14 06:09:37 CST 2026] [监控中] 等待 30 秒...
[Wed Jan 14 06:10:07 CST 2026] [监控中] 当前最高GPU占用: 96%
[Wed Jan 14 06:10:07 CST 2026] [监控中] 等待 30 秒...
[Wed Jan 14 06:10:37 CST 2026] [监控中] 当前最高GPU占用: 89%
[Wed Jan 14 06:10:37 CST 2026] [监控中] 等待 30 秒...
[Wed Jan 14 06:11:07 CST 2026] [监控中] 当前最高GPU占用: 93%
[Wed Jan 14 06:11:07 CST 2026] [监控中] 等待 30 秒...
[Wed Jan 14 06:11:37 CST 2026] [监控中] 当前最高GPU占用: 95%
[Wed Jan 14 06:11:37 CST 2026] [监控中] 等待 30 秒...
[Wed Jan 14 06:12:07 CST 2026] [监控中] 当前最高GPU占用: 100%
[Wed Jan 14 06:12:07 CST 2026] [监控中] 等待 30 秒...
[Wed Jan 14 06:12:37 CST 2026] [监控中] 当前最高GPU占用: 95%
[Wed Jan 14 06:12:37 CST 2026] [监控中] 等待 30 秒...
[Wed Jan 14 06:13:07 CST 2026] [监控中] 当前最高GPU占用: 87%
[Wed Jan 14 06:13:07 CST 2026] [监控中] 等待 30 秒...
[Wed Jan 14 06:13:38 CST 2026] [监控中] 当前最高GPU占用: 81%
[Wed Jan 14 06:13:38 CST 2026] [监控中] 等待 30 秒...
[Wed Jan 14 06:14:08 CST 2026] [监控中] 当前最高GPU占用: 100%
[Wed Jan 14 06:14:08 CST 2026] [监控中] 等待 30 秒...
[Wed Jan 14 06:14:38 CST 2026] [监控中] 当前最高GPU占用: 95%
[Wed Jan 14 06:14:38 CST 2026] [监控中] 等待 30 秒...
[Wed Jan 14 06:15:08 CST 2026] [监控中] 当前最高GPU占用: 65%
[Wed Jan 14 06:15:08 CST 2026] [监控中] 等待 30 秒...
[Wed Jan 14 06:15:38 CST 2026] [监控中] 当前最高GPU占用: 100%
[Wed Jan 14 06:15:38 CST 2026] [监控中] 等待 30 秒...
[Wed Jan 14 06:16:08 CST 2026] [监控中] 当前最高GPU占用: 95%
[Wed Jan 14 06:16:08 CST 2026] [监控中] 等待 30 秒...
[Wed Jan 14 06:16:38 CST 2026] [监控中] 当前最高GPU占用: 96%
[Wed Jan 14 06:16:38 CST 2026] [监控中] 等待 30 秒...
[Wed Jan 14 06:17:08 CST 2026] [监控中] 当前最高GPU占用: 83%
[Wed Jan 14 06:17:08 CST 2026] [监控中] 等待 30 秒...
[Wed Jan 14 06:17:38 CST 2026] [监控中] 当前最高GPU占用: 93%
[Wed Jan 14 06:17:38 CST 2026] [监控中] 等待 30 秒...
[Wed Jan 14 06:18:08 CST 2026] [监控中] 当前最高GPU占用: 70%
[Wed Jan 14 06:18:08 CST 2026] [监控中] 等待 30 秒...
[Wed Jan 14 06:18:38 CST 2026] [监控中] 当前最高GPU占用: 95%
[Wed Jan 14 06:18:38 CST 2026] [监控中] 等待 30 秒...
[Wed Jan 14 06:19:09 CST 2026] [监控中] 当前最高GPU占用: 100%
[Wed Jan 14 06:19:09 CST 2026] [监控中] 等待 30 秒...
[Wed Jan 14 06:19:39 CST 2026] [监控中] 当前最高GPU占用: 94%
[Wed Jan 14 06:19:39 CST 2026] [监控中] 等待 30 秒...
[Wed Jan 14 06:20:09 CST 2026] [监控中] 当前最高GPU占用: 95%
[Wed Jan 14 06:20:09 CST 2026] [监控中] 等待 30 秒...
[Wed Jan 14 06:20:39 CST 2026] [监控中] 当前最高GPU占用: 74%
[Wed Jan 14 06:20:39 CST 2026] [监控中] 等待 30 秒...
[Wed Jan 14 06:21:09 CST 2026] [监控中] 当前最高GPU占用: 100%
[Wed Jan 14 06:21:09 CST 2026] [监控中] 等待 30 秒...
[Wed Jan 14 06:21:39 CST 2026] [监控中] 当前最高GPU占用: 66%
[Wed Jan 14 06:21:39 CST 2026] [监控中] 等待 30 秒...
[Wed Jan 14 06:22:09 CST 2026] [监控中] 当前最高GPU占用: 90%
[Wed Jan 14 06:22:09 CST 2026] [监控中] 等待 30 秒...
[Wed Jan 14 06:22:39 CST 2026] [监控中] 当前最高GPU占用: 95%
[Wed Jan 14 06:22:39 CST 2026] [监控中] 等待 30 秒...
[Wed Jan 14 06:23:09 CST 2026] [监控中] 当前最高GPU占用: 95%
[Wed Jan 14 06:23:09 CST 2026] [监控中] 等待 30 秒...
[Wed Jan 14 06:23:39 CST 2026] [监控中] 当前最高GPU占用: 100%
[Wed Jan 14 06:23:39 CST 2026] [监控中] 等待 30 秒...
[Wed Jan 14 06:24:10 CST 2026] [监控中] 当前最高GPU占用: 71%
[Wed Jan 14 06:24:10 CST 2026] [监控中] 等待 30 秒...
[Wed Jan 14 06:24:40 CST 2026] [监控中] 当前最高GPU占用: 95%
[Wed Jan 14 06:24:40 CST 2026] [监控中] 等待 30 秒...
[Wed Jan 14 06:25:10 CST 2026] [监控中] 当前最高GPU占用: 95%
[Wed Jan 14 06:25:10 CST 2026] [监控中] 等待 30 秒...
[Wed Jan 14 06:25:40 CST 2026] [监控中] 当前最高GPU占用: 73%
[Wed Jan 14 06:25:40 CST 2026] [监控中] 等待 30 秒...
[Wed Jan 14 06:26:10 CST 2026] [监控中] 当前最高GPU占用: 100%
[Wed Jan 14 06:26:10 CST 2026] [监控中] 等待 30 秒...
[Wed Jan 14 06:26:40 CST 2026] [监控中] 当前最高GPU占用: 94%
[Wed Jan 14 06:26:40 CST 2026] [监控中] 等待 30 秒...
[Wed Jan 14 06:27:10 CST 2026] [监控中] 当前最高GPU占用: 72%
[Wed Jan 14 06:27:10 CST 2026] [监控中] 等待 30 秒...
[Wed Jan 14 06:27:40 CST 2026] [监控中] 当前最高GPU占用: 95%
[Wed Jan 14 06:27:40 CST 2026] [监控中] 等待 30 秒...
[Wed Jan 14 06:28:10 CST 2026] [监控中] 当前最高GPU占用: 95%
[Wed Jan 14 06:28:10 CST 2026] [监控中] 等待 30 秒...
[Wed Jan 14 06:28:40 CST 2026] [监控中] 当前最高GPU占用: 100%
[Wed Jan 14 06:28:40 CST 2026] [监控中] 等待 30 秒...
[Wed Jan 14 06:29:10 CST 2026] [监控中] 当前最高GPU占用: 96%
[Wed Jan 14 06:29:10 CST 2026] [监控中] 等待 30 秒...
[Wed Jan 14 06:29:40 CST 2026] [监控中] 当前最高GPU占用: 100%
[Wed Jan 14 06:29:40 CST 2026] [监控中] 等待 30 秒...
[Wed Jan 14 06:30:10 CST 2026] [监控中] 当前最高GPU占用: 100%
[Wed Jan 14 06:30:10 CST 2026] [监控中] 等待 30 秒...
[Wed Jan 14 06:30:41 CST 2026] [监控中] 当前最高GPU占用: 100%
[Wed Jan 14 06:30:41 CST 2026] [监控中] 等待 30 秒...
[Wed Jan 14 06:31:11 CST 2026] [监控中] 当前最高GPU占用: 62%
[Wed Jan 14 06:31:11 CST 2026] [监控中] 等待 30 秒...
[Wed Jan 14 06:31:41 CST 2026] [监控中] 当前最高GPU占用: 100%
[Wed Jan 14 06:31:41 CST 2026] [监控中] 等待 30 秒...
[Wed Jan 14 06:32:11 CST 2026] [监控中] 当前最高GPU占用: 65%
[Wed Jan 14 06:32:11 CST 2026] [监控中] 等待 30 秒...
[Wed Jan 14 06:32:41 CST 2026] [监控中] 当前最高GPU占用: 100%
[Wed Jan 14 06:32:41 CST 2026] [监控中] 等待 30 秒...
[Wed Jan 14 06:33:11 CST 2026] [监控中] 当前最高GPU占用: 100%
[Wed Jan 14 06:33:11 CST 2026] [监控中] 等待 30 秒...
[Wed Jan 14 06:33:41 CST 2026] [监控中] 当前最高GPU占用: 94%
[Wed Jan 14 06:33:41 CST 2026] [监控中] 等待 30 秒...
[Wed Jan 14 06:34:11 CST 2026] [监控中] 当前最高GPU占用: 89%
[Wed Jan 14 06:34:11 CST 2026] [监控中] 等待 30 秒...
[Wed Jan 14 06:34:41 CST 2026] [监控中] 当前最高GPU占用: 100%
[Wed Jan 14 06:34:41 CST 2026] [监控中] 等待 30 秒...
[Wed Jan 14 06:35:11 CST 2026] [监控中] 当前最高GPU占用: 95%
[Wed Jan 14 06:35:11 CST 2026] [监控中] 等待 30 秒...
[Wed Jan 14 06:35:42 CST 2026] [监控中] 当前最高GPU占用: 74%
[Wed Jan 14 06:35:42 CST 2026] [监控中] 等待 30 秒...
[Wed Jan 14 06:36:12 CST 2026] [监控中] 当前最高GPU占用: 100%
[Wed Jan 14 06:36:12 CST 2026] [监控中] 等待 30 秒...
[Wed Jan 14 06:36:42 CST 2026] [监控中] 当前最高GPU占用: 96%
[Wed Jan 14 06:36:42 CST 2026] [监控中] 等待 30 秒...
[Wed Jan 14 06:37:12 CST 2026] [监控中] 当前最高GPU占用: 95%
[Wed Jan 14 06:37:12 CST 2026] [监控中] 等待 30 秒...
[Wed Jan 14 06:37:42 CST 2026] [监控中] 当前最高GPU占用: 100%
[Wed Jan 14 06:37:42 CST 2026] [监控中] 等待 30 秒...
[Wed Jan 14 06:38:12 CST 2026] [监控中] 当前最高GPU占用: 74%
[Wed Jan 14 06:38:12 CST 2026] [监控中] 等待 30 秒...
[Wed Jan 14 06:38:42 CST 2026] [监控中] 当前最高GPU占用: 95%
[Wed Jan 14 06:38:42 CST 2026] [监控中] 等待 30 秒...
[Wed Jan 14 06:39:12 CST 2026] [监控中] 当前最高GPU占用: 96%
[Wed Jan 14 06:39:12 CST 2026] [监控中] 等待 30 秒...
[Wed Jan 14 06:39:42 CST 2026] [监控中] 当前最高GPU占用: 95%
[Wed Jan 14 06:39:42 CST 2026] [监控中] 等待 30 秒...
[Wed Jan 14 06:40:12 CST 2026] [监控中] 当前最高GPU占用: 66%
[Wed Jan 14 06:40:12 CST 2026] [监控中] 等待 30 秒...
[Wed Jan 14 06:40:42 CST 2026] [监控中] 当前最高GPU占用: 70%
[Wed Jan 14 06:40:42 CST 2026] [监控中] 等待 30 秒...
[Wed Jan 14 06:41:12 CST 2026] [监控中] 当前最高GPU占用: 94%
[Wed Jan 14 06:41:12 CST 2026] [监控中] 等待 30 秒...
[Wed Jan 14 06:41:43 CST 2026] [监控中] 当前最高GPU占用: 77%
[Wed Jan 14 06:41:43 CST 2026] [监控中] 等待 30 秒...
[Wed Jan 14 06:42:13 CST 2026] [监控中] 当前最高GPU占用: 95%
[Wed Jan 14 06:42:13 CST 2026] [监控中] 等待 30 秒...
[Wed Jan 14 06:42:43 CST 2026] [监控中] 当前最高GPU占用: 80%
[Wed Jan 14 06:42:43 CST 2026] [监控中] 等待 30 秒...
[Wed Jan 14 06:43:13 CST 2026] [监控中] 当前最高GPU占用: 100%
[Wed Jan 14 06:43:13 CST 2026] [监控中] 等待 30 秒...
[Wed Jan 14 06:43:43 CST 2026] [监控中] 当前最高GPU占用: 95%
[Wed Jan 14 06:43:43 CST 2026] [监控中] 等待 30 秒...
[Wed Jan 14 06:44:13 CST 2026] [监控中] 当前最高GPU占用: 100%
[Wed Jan 14 06:44:13 CST 2026] [监控中] 等待 30 秒...
[Wed Jan 14 06:44:43 CST 2026] [监控中] 当前最高GPU占用: 100%
[Wed Jan 14 06:44:43 CST 2026] [监控中] 等待 30 秒...
[Wed Jan 14 06:45:13 CST 2026] [监控中] 当前最高GPU占用: 92%
[Wed Jan 14 06:45:13 CST 2026] [监控中] 等待 30 秒...
[Wed Jan 14 06:45:43 CST 2026] [监控中] 当前最高GPU占用: 64%
[Wed Jan 14 06:45:43 CST 2026] [监控中] 等待 30 秒...
[Wed Jan 14 06:46:13 CST 2026] [监控中] 当前最高GPU占用: 100%
[Wed Jan 14 06:46:13 CST 2026] [监控中] 等待 30 秒...
[Wed Jan 14 06:46:44 CST 2026] [监控中] 当前最高GPU占用: 96%
[Wed Jan 14 06:46:44 CST 2026] [监控中] 等待 30 秒...
[Wed Jan 14 06:47:14 CST 2026] [监控中] 当前最高GPU占用: 96%
[Wed Jan 14 06:47:14 CST 2026] [监控中] 等待 30 秒...
[Wed Jan 14 06:47:44 CST 2026] [监控中] 当前最高GPU占用: 85%
[Wed Jan 14 06:47:44 CST 2026] [监控中] 等待 30 秒...
[Wed Jan 14 06:48:14 CST 2026] [监控中] 当前最高GPU占用: 95%
[Wed Jan 14 06:48:14 CST 2026] [监控中] 等待 30 秒...
[Wed Jan 14 06:48:44 CST 2026] [监控中] 当前最高GPU占用: 67%
[Wed Jan 14 06:48:44 CST 2026] [监控中] 等待 30 秒...
[Wed Jan 14 06:49:14 CST 2026] [监控中] 当前最高GPU占用: 96%
[Wed Jan 14 06:49:14 CST 2026] [监控中] 等待 30 秒...
[Wed Jan 14 06:49:44 CST 2026] [监控中] 当前最高GPU占用: 66%
[Wed Jan 14 06:49:44 CST 2026] [监控中] 等待 30 秒...
[Wed Jan 14 06:50:14 CST 2026] [监控中] 当前最高GPU占用: 64%
[Wed Jan 14 06:50:14 CST 2026] [监控中] 等待 30 秒...
[Wed Jan 14 06:50:44 CST 2026] [监控中] 当前最高GPU占用: 95%
[Wed Jan 14 06:50:44 CST 2026] [监控中] 等待 30 秒...
[Wed Jan 14 06:51:15 CST 2026] [监控中] 当前最高GPU占用: 76%
[Wed Jan 14 06:51:15 CST 2026] [监控中] 等待 30 秒...
[Wed Jan 14 06:51:45 CST 2026] [监控中] 当前最高GPU占用: 66%
[Wed Jan 14 06:51:45 CST 2026] [监控中] 等待 30 秒...
[Wed Jan 14 06:52:15 CST 2026] [监控中] 当前最高GPU占用: 68%
[Wed Jan 14 06:52:15 CST 2026] [监控中] 等待 30 秒...
[Wed Jan 14 06:52:45 CST 2026] [监控中] 当前最高GPU占用: 100%
[Wed Jan 14 06:52:45 CST 2026] [监控中] 等待 30 秒...
[Wed Jan 14 06:53:15 CST 2026] [监控中] 当前最高GPU占用: 91%
[Wed Jan 14 06:53:15 CST 2026] [监控中] 等待 30 秒...
[Wed Jan 14 06:53:45 CST 2026] [监控中] 当前最高GPU占用: 95%
[Wed Jan 14 06:53:45 CST 2026] [监控中] 等待 30 秒...
[Wed Jan 14 06:54:15 CST 2026] [监控中] 当前最高GPU占用: 95%
[Wed Jan 14 06:54:15 CST 2026] [监控中] 等待 30 秒...
[Wed Jan 14 06:54:45 CST 2026] [监控中] 当前最高GPU占用: 100%
[Wed Jan 14 06:54:45 CST 2026] [监控中] 等待 30 秒...
[Wed Jan 14 06:55:15 CST 2026] [监控中] 当前最高GPU占用: 100%
[Wed Jan 14 06:55:15 CST 2026] [监控中] 等待 30 秒...
[Wed Jan 14 06:55:45 CST 2026] [监控中] 当前最高GPU占用: 63%
[Wed Jan 14 06:55:45 CST 2026] [监控中] 等待 30 秒...
[Wed Jan 14 06:56:15 CST 2026] [监控中] 当前最高GPU占用: 100%
[Wed Jan 14 06:56:15 CST 2026] [监控中] 等待 30 秒...
[Wed Jan 14 06:56:45 CST 2026] [监控中] 当前最高GPU占用: 96%
[Wed Jan 14 06:56:45 CST 2026] [监控中] 等待 30 秒...
[Wed Jan 14 06:57:16 CST 2026] [监控中] 当前最高GPU占用: 100%
[Wed Jan 14 06:57:16 CST 2026] [监控中] 等待 30 秒...
[Wed Jan 14 06:57:46 CST 2026] [监控中] 当前最高GPU占用: 96%
[Wed Jan 14 06:57:46 CST 2026] [监控中] 等待 30 秒...
[Wed Jan 14 06:58:16 CST 2026] [监控中] 当前最高GPU占用: 66%
[Wed Jan 14 06:58:16 CST 2026] [监控中] 等待 30 秒...
[Wed Jan 14 06:58:46 CST 2026] [监控中] 当前最高GPU占用: 94%
[Wed Jan 14 06:58:46 CST 2026] [监控中] 等待 30 秒...
[Wed Jan 14 06:59:16 CST 2026] [监控中] 当前最高GPU占用: 95%
[Wed Jan 14 06:59:16 CST 2026] [监控中] 等待 30 秒...
[Wed Jan 14 06:59:46 CST 2026] [监控中] 当前最高GPU占用: 95%
[Wed Jan 14 06:59:46 CST 2026] [监控中] 等待 30 秒...
[Wed Jan 14 07:00:16 CST 2026] [监控中] 当前最高GPU占用: 91%
[Wed Jan 14 07:00:16 CST 2026] [监控中] 等待 30 秒...
[Wed Jan 14 07:00:46 CST 2026] [监控中] 当前最高GPU占用: 94%
[Wed Jan 14 07:00:46 CST 2026] [监控中] 等待 30 秒...
[Wed Jan 14 07:01:16 CST 2026] [监控中] 当前最高GPU占用: 67%
[Wed Jan 14 07:01:16 CST 2026] [监控中] 等待 30 秒...
[Wed Jan 14 07:01:46 CST 2026] [监控中] 当前最高GPU占用: 100%
[Wed Jan 14 07:01:46 CST 2026] [监控中] 等待 30 秒...
[Wed Jan 14 07:02:16 CST 2026] [监控中] 当前最高GPU占用: 100%
[Wed Jan 14 07:02:16 CST 2026] [监控中] 等待 30 秒...
[Wed Jan 14 07:02:47 CST 2026] [监控中] 当前最高GPU占用: 82%
[Wed Jan 14 07:02:47 CST 2026] [监控中] 等待 30 秒...
[Wed Jan 14 07:03:17 CST 2026] [监控中] 当前最高GPU占用: 95%
[Wed Jan 14 07:03:17 CST 2026] [监控中] 等待 30 秒...
[Wed Jan 14 07:03:47 CST 2026] [监控中] 当前最高GPU占用: 100%
[Wed Jan 14 07:03:47 CST 2026] [监控中] 等待 30 秒...
[Wed Jan 14 07:04:17 CST 2026] [监控中] 当前最高GPU占用: 98%
[Wed Jan 14 07:04:17 CST 2026] [监控中] 等待 30 秒...
[Wed Jan 14 07:04:47 CST 2026] [监控中] 当前最高GPU占用: 72%
[Wed Jan 14 07:04:47 CST 2026] [监控中] 等待 30 秒...
[Wed Jan 14 07:05:17 CST 2026] [监控中] 当前最高GPU占用: 96%
[Wed Jan 14 07:05:17 CST 2026] [监控中] 等待 30 秒...
[Wed Jan 14 07:05:47 CST 2026] [监控中] 当前最高GPU占用: 83%
[Wed Jan 14 07:05:47 CST 2026] [监控中] 等待 30 秒...
[Wed Jan 14 07:06:17 CST 2026] [监控中] 当前最高GPU占用: 100%
[Wed Jan 14 07:06:17 CST 2026] [监控中] 等待 30 秒...
[Wed Jan 14 07:06:47 CST 2026] [监控中] 当前最高GPU占用: 100%
[Wed Jan 14 07:06:47 CST 2026] [监控中] 等待 30 秒...
[Wed Jan 14 07:07:17 CST 2026] [监控中] 当前最高GPU占用: 98%
[Wed Jan 14 07:07:17 CST 2026] [监控中] 等待 30 秒...
[Wed Jan 14 07:07:48 CST 2026] [监控中] 当前最高GPU占用: 64%
[Wed Jan 14 07:07:48 CST 2026] [监控中] 等待 30 秒...
[Wed Jan 14 07:08:18 CST 2026] [监控中] 当前最高GPU占用: 96%
[Wed Jan 14 07:08:18 CST 2026] [监控中] 等待 30 秒...
[Wed Jan 14 07:08:48 CST 2026] [监控中] 当前最高GPU占用: 73%
[Wed Jan 14 07:08:48 CST 2026] [监控中] 等待 30 秒...
[Wed Jan 14 07:09:18 CST 2026] [监控中] 当前最高GPU占用: 95%
[Wed Jan 14 07:09:18 CST 2026] [监控中] 等待 30 秒...
[Wed Jan 14 07:09:48 CST 2026] [监控中] 当前最高GPU占用: 67%
[Wed Jan 14 07:09:48 CST 2026] [监控中] 等待 30 秒...
[Wed Jan 14 07:10:18 CST 2026] [监控中] 当前最高GPU占用: 100%
[Wed Jan 14 07:10:18 CST 2026] [监控中] 等待 30 秒...
[Wed Jan 14 07:10:48 CST 2026] [监控中] 当前最高GPU占用: 95%
[Wed Jan 14 07:10:48 CST 2026] [监控中] 等待 30 秒...
[Wed Jan 14 07:11:18 CST 2026] [监控中] 当前最高GPU占用: 83%
[Wed Jan 14 07:11:18 CST 2026] [监控中] 等待 30 秒...
[Wed Jan 14 07:11:48 CST 2026] [监控中] 当前最高GPU占用: 95%
[Wed Jan 14 07:11:48 CST 2026] [监控中] 等待 30 秒...
[Wed Jan 14 07:12:18 CST 2026] [监控中] 当前最高GPU占用: 96%
[Wed Jan 14 07:12:18 CST 2026] [监控中] 等待 30 秒...
[Wed Jan 14 07:12:49 CST 2026] [监控中] 当前最高GPU占用: 100%
[Wed Jan 14 07:12:49 CST 2026] [监控中] 等待 30 秒...
[Wed Jan 14 07:13:19 CST 2026] [监控中] 当前最高GPU占用: 100%
[Wed Jan 14 07:13:19 CST 2026] [监控中] 等待 30 秒...
[Wed Jan 14 07:13:49 CST 2026] [监控中] 当前最高GPU占用: 95%
[Wed Jan 14 07:13:49 CST 2026] [监控中] 等待 30 秒...
[Wed Jan 14 07:14:19 CST 2026] [监控中] 当前最高GPU占用: 91%
[Wed Jan 14 07:14:19 CST 2026] [监控中] 等待 30 秒...
[Wed Jan 14 07:14:49 CST 2026] [监控中] 当前最高GPU占用: 95%
[Wed Jan 14 07:14:49 CST 2026] [监控中] 等待 30 秒...
[Wed Jan 14 07:15:19 CST 2026] [监控中] 当前最高GPU占用: 68%
[Wed Jan 14 07:15:19 CST 2026] [监控中] 等待 30 秒...
[Wed Jan 14 07:15:49 CST 2026] [监控中] 当前最高GPU占用: 79%
[Wed Jan 14 07:15:49 CST 2026] [监控中] 等待 30 秒...
[Wed Jan 14 07:16:19 CST 2026] [监控中] 当前最高GPU占用: 93%
[Wed Jan 14 07:16:19 CST 2026] [监控中] 等待 30 秒...
[Wed Jan 14 07:16:49 CST 2026] [监控中] 当前最高GPU占用: 90%
[Wed Jan 14 07:16:49 CST 2026] [监控中] 等待 30 秒...
[Wed Jan 14 07:17:19 CST 2026] [监控中] 当前最高GPU占用: 94%
[Wed Jan 14 07:17:19 CST 2026] [监控中] 等待 30 秒...
[Wed Jan 14 07:17:49 CST 2026] [监控中] 当前最高GPU占用: 66%
[Wed Jan 14 07:17:49 CST 2026] [监控中] 等待 30 秒...
[Wed Jan 14 07:18:20 CST 2026] [监控中] 当前最高GPU占用: 100%
[Wed Jan 14 07:18:20 CST 2026] [监控中] 等待 30 秒...
[Wed Jan 14 07:18:50 CST 2026] [监控中] 当前最高GPU占用: 60%
[Wed Jan 14 07:18:50 CST 2026] [监控中] 等待 30 秒...
[Wed Jan 14 07:19:20 CST 2026] [监控中] 当前最高GPU占用: 94%
[Wed Jan 14 07:19:20 CST 2026] [监控中] 等待 30 秒...
[Wed Jan 14 07:19:50 CST 2026] [监控中] 当前最高GPU占用: 100%
[Wed Jan 14 07:19:50 CST 2026] [监控中] 等待 30 秒...
[Wed Jan 14 07:20:20 CST 2026] [监控中] 当前最高GPU占用: 96%
[Wed Jan 14 07:20:20 CST 2026] [监控中] 等待 30 秒...
[Wed Jan 14 07:20:50 CST 2026] [监控中] 当前最高GPU占用: 69%
[Wed Jan 14 07:20:50 CST 2026] [监控中] 等待 30 秒...
[Wed Jan 14 07:21:20 CST 2026] [监控中] 当前最高GPU占用: 100%
[Wed Jan 14 07:21:20 CST 2026] [监控中] 等待 30 秒...
[Wed Jan 14 07:21:50 CST 2026] [监控中] 当前最高GPU占用: 96%
[Wed Jan 14 07:21:50 CST 2026] [监控中] 等待 30 秒...
[Wed Jan 14 07:22:20 CST 2026] [监控中] 当前最高GPU占用: 94%
[Wed Jan 14 07:22:20 CST 2026] [监控中] 等待 30 秒...
[Wed Jan 14 07:22:50 CST 2026] [监控中] 当前最高GPU占用: 66%
[Wed Jan 14 07:22:50 CST 2026] [监控中] 等待 30 秒...
[Wed Jan 14 07:23:20 CST 2026] [监控中] 当前最高GPU占用: 100%
[Wed Jan 14 07:23:20 CST 2026] [监控中] 等待 30 秒...
[Wed Jan 14 07:23:50 CST 2026] [监控中] 当前最高GPU占用: 97%
[Wed Jan 14 07:23:50 CST 2026] [监控中] 等待 30 秒...
[Wed Jan 14 07:24:21 CST 2026] [监控中] 当前最高GPU占用: 86%
[Wed Jan 14 07:24:21 CST 2026] [监控中] 等待 30 秒...
[Wed Jan 14 07:24:51 CST 2026] [监控中] 当前最高GPU占用: 68%
[Wed Jan 14 07:24:51 CST 2026] [监控中] 等待 30 秒...
[Wed Jan 14 07:25:21 CST 2026] [监控中] 当前最高GPU占用: 95%
[Wed Jan 14 07:25:21 CST 2026] [监控中] 等待 30 秒...
[Wed Jan 14 07:25:51 CST 2026] [监控中] 当前最高GPU占用: 70%
[Wed Jan 14 07:25:51 CST 2026] [监控中] 等待 30 秒...
[Wed Jan 14 07:26:21 CST 2026] [监控中] 当前最高GPU占用: 62%
[Wed Jan 14 07:26:21 CST 2026] [监控中] 等待 30 秒...
[Wed Jan 14 07:26:51 CST 2026] [监控中] 当前最高GPU占用: 100%
[Wed Jan 14 07:26:51 CST 2026] [监控中] 等待 30 秒...
[Wed Jan 14 07:27:21 CST 2026] [监控中] 当前最高GPU占用: 72%
[Wed Jan 14 07:27:21 CST 2026] [监控中] 等待 30 秒...
[Wed Jan 14 07:27:51 CST 2026] [监控中] 当前最高GPU占用: 100%
[Wed Jan 14 07:27:51 CST 2026] [监控中] 等待 30 秒...
[Wed Jan 14 07:28:21 CST 2026] [监控中] 当前最高GPU占用: 68%
[Wed Jan 14 07:28:21 CST 2026] [监控中] 等待 30 秒...
[Wed Jan 14 07:28:51 CST 2026] [监控中] 当前最高GPU占用: 68%
[Wed Jan 14 07:28:51 CST 2026] [监控中] 等待 30 秒...
[Wed Jan 14 07:29:22 CST 2026] [监控中] 当前最高GPU占用: 72%
[Wed Jan 14 07:29:22 CST 2026] [监控中] 等待 30 秒...
[Wed Jan 14 07:29:52 CST 2026] [监控中] 当前最高GPU占用: 95%
[Wed Jan 14 07:29:52 CST 2026] [监控中] 等待 30 秒...
[Wed Jan 14 07:30:22 CST 2026] [监控中] 当前最高GPU占用: 66%
[Wed Jan 14 07:30:22 CST 2026] [监控中] 等待 30 秒...
[Wed Jan 14 07:30:52 CST 2026] [监控中] 当前最高GPU占用: 95%
[Wed Jan 14 07:30:52 CST 2026] [监控中] 等待 30 秒...
[Wed Jan 14 07:31:22 CST 2026] [监控中] 当前最高GPU占用: 64%
[Wed Jan 14 07:31:22 CST 2026] [监控中] 等待 30 秒...
[Wed Jan 14 07:31:52 CST 2026] [监控中] 当前最高GPU占用: 71%
[Wed Jan 14 07:31:52 CST 2026] [监控中] 等待 30 秒...
[Wed Jan 14 07:32:22 CST 2026] [监控中] 当前最高GPU占用: 100%
[Wed Jan 14 07:32:22 CST 2026] [监控中] 等待 30 秒...
[Wed Jan 14 07:32:52 CST 2026] [监控中] 当前最高GPU占用: 100%
[Wed Jan 14 07:32:52 CST 2026] [监控中] 等待 30 秒...
[Wed Jan 14 07:33:22 CST 2026] [监控中] 当前最高GPU占用: 100%
[Wed Jan 14 07:33:22 CST 2026] [监控中] 等待 30 秒...
[Wed Jan 14 07:33:52 CST 2026] [监控中] 当前最高GPU占用: 99%
[Wed Jan 14 07:33:52 CST 2026] [监控中] 等待 30 秒...
[Wed Jan 14 07:34:22 CST 2026] [监控中] 当前最高GPU占用: 96%
[Wed Jan 14 07:34:22 CST 2026] [监控中] 等待 30 秒...
[Wed Jan 14 07:34:53 CST 2026] [监控中] 当前最高GPU占用: 62%
[Wed Jan 14 07:34:53 CST 2026] [监控中] 等待 30 秒...
[Wed Jan 14 07:35:23 CST 2026] [监控中] 当前最高GPU占用: 100%
[Wed Jan 14 07:35:23 CST 2026] [监控中] 等待 30 秒...
[Wed Jan 14 07:35:53 CST 2026] [监控中] 当前最高GPU占用: 63%
[Wed Jan 14 07:35:53 CST 2026] [监控中] 等待 30 秒...
[Wed Jan 14 07:36:23 CST 2026] [监控中] 当前最高GPU占用: 96%
[Wed Jan 14 07:36:23 CST 2026] [监控中] 等待 30 秒...
[Wed Jan 14 07:36:53 CST 2026] [监控中] 当前最高GPU占用: 99%
[Wed Jan 14 07:36:53 CST 2026] [监控中] 等待 30 秒...
[Wed Jan 14 07:37:23 CST 2026] [监控中] 当前最高GPU占用: 95%
[Wed Jan 14 07:37:23 CST 2026] [监控中] 等待 30 秒...
[Wed Jan 14 07:37:53 CST 2026] [监控中] 当前最高GPU占用: 66%
[Wed Jan 14 07:37:53 CST 2026] [监控中] 等待 30 秒...
[Wed Jan 14 07:38:23 CST 2026] [监控中] 当前最高GPU占用: 63%
[Wed Jan 14 07:38:23 CST 2026] [监控中] 等待 30 秒...
[Wed Jan 14 07:38:53 CST 2026] [监控中] 当前最高GPU占用: 100%
[Wed Jan 14 07:38:53 CST 2026] [监控中] 等待 30 秒...
[Wed Jan 14 07:39:23 CST 2026] [监控中] 当前最高GPU占用: 95%
[Wed Jan 14 07:39:23 CST 2026] [监控中] 等待 30 秒...
[Wed Jan 14 07:39:54 CST 2026] [监控中] 当前最高GPU占用: 100%
[Wed Jan 14 07:39:54 CST 2026] [监控中] 等待 30 秒...
[Wed Jan 14 07:40:24 CST 2026] [监控中] 当前最高GPU占用: 100%
[Wed Jan 14 07:40:24 CST 2026] [监控中] 等待 30 秒...
[Wed Jan 14 07:40:54 CST 2026] [监控中] 当前最高GPU占用: 95%
[Wed Jan 14 07:40:54 CST 2026] [监控中] 等待 30 秒...
[Wed Jan 14 07:41:24 CST 2026] [监控中] 当前最高GPU占用: 95%
[Wed Jan 14 07:41:24 CST 2026] [监控中] 等待 30 秒...
[Wed Jan 14 07:41:54 CST 2026] [监控中] 当前最高GPU占用: 65%
[Wed Jan 14 07:41:54 CST 2026] [监控中] 等待 30 秒...
[Wed Jan 14 07:42:24 CST 2026] [监控中] 当前最高GPU占用: 100%
[Wed Jan 14 07:42:24 CST 2026] [监控中] 等待 30 秒...
[Wed Jan 14 07:42:54 CST 2026] [监控中] 当前最高GPU占用: 100%
[Wed Jan 14 07:42:54 CST 2026] [监控中] 等待 30 秒...
[Wed Jan 14 07:43:24 CST 2026] [监控中] 当前最高GPU占用: 95%
[Wed Jan 14 07:43:24 CST 2026] [监控中] 等待 30 秒...
[Wed Jan 14 07:43:54 CST 2026] [监控中] 当前最高GPU占用: 95%
[Wed Jan 14 07:43:54 CST 2026] [监控中] 等待 30 秒...
[Wed Jan 14 07:44:24 CST 2026] [监控中] 当前最高GPU占用: 92%
[Wed Jan 14 07:44:24 CST 2026] [监控中] 等待 30 秒...
[Wed Jan 14 07:44:55 CST 2026] [监控中] 当前最高GPU占用: 68%
[Wed Jan 14 07:44:55 CST 2026] [监控中] 等待 30 秒...
[Wed Jan 14 07:45:25 CST 2026] [监控中] 当前最高GPU占用: 100%
[Wed Jan 14 07:45:25 CST 2026] [监控中] 等待 30 秒...
[Wed Jan 14 07:45:55 CST 2026] [监控中] 当前最高GPU占用: 71%
[Wed Jan 14 07:45:55 CST 2026] [监控中] 等待 30 秒...
[Wed Jan 14 07:46:25 CST 2026] [监控中] 当前最高GPU占用: 100%
[Wed Jan 14 07:46:25 CST 2026] [监控中] 等待 30 秒...
[Wed Jan 14 07:46:55 CST 2026] [监控中] 当前最高GPU占用: 100%
[Wed Jan 14 07:46:55 CST 2026] [监控中] 等待 30 秒...
[Wed Jan 14 07:47:25 CST 2026] [监控中] 当前最高GPU占用: 80%
[Wed Jan 14 07:47:25 CST 2026] [监控中] 等待 30 秒...
[Wed Jan 14 07:47:55 CST 2026] [监控中] 当前最高GPU占用: 66%
[Wed Jan 14 07:47:55 CST 2026] [监控中] 等待 30 秒...
[Wed Jan 14 07:48:25 CST 2026] [监控中] 当前最高GPU占用: 95%
[Wed Jan 14 07:48:25 CST 2026] [监控中] 等待 30 秒...
[Wed Jan 14 07:48:55 CST 2026] [监控中] 当前最高GPU占用: 68%
[Wed Jan 14 07:48:55 CST 2026] [监控中] 等待 30 秒...
[Wed Jan 14 07:49:25 CST 2026] [监控中] 当前最高GPU占用: 100%
[Wed Jan 14 07:49:25 CST 2026] [监控中] 等待 30 秒...
[Wed Jan 14 07:49:55 CST 2026] [监控中] 当前最高GPU占用: 78%
[Wed Jan 14 07:49:55 CST 2026] [监控中] 等待 30 秒...
[Wed Jan 14 07:50:26 CST 2026] [监控中] 当前最高GPU占用: 100%
[Wed Jan 14 07:50:26 CST 2026] [监控中] 等待 30 秒...
[Wed Jan 14 07:50:56 CST 2026] [监控中] 当前最高GPU占用: 95%
[Wed Jan 14 07:50:56 CST 2026] [监控中] 等待 30 秒...
[Wed Jan 14 07:51:26 CST 2026] [监控中] 当前最高GPU占用: 94%
[Wed Jan 14 07:51:26 CST 2026] [监控中] 等待 30 秒...
[Wed Jan 14 07:51:56 CST 2026] [监控中] 当前最高GPU占用: 86%
[Wed Jan 14 07:51:56 CST 2026] [监控中] 等待 30 秒...
[Wed Jan 14 07:52:26 CST 2026] [监控中] 当前最高GPU占用: 95%
[Wed Jan 14 07:52:26 CST 2026] [监控中] 等待 30 秒...
[Wed Jan 14 07:52:56 CST 2026] [监控中] 当前最高GPU占用: 100%
[Wed Jan 14 07:52:56 CST 2026] [监控中] 等待 30 秒...
[Wed Jan 14 07:53:26 CST 2026] [监控中] 当前最高GPU占用: 100%
[Wed Jan 14 07:53:26 CST 2026] [监控中] 等待 30 秒...
[Wed Jan 14 07:53:56 CST 2026] [监控中] 当前最高GPU占用: 100%
[Wed Jan 14 07:53:56 CST 2026] [监控中] 等待 30 秒...
[Wed Jan 14 07:54:26 CST 2026] [监控中] 当前最高GPU占用: 100%
[Wed Jan 14 07:54:26 CST 2026] [监控中] 等待 30 秒...
[Wed Jan 14 07:54:56 CST 2026] [监控中] 当前最高GPU占用: 96%
[Wed Jan 14 07:54:56 CST 2026] [监控中] 等待 30 秒...
[Wed Jan 14 07:55:26 CST 2026] [监控中] 当前最高GPU占用: 100%
[Wed Jan 14 07:55:26 CST 2026] [监控中] 等待 30 秒...
[Wed Jan 14 07:55:57 CST 2026] [监控中] 当前最高GPU占用: 66%
[Wed Jan 14 07:55:57 CST 2026] [监控中] 等待 30 秒...
[Wed Jan 14 07:56:27 CST 2026] [监控中] 当前最高GPU占用: 100%
[Wed Jan 14 07:56:27 CST 2026] [监控中] 等待 30 秒...
[Wed Jan 14 07:56:57 CST 2026] [监控中] 当前最高GPU占用: 100%
[Wed Jan 14 07:56:57 CST 2026] [监控中] 等待 30 秒...
[Wed Jan 14 07:57:27 CST 2026] [监控中] 当前最高GPU占用: 65%
[Wed Jan 14 07:57:27 CST 2026] [监控中] 等待 30 秒...
[Wed Jan 14 07:57:57 CST 2026] [监控中] 当前最高GPU占用: 67%
[Wed Jan 14 07:57:57 CST 2026] [监控中] 等待 30 秒...
[Wed Jan 14 07:58:27 CST 2026] [监控中] 当前最高GPU占用: 95%
[Wed Jan 14 07:58:27 CST 2026] [监控中] 等待 30 秒...
[Wed Jan 14 07:58:57 CST 2026] [监控中] 当前最高GPU占用: 74%
[Wed Jan 14 07:58:57 CST 2026] [监控中] 等待 30 秒...
[Wed Jan 14 07:59:27 CST 2026] [监控中] 当前最高GPU占用: 95%
[Wed Jan 14 07:59:27 CST 2026] [监控中] 等待 30 秒...
[Wed Jan 14 07:59:57 CST 2026] [监控中] 当前最高GPU占用: 61%
[Wed Jan 14 07:59:57 CST 2026] [监控中] 等待 30 秒...
[Wed Jan 14 08:00:28 CST 2026] [监控中] 当前最高GPU占用: 95%
[Wed Jan 14 08:00:28 CST 2026] [监控中] 等待 30 秒...
[Wed Jan 14 08:00:58 CST 2026] [监控中] 当前最高GPU占用: 90%
[Wed Jan 14 08:00:58 CST 2026] [监控中] 等待 30 秒...
[Wed Jan 14 08:01:28 CST 2026] [监控中] 当前最高GPU占用: 69%
[Wed Jan 14 08:01:28 CST 2026] [监控中] 等待 30 秒...
[Wed Jan 14 08:01:58 CST 2026] [监控中] 当前最高GPU占用: 95%
[Wed Jan 14 08:01:58 CST 2026] [监控中] 等待 30 秒...
[Wed Jan 14 08:02:28 CST 2026] [监控中] 当前最高GPU占用: 100%
[Wed Jan 14 08:02:28 CST 2026] [监控中] 等待 30 秒...
[Wed Jan 14 08:02:58 CST 2026] [监控中] 当前最高GPU占用: 95%
[Wed Jan 14 08:02:58 CST 2026] [监控中] 等待 30 秒...
[Wed Jan 14 08:03:28 CST 2026] [监控中] 当前最高GPU占用: 100%
[Wed Jan 14 08:03:28 CST 2026] [监控中] 等待 30 秒...
[Wed Jan 14 08:03:58 CST 2026] [监控中] 当前最高GPU占用: 88%
[Wed Jan 14 08:03:58 CST 2026] [监控中] 等待 30 秒...
[Wed Jan 14 08:04:28 CST 2026] [监控中] 当前最高GPU占用: 85%
[Wed Jan 14 08:04:28 CST 2026] [监控中] 等待 30 秒...
[Wed Jan 14 08:04:58 CST 2026] [监控中] 当前最高GPU占用: 100%
[Wed Jan 14 08:04:58 CST 2026] [监控中] 等待 30 秒...
[Wed Jan 14 08:05:28 CST 2026] [监控中] 当前最高GPU占用: 96%
[Wed Jan 14 08:05:28 CST 2026] [监控中] 等待 30 秒...
[Wed Jan 14 08:05:59 CST 2026] [监控中] 当前最高GPU占用: 71%
[Wed Jan 14 08:05:59 CST 2026] [监控中] 等待 30 秒...
[Wed Jan 14 08:06:29 CST 2026] [监控中] 当前最高GPU占用: 95%
[Wed Jan 14 08:06:29 CST 2026] [监控中] 等待 30 秒...
[Wed Jan 14 08:06:59 CST 2026] [监控中] 当前最高GPU占用: 100%
[Wed Jan 14 08:06:59 CST 2026] [监控中] 等待 30 秒...
[Wed Jan 14 08:07:29 CST 2026] [监控中] 当前最高GPU占用: 70%
[Wed Jan 14 08:07:29 CST 2026] [监控中] 等待 30 秒...
[Wed Jan 14 08:07:59 CST 2026] [监控中] 当前最高GPU占用: 93%
[Wed Jan 14 08:07:59 CST 2026] [监控中] 等待 30 秒...
[Wed Jan 14 08:08:29 CST 2026] [监控中] 当前最高GPU占用: 96%
[Wed Jan 14 08:08:29 CST 2026] [监控中] 等待 30 秒...
[Wed Jan 14 08:08:59 CST 2026] [监控中] 当前最高GPU占用: 95%
[Wed Jan 14 08:08:59 CST 2026] [监控中] 等待 30 秒...
[Wed Jan 14 08:09:29 CST 2026] [监控中] 当前最高GPU占用: 100%
[Wed Jan 14 08:09:29 CST 2026] [监控中] 等待 30 秒...
[Wed Jan 14 08:09:59 CST 2026] [监控中] 当前最高GPU占用: 95%
[Wed Jan 14 08:09:59 CST 2026] [监控中] 等待 30 秒...
[Wed Jan 14 08:10:30 CST 2026] [监控中] 当前最高GPU占用: 95%
[Wed Jan 14 08:10:30 CST 2026] [监控中] 等待 30 秒...
[Wed Jan 14 08:11:00 CST 2026] [监控中] 当前最高GPU占用: 77%
[Wed Jan 14 08:11:00 CST 2026] [监控中] 等待 30 秒...
[Wed Jan 14 08:11:30 CST 2026] [监控中] 当前最高GPU占用: 98%
[Wed Jan 14 08:11:30 CST 2026] [监控中] 等待 30 秒...
[Wed Jan 14 08:12:00 CST 2026] [监控中] 当前最高GPU占用: 100%
[Wed Jan 14 08:12:00 CST 2026] [监控中] 等待 30 秒...
[Wed Jan 14 08:12:30 CST 2026] [监控中] 当前最高GPU占用: 95%
[Wed Jan 14 08:12:30 CST 2026] [监控中] 等待 30 秒...
[Wed Jan 14 08:13:00 CST 2026] [监控中] 当前最高GPU占用: 63%
[Wed Jan 14 08:13:00 CST 2026] [监控中] 等待 30 秒...
[Wed Jan 14 08:13:30 CST 2026] [监控中] 当前最高GPU占用: 95%
[Wed Jan 14 08:13:30 CST 2026] [监控中] 等待 30 秒...
[Wed Jan 14 08:14:00 CST 2026] [监控中] 当前最高GPU占用: 94%
[Wed Jan 14 08:14:00 CST 2026] [监控中] 等待 30 秒...
[Wed Jan 14 08:14:30 CST 2026] [监控中] 当前最高GPU占用: 66%
[Wed Jan 14 08:14:30 CST 2026] [监控中] 等待 30 秒...
[Wed Jan 14 08:15:00 CST 2026] [监控中] 当前最高GPU占用: 100%
[Wed Jan 14 08:15:00 CST 2026] [监控中] 等待 30 秒...
[Wed Jan 14 08:15:30 CST 2026] [监控中] 当前最高GPU占用: 95%
[Wed Jan 14 08:15:30 CST 2026] [监控中] 等待 30 秒...
[Wed Jan 14 08:16:00 CST 2026] [监控中] 当前最高GPU占用: 63%
[Wed Jan 14 08:16:00 CST 2026] [监控中] 等待 30 秒...
[Wed Jan 14 08:16:30 CST 2026] [监控中] 当前最高GPU占用: 95%
[Wed Jan 14 08:16:30 CST 2026] [监控中] 等待 30 秒...
[Wed Jan 14 08:17:01 CST 2026] [监控中] 当前最高GPU占用: 100%
[Wed Jan 14 08:17:01 CST 2026] [监控中] 等待 30 秒...
[Wed Jan 14 08:17:31 CST 2026] [监控中] 当前最高GPU占用: 67%
[Wed Jan 14 08:17:31 CST 2026] [监控中] 等待 30 秒...
[Wed Jan 14 08:18:01 CST 2026] [监控中] 当前最高GPU占用: 96%
[Wed Jan 14 08:18:01 CST 2026] [监控中] 等待 30 秒...
[Wed Jan 14 08:18:31 CST 2026] [监控中] 当前最高GPU占用: 95%
[Wed Jan 14 08:18:31 CST 2026] [监控中] 等待 30 秒...
[Wed Jan 14 08:19:01 CST 2026] [监控中] 当前最高GPU占用: 95%
[Wed Jan 14 08:19:01 CST 2026] [监控中] 等待 30 秒...
[Wed Jan 14 08:19:31 CST 2026] [监控中] 当前最高GPU占用: 65%
[Wed Jan 14 08:19:31 CST 2026] [监控中] 等待 30 秒...
[Wed Jan 14 08:20:01 CST 2026] [监控中] 当前最高GPU占用: 95%
[Wed Jan 14 08:20:01 CST 2026] [监控中] 等待 30 秒...
[Wed Jan 14 08:20:31 CST 2026] [监控中] 当前最高GPU占用: 95%
[Wed Jan 14 08:20:31 CST 2026] [监控中] 等待 30 秒...
[Wed Jan 14 08:21:01 CST 2026] [监控中] 当前最高GPU占用: 100%
[Wed Jan 14 08:21:01 CST 2026] [监控中] 等待 30 秒...
[Wed Jan 14 08:21:31 CST 2026] [监控中] 当前最高GPU占用: 100%
[Wed Jan 14 08:21:31 CST 2026] [监控中] 等待 30 秒...
[Wed Jan 14 08:22:02 CST 2026] [监控中] 当前最高GPU占用: 95%
[Wed Jan 14 08:22:02 CST 2026] [监控中] 等待 30 秒...
[Wed Jan 14 08:22:32 CST 2026] [监控中] 当前最高GPU占用: 98%
[Wed Jan 14 08:22:32 CST 2026] [监控中] 等待 30 秒...
[Wed Jan 14 08:23:02 CST 2026] [监控中] 当前最高GPU占用: 83%
[Wed Jan 14 08:23:02 CST 2026] [监控中] 等待 30 秒...
[Wed Jan 14 08:23:32 CST 2026] [监控中] 当前最高GPU占用: 78%
[Wed Jan 14 08:23:32 CST 2026] [监控中] 等待 30 秒...
[Wed Jan 14 08:24:02 CST 2026] [监控中] 当前最高GPU占用: 100%
[Wed Jan 14 08:24:02 CST 2026] [监控中] 等待 30 秒...
[Wed Jan 14 08:24:32 CST 2026] [监控中] 当前最高GPU占用: 94%
[Wed Jan 14 08:24:32 CST 2026] [监控中] 等待 30 秒...
[Wed Jan 14 08:25:02 CST 2026] [监控中] 当前最高GPU占用: 80%
[Wed Jan 14 08:25:02 CST 2026] [监控中] 等待 30 秒...
[Wed Jan 14 08:25:32 CST 2026] [监控中] 当前最高GPU占用: 100%
[Wed Jan 14 08:25:32 CST 2026] [监控中] 等待 30 秒...
[Wed Jan 14 08:26:02 CST 2026] [监控中] 当前最高GPU占用: 100%
[Wed Jan 14 08:26:02 CST 2026] [监控中] 等待 30 秒...
[Wed Jan 14 08:26:32 CST 2026] [监控中] 当前最高GPU占用: 69%
[Wed Jan 14 08:26:32 CST 2026] [监控中] 等待 30 秒...
[Wed Jan 14 08:27:03 CST 2026] [监控中] 当前最高GPU占用: 71%
[Wed Jan 14 08:27:03 CST 2026] [监控中] 等待 30 秒...
[Wed Jan 14 08:27:33 CST 2026] [监控中] 当前最高GPU占用: 84%
[Wed Jan 14 08:27:33 CST 2026] [监控中] 等待 30 秒...
[Wed Jan 14 08:28:03 CST 2026] [监控中] 当前最高GPU占用: 62%
[Wed Jan 14 08:28:03 CST 2026] [监控中] 等待 30 秒...
[Wed Jan 14 08:28:33 CST 2026] [监控中] 当前最高GPU占用: 65%
[Wed Jan 14 08:28:33 CST 2026] [监控中] 等待 30 秒...
[Wed Jan 14 08:29:03 CST 2026] [监控中] 当前最高GPU占用: 95%
[Wed Jan 14 08:29:03 CST 2026] [监控中] 等待 30 秒...
[Wed Jan 14 08:29:33 CST 2026] [监控中] 当前最高GPU占用: 96%
[Wed Jan 14 08:29:33 CST 2026] [监控中] 等待 30 秒...
[Wed Jan 14 08:30:03 CST 2026] [监控中] 当前最高GPU占用: 67%
[Wed Jan 14 08:30:03 CST 2026] [监控中] 等待 30 秒...
[Wed Jan 14 08:30:33 CST 2026] [监控中] 当前最高GPU占用: 93%
[Wed Jan 14 08:30:33 CST 2026] [监控中] 等待 30 秒...
[Wed Jan 14 08:31:03 CST 2026] [监控中] 当前最高GPU占用: 100%
[Wed Jan 14 08:31:03 CST 2026] [监控中] 等待 30 秒...
[Wed Jan 14 08:31:33 CST 2026] [监控中] 当前最高GPU占用: 100%
[Wed Jan 14 08:31:33 CST 2026] [监控中] 等待 30 秒...
[Wed Jan 14 08:32:04 CST 2026] [监控中] 当前最高GPU占用: 95%
[Wed Jan 14 08:32:04 CST 2026] [监控中] 等待 30 秒...
[Wed Jan 14 08:32:34 CST 2026] [监控中] 当前最高GPU占用: 98%
[Wed Jan 14 08:32:34 CST 2026] [监控中] 等待 30 秒...
[Wed Jan 14 08:33:04 CST 2026] [监控中] 当前最高GPU占用: 97%
[Wed Jan 14 08:33:04 CST 2026] [监控中] 等待 30 秒...
[Wed Jan 14 08:33:34 CST 2026] [监控中] 当前最高GPU占用: 66%
[Wed Jan 14 08:33:34 CST 2026] [监控中] 等待 30 秒...
[Wed Jan 14 08:34:04 CST 2026] [监控中] 当前最高GPU占用: 96%
[Wed Jan 14 08:34:04 CST 2026] [监控中] 等待 30 秒...
[Wed Jan 14 08:34:34 CST 2026] [监控中] 当前最高GPU占用: 64%
[Wed Jan 14 08:34:34 CST 2026] [监控中] 等待 30 秒...
[Wed Jan 14 08:35:04 CST 2026] [监控中] 当前最高GPU占用: 75%
[Wed Jan 14 08:35:04 CST 2026] [监控中] 等待 30 秒...
[Wed Jan 14 08:35:34 CST 2026] [监控中] 当前最高GPU占用: 69%
[Wed Jan 14 08:35:34 CST 2026] [监控中] 等待 30 秒...
[Wed Jan 14 08:36:04 CST 2026] [监控中] 当前最高GPU占用: 95%
[Wed Jan 14 08:36:04 CST 2026] [监控中] 等待 30 秒...
[Wed Jan 14 08:36:34 CST 2026] [监控中] 当前最高GPU占用: 95%
[Wed Jan 14 08:36:34 CST 2026] [监控中] 等待 30 秒...
[Wed Jan 14 08:37:05 CST 2026] [监控中] 当前最高GPU占用: 90%
[Wed Jan 14 08:37:05 CST 2026] [监控中] 等待 30 秒...
[Wed Jan 14 08:37:35 CST 2026] [监控中] 当前最高GPU占用: 73%
[Wed Jan 14 08:37:35 CST 2026] [监控中] 等待 30 秒...
[Wed Jan 14 08:38:05 CST 2026] [监控中] 当前最高GPU占用: 0%
  > GPU空闲，连续检查次数: 1 / 6
[Wed Jan 14 08:38:05 CST 2026] [监控中] 等待 30 秒...
[Wed Jan 14 08:38:35 CST 2026] [监控中] 当前最高GPU占用: 0%
  > GPU空闲，连续检查次数: 2 / 6
[Wed Jan 14 08:38:35 CST 2026] [监控中] 等待 30 秒...
[Wed Jan 14 08:39:05 CST 2026] [监控中] 当前最高GPU占用: 0%
  > GPU空闲，连续检查次数: 3 / 6
[Wed Jan 14 08:39:05 CST 2026] [监控中] 等待 30 秒...
[Wed Jan 14 08:39:35 CST 2026] [监控中] 当前最高GPU占用: 0%
  > GPU空闲，连续检查次数: 4 / 6
[Wed Jan 14 08:39:35 CST 2026] [监控中] 等待 30 秒...
[Wed Jan 14 08:40:05 CST 2026] [监控中] 当前最高GPU占用: 0%
  > GPU空闲，连续检查次数: 5 / 6
[Wed Jan 14 08:40:05 CST 2026] [监控中] 等待 30 秒...
[Wed Jan 14 08:40:35 CST 2026] [监控中] 当前最高GPU占用: 0%
  > GPU空闲，连续检查次数: 6 / 6
[Wed Jan 14 08:40:35 CST 2026] GPU持续空闲已达 180 秒。
  > 正在调用 wechat.py 发送通知...
{"code":"Success","data":null,"msg":"","request_id":"6a0b58ada8c7b362f96e96160190cac1"}
  > 通知已发送。进入 [关机确认] 阶段...
[Wed Jan 14 08:40:36 CST 2026] [确认中] 等待 30 秒进行下一次确认...
[Wed Jan 14 08:41:07 CST 2026] [确认中] 当前最高GPU占用: 0%
  > 关机确认中... 进度: 1 / 3
[Wed Jan 14 08:41:07 CST 2026] [确认中] 等待 30 秒进行下一次确认...
[Wed Jan 14 08:41:37 CST 2026] [确认中] 当前最高GPU占用: 0%
  > 关机确认中... 进度: 2 / 3
[Wed Jan 14 08:41:37 CST 2026] [确认中] 等待 30 秒进行下一次确认...
[Wed Jan 14 08:42:07 CST 2026] [确认中] 当前最高GPU占用: 0%
  > 关机确认中... 进度: 3 / 3
[Wed Jan 14 08:42:07 CST 2026] 关机确认完毕。GPU持续空闲，执行关机。
{"code":"Success","data":null,"msg":"","request_id":"aa0f2f0d20dfcddf8f17cf4305d7c546"}
[Wed Jan 14 08:42:08 CST 2026] 执行关机命令 (shutdown -h now)
