smiles,reason
Cn1c(CN2CCN(CC2)c3ccc(Cl)cc3)nc4ccccc14,pubchem_failed
COc1cc(OC)c(cc1NC(=O)CSCC(=O)O)S(=O)(=O)N2C(C)CCc3ccccc23,pubchem_failed
OC[C@H](O)CN1C(=O)C(Cc2ccccc12)NC(=O)c3cc4cc(Cl)sc4[nH]3,pubchem_failed
Cc1cccc(C[C@H](NC(=O)c2cc(nn2C)C(C)(C)C)C(=O)NCC#N)c1,pubchem_failed
OC1(CN2CCC1CC2)C#Cc3ccc(cc3)c4ccccc4,pubchem_failed
COc1cc(OC)c(cc1NC(=O)CCC(=O)O)S(=O)(=O)NCc2ccccc2N3CCCCC3,pubchem_failed
CNc1cccc(CCOc2ccc(C[C@H](NC(=O)c3c(Cl)cccc3Cl)C(=O)O)cc2C)n1,pubchem_failed
Oc1ncnc2scc(c3ccsc3)c12,pubchem_failed
CS(=O)(=O)c1ccc(Oc2ccc(cc2)C#C[C@]3(O)CN4CCC3CC4)cc1,pubchem_failed
C[C@H](Nc1nc(Nc2cc(C)[nH]n2)c(C)nc1C#N)c3ccc(F)cn3,pubchem_failed
CCCSc1ncccc1C(=O)N2CCCC2c3ccncc3,pubchem_failed
CC1CCCCC1NC(=O)c2cnn(c2NS(=O)(=O)c3ccc(C)cc3)c4ccccc4,pubchem_failed
Nc1ccc(cc1)c2nc3ccc(O)cc3s2,pubchem_failed
COc1ccc(cc1)N2CCN(CC2)C(=O)[C@@H]3CCCC[C@H]3C(=O)NCC#N,pubchem_failed
COc1cc(ccc1N2CC[C@@H](O)C2)N3N=Nc4cc(sc4C3=O)c5ccc(Cl)cc5,pubchem_failed
CO[C@H]1CN(CCN2C(=O)C=Cc3ccc(cc23)C#N)CC[C@H]1NCc4ccc5OCC(=O)Nc5n4,pubchem_failed
CC(C)(CCCCCOCCc1ccccc1)NCCc2ccc(O)c3nc(O)sc23,pubchem_failed
Clc1ccc(cc1)C(=O)Nc2oc(nn2)C(=O)Nc3ccc(cc3)N4CCOCC4,pubchem_failed
OC(=O)c1cccc(c1)N2CCC(CN3CCC(CC3)Oc4ccc(Cl)c(Cl)c4)CC2,pubchem_failed
Clc1ccc(N2CCN(CC2)C(=O)CCCc3ccncc3)c(Cl)c1,pubchem_failed
COc1cnc(nc1N(C)C)c2ccccn2,pubchem_failed
C(CCCCNc1cc(nc2ccccc12)c3ccccc3)CCCNc4cc(nc5ccccc45)c6ccccc6,pubchem_failed
CSc1c(cnn1c2ccc(cc2)C(=O)O)C(=O)NC3C4CC5CC(CC3C5)C4,pubchem_failed
CNC1=Nc2ncccc2C(=NC1c3cccs3)c4occn4,pubchem_failed
CS(=O)(=O)C1(CC1)c2cc(nc(n2)c3cccc4[nH]ccc34)N5CC6CCC(C5)O6,pubchem_failed
CN([C@@H]1CCN(Cc2ccc(cc2)C(F)(F)F)C[C@@H]1F)C(=O)Cc3ccc(cc3)n4cnnn4,pubchem_failed
CS(=O)(=O)c1ccccc1C(=O)NC[C@@H](O)CN2CCC(CC2)Oc3ccc(Cl)c(Cl)c3,pubchem_failed
O=C(NCc1ccncc1)c2ccc(Oc3ccccc3C#N)cc2,pubchem_failed
CN(C)c1ccnc2sc(C(=O)NCc3ccccc3)c(N)c12,pubchem_failed
CN1CCN(CC1)c2ccc3N=CN(C(=O)c3c2)c4cc(NC(=O)c5cscn5)ccc4C,pubchem_failed
Cn1cncc1c2c3C(=O)N(CC4CC4)C(=O)N(CC5CC5)c3nn2Cc6ccnc7ccc(Cl)cc67,pubchem_failed
COc1ccc2ncc(C#N)c(CCN3CCC(CC3)NCc4cc5SCOc5cn4)c2c1,pubchem_failed
CNC(=O)C1(CCN(CC[C@H](CN(C)C(=O)c2c(OC)c(cc3ccccc23)C#N)c4ccc(Cl)c(Cl)c4)CC1)N5CCCCC5=O,pubchem_failed
NC(=NC#N)c1sc(Nc2ccccc2)nc1N,pubchem_failed
CCS(=O)(=O)c1ccc(c(C)c1)c2cc(ccc2O[C@H](C)C(=O)O)C(F)(F)F,pubchem_failed
OC(=O)COc1ccc(cc1c2cc(ccc2F)C#N)C(F)(F)F,pubchem_failed
CC(Nc1ncnc2ccccc12)c3ccccc3,pubchem_failed
O[C@@H](CNCCCOCCOCCc1cccc2ccccc12)c3ccc(O)c4NC(=O)Sc34,pubchem_failed
COc1ccccc1Cn2c(C)nc3ccccc23,pubchem_failed
OC(=O)c1ccc(NC(=O)c2cc(OCc3ccccc3F)cc(OCc4ccccc4F)c2)nc1,pubchem_failed
OC(=O)CCC[C@H]1[C@@H](Cc2ccccc12)NC(=O)c3cc4cc(F)ccc4[nH]3,pubchem_failed
CCNC(=O)c1cc2c(c(cnc2[nH]1)c3cncc(c3)C(=O)O)n4ccc(n4)C(F)(F)F,pubchem_failed
C[C@H](NC(=O)c1c(C)nn(C2CCCC2)c1NS(=O)(=O)c3ccc(C)cc3)C(C)(C)C,pubchem_failed
N(c1ccccc1)c2cc(Nc3ccccc3)[nH]n2,pubchem_failed
COCCNC(=O)c1cccc(Nc2ncc3cc(ccc3n2)c4ccncc4)c1,pubchem_failed
CCC(CC)NC(=O)c1cnn(C)c1NS(=O)(=O)c2ccc(C)cc2,pubchem_failed
NC(=O)c1cc(F)cc(O[C@H]2C[C@H]3CC[C@@H](C2)N3Cc4ccccc4)c1,pubchem_failed
O=C1NC(=NC(=C1C#N)c2ccccc2)SCCc3ccccc3,pubchem_failed
Cc1ccccc1NC(=O)CCS(=O)(=O)c2ccc(Br)s2,pubchem_failed
CC(C)n1c(C)ncc1c2nc(Nc3ccc(cc3)C(=O)N(C)C)ncc2F,pubchem_failed
COc1cccc(c1)c2c[nH]c(n2)c3ccccc3,pubchem_failed
COc1cc2ncc(C(=O)N)c(Nc3ccc(F)cc3F)c2cc1NCCN(C)C,pubchem_failed
CO[C@@H]1CC[C@@]2(CC1)Cc3ccc(OCC(C)C)cc3C24N=C(C)C(=N4)N,pubchem_failed
COc1cc2ncnc(Nc3ccc(F)c(Cl)c3)c2cc1OCCCN4CCCC4,pubchem_failed
O=C1CCOc2cc(COc3ccccc3)ccc12,pubchem_failed
Clc1cccc2cn[nH]c12,pubchem_failed
CNC(=O)c1ccc(CC(=O)N(C)C2CCN(Cc3ccc(cc3)C(F)(F)F)CC2)cc1,pubchem_failed
COCCNCc1ccc(CCNC[C@H](O)c2ccc(O)c3NC(=O)Sc23)cc1,pubchem_failed
Cn1cncc1c2c3C(=O)N(CC#C)C(=O)N(CC4CC4)c3nn2Cc5ccnc6ccc(Cl)cc56,pubchem_failed
C[C@H](NC(=O)c1cccnc1Oc2ccccc2)c3ccccc3,pubchem_failed
Clc1ccc(CN2CC3CNCC(C2)O3)cc1C(=O)NCC45CC6CC(CC(C6)C4)C5,pubchem_failed
Cc1cc(CCC2CCN(CC2)S(=O)(=O)CC3(CCOCC3)N(O)C=O)c(C)cn1,pubchem_failed
C[C@H](Nc1ncc(F)c(Nc2cc([nH]n2)C3CC3)n1)c4ncc(F)cn4,pubchem_failed
CC(=O)Nc1ccc2c(c1)c(cn2CCCO)c3cc(NC4CC4)n5ncc(C#N)c5n3,pubchem_failed
CC1(CC1)c2nc(ncc2C(=O)N[C@@H]3C4CC5CC3C[C@@](O)(C5)C4)N6CCOCC6,pubchem_failed
COC(=O)c1ccc(C)c(NS(=O)(=O)c2ccc3N(C)SC(=O)c3c2)c1,pubchem_failed
Oc1cc(nc2ccnn12)c3ccccc3,pubchem_failed
Fc1cc(cc(F)c1C2=CCN(CC2)C=O)N3C[C@H](COc4ccon4)OC3=O,pubchem_failed
CC(C#C)N1C(=O)N(CC2CC2)c3nn(Cc4ccnc5ccc(Cl)cc45)c(c3C1=O)c6cncn6C,pubchem_failed
C[C@H]1CN(Cc2cc(Cl)ccc2OCC(=O)O)CCN1C(=O)Cc3ccccc3,pubchem_failed
COc1cc(Nc2nc(N[C@@H](C)c3ncc(F)cn3)ncc2Br)n[nH]1,pubchem_failed
Cc1nc(C)c(nc1C(=O)N)c2ccc([C@@H]3CC[C@@H](CC(=O)O)CC3)c(F)c2,pubchem_failed
COc1ccnc(CCc2nc3c(C)ccnc3[nH]2)c1,pubchem_failed
CN(C)C(=O)c1ccc(CN2CCc3cc4nc(N)sc4cc3CC2)cc1,pubchem_failed
CC(C)N(CCCNC(=O)Nc1ccc(cc1)C(C)(C)C)C[C@H]2O[C@H]([C@H](O)[C@@H]2O)n3cnc4c(N)ncnc34,pubchem_failed
CCN(CC)CCCCNc1ncc2CN(C(=O)N(Cc3cccc(NC(=O)C=C)c3)c2n1)c4c(Cl)c(OC)cc(OC)c4Cl,pubchem_failed
CCSc1c(Cc2ccccc2C(F)(F)F)sc3N(CC(C)C)C(=O)N(C)C(=O)c13,pubchem_failed
COc1ccc(Cc2c(N)n[nH]c2N)cc1,pubchem_failed
CCN(CCN(C)C)S(=O)(=O)c1ccc(cc1)c2cnc(N)c(n2)C(=O)Nc3cccnc3,pubchem_failed
CC1=CN([C@H]2CCCN(C2)S(=O)(=O)c3ccc(O)c(Oc4ccccc4)c3)C(=O)NC1=O,pubchem_failed
C1Oc2ccccc2C3=NN(CC13)c4ccccc4,pubchem_failed
CC(C)CC(N1NC(=O)c2nc3cc(Cl)ccc3c(O)c2C1=O)c4ccncc4,pubchem_failed
FC(F)c1nc2ccccc2[nH]1,pubchem_failed
O[C@@H](CNC1CCN(Cc2ccc(Cl)c(Cl)c2)CC1)COc3cccc(c3)C#N,pubchem_failed
COc1cc2ncc(C(=O)N)c(Nc3ccc(F)cc3F)c2cc1N4CCN(C)CC4,pubchem_failed
Oc1ccccc1OC(=O)c2cccc3ccccc23,pubchem_failed
COc1ccccc1CNc2cc(C)ccn2,pubchem_failed
Nc1nc(Nc2cccc(Br)c2)c3nc[nH]c3n1,pubchem_failed
Nc1c2CCN(c3ccccc3)c2nc4ccc(Br)cc14,pubchem_failed
COc1cc(OC)c(cc1NC(=O)CCC(=O)O)S(=O)(=O)N(c2ccc(C)cc2)c3ccc(C)cc3,pubchem_failed
OC(C(=O)c1ccc(F)cc1)c2ccc(F)cc2,pubchem_failed
CC(C)C[C@H](N)c1oc(nn1)S(=O)(=O)Cc2ccc(F)cc2,pubchem_failed
CC(C)COc1cccc(c1)C(=O)Nc2ccc(C)c(c2)C(=O)Nc3cccnc3,pubchem_failed
COc1ccc(OC)c(CNC(=O)c2cccnc2Oc3ccccc3)c1,pubchem_failed
CC(C(Cc1nc2ccccc2[nH]1)c3nc4ccccc4[nH]3)c5ccccc5,pubchem_failed
Clc1ccc2OCC(=O)N(CCN3CCC(CC3)NCc4ccc5OCC(=O)Nc5n4)c2c1,pubchem_failed
OC(=O)Cc1ccc(cc1)N2CCC(CN3CCC(CC3)Oc4ccc(Cl)c(Cl)c4)CC2,pubchem_failed
COc1cc2ncc(C(=O)N)c(Nc3cccc(Cl)c3F)c2cc1OC,pubchem_failed
CN(C1CCN(CCC(c2ccccc2)c3ccccc3)CC1)C(=O)C4CCC4,pubchem_failed
NC(=N)NC(=O)c1nc(Cl)c(NCc2ccccn2)nc1N,pubchem_failed
Nc1c(NC2CC3CCC2C3)nc(nc1N4CCOCC4)C#N,pubchem_failed
CCN(C1CCN(CCC(c2ccccc2)c3ccccc3)CC1)C(=O)NCc4c(F)cccc4F,pubchem_failed
NC1(CCN(CC1)c2ncnc3[nH]ccc23)C(=O)NCc4ccc(Cl)cc4,pubchem_failed
Cc1ncc(nc1C(=O)N)c2ccc(cc2)[C@@H]3CC[C@@H](CC(=O)O)CC3,pubchem_failed
Cc1ccc(cc1)S(=O)(=O)NC(=O)N2CCC(CC2)N3CCC(CC3)Oc4ccc(Cl)cc4Cl,pubchem_failed
O=C1C=COc2cc(OCc3ccccc3)ccc12,pubchem_failed
[O-][N+](=O)c1ccc2OC(CN(c2c1)c3cccc[n+]3[O-])(C(F)F)C(F)F,pubchem_failed
Cc1ncc(nc1c2ccc(cc2)[C@@H]3CC[C@H](CC3)C(=O)O)C(=O)N,pubchem_failed
Nc1nnc(CCSCCc2nnc(NC(=O)Cc3ccccc3)s2)s1,pubchem_failed
COc1cc(OC2CCN(CC2)C(=O)C)ccc1Nc3ncc(Cl)c(n3)c4cnc5ccccn45,pubchem_failed
COc1ccc(cc1)C2=CC(=O)c3ccccc3N2,pubchem_failed
COC1\C=C\OC2(C)Oc3c(C)c(O)c4C(=O)C(=CC(=O)c4c3C2=O)NC(=O)\C(=C/C=C/C(C)C(O)C(C)C(O)C(C)C(OC(=O)C)C1C)\C,pubchem_failed
CN1C(=O)N(CC2CC2)c3nn(Cc4ccnc5ccc(Cl)cc45)c(c6cc(cn6C)C#N)c3C1=O,pubchem_failed
Cc1ccc(cc1NC(=O)c2ccc(OCc3ccccn3)cc2)c4nccn4C,pubchem_failed
Oc1ccc2C(=O)C=C(Oc2c1)N3CCOCC3,pubchem_failed
Clc1ccc(N2CCN(CC2)C(=O)COCc3cscn3)c(Cl)c1,pubchem_failed
Oc1ccc(cc1)N2C=Nc3cc(O)ccc3C2=O,pubchem_failed
O[C@@H](CNCCc1ccccc1CNCCc2ccccc2F)c3ccc(O)c4NC(=O)Sc34,pubchem_failed
OCC(CO)N1C=Cc2c(NC(=O)CC34CC5CC(CC(C5)C3)C4)cccc2C1=O,pubchem_failed
COc1ccc(c(OC)n1)c2c(F)ccc3c(N)c(nnc23)C(=O)NC4CC4,pubchem_failed
Clc1ccccc1c2cnn[nH]2,pubchem_failed
NC(=O)c1ccc(Oc2cccc3cccnc23)c(c1)[N+](=O)[O-],pubchem_failed
NC(=O)Nc1cc(sc1C(=O)N)c2cccc(O)c2,pubchem_failed
COC(=O)C1=Nc2c(N[C@H](C)CO)nc(SCc3cccc(F)c3F)nc2NC1=O,pubchem_failed
COc1cccc(NC(=O)Cn2cc(Oc3ncnc4cc(OC)c(OC)cc34)cn2)c1,pubchem_failed
CC(C)CN1C(=O)N(C)C(=O)c2c1sc(Cn3c(C)nc(Cl)c3Cl)c2C(=O)N4CC[C@@H](O)C4,pubchem_failed
O=C(NC1(CC1)C#N)[C@@H]2CCCC[C@H]2C(=O)N3CCN(CC3)c4ncc(C#N)s4,pubchem_failed
Cc1ccc(NC(=N)N)cc1C,pubchem_failed
Clc1ccc(cc1C(=O)NCC2CCCCC2)N3N=CC(=O)NC3=O,pubchem_failed
O=C(Oc1ccccc1)N2CCOCC2,pubchem_failed
CC(C)(C#N)c1cnc(s1)N2CCN(CC2)C(=O)[C@@H]3CCCC[C@H]3C(=O)NC4(CC4)C#N,pubchem_failed
FC(F)(F)c1nnc2ccc(nn12)N3CCCCC3,pubchem_failed
Cc1c(Sc2ccc(Cl)cc2)c3c(NS(=O)(=O)C)cccc3n1CC(=O)O,pubchem_failed
CCCNC(=O)CSc1ccc(cn1)S(=O)(=O)N2CCCC2,pubchem_failed
C[C@@H](Oc1cccc2ncnc(Nc3ccc4c(cnn4Cc5ccccn5)c3)c12)C(=O)N6CCOCC6,pubchem_failed
COc1ccc(Cn2cc3N(CC(C)C)C(=O)N(C)C(=O)c3c2)cc1,pubchem_failed
COc1cc2c(Nc3ccc(Cl)cc3F)ncnc2cc1OCCn4cncn4,pubchem_failed
CC(=O)Nc1nc(C)c(s1)c2cnc(F)c(NS(=O)(=O)c3sc(C)nc3C)c2,pubchem_failed
Cc1ccc2c(c1)c(c(C)n2CC(=O)O)c3ccnc4ccc(cc34)C(F)(F)F,pubchem_failed
CSc1ncccc1C(=O)Nc2nccs2,pubchem_failed
Cc1nc2ccc(Cl)cn2c1c3ccnc(N)n3,pubchem_failed
C[C@@H](NC(=O)C1CCCCN1C)c2ccc(Nc3ncc4cc(ccc4n3)c5ccncc5)cc2,pubchem_failed
CN(C)C(=O)CN1CCN(CCc2c([nH]c3sc(cc23)C(C)(C)C(=O)N4C5CCC4CC5)c6cc(C)cc(C)c6)CC1,pubchem_failed
CN[C@@H](C)C(=O)N[C@H](C(=O)N[C@H]1CCCN(CCc2ccc(F)cc2)C1)C(C)(C)C,pubchem_failed
NC1(CCC1)c2ccc(cc2)c3ncc4ccncc4c3c5ccccc5,pubchem_failed
CC(C)C(NC(=O)CN1C(=O)C(=CC=C1c2ccccc2)NS(=O)(=O)C)C(=O)C(F)(F)F,pubchem_failed
C[C@@H]1CN([C@@H](C)CN1C(=O)c2ccc(cc2)C#N)C(=O)[C@@](C)(O)C(F)(F)F,pubchem_failed
CCOc1ccccc1c2ccc(cc2)c3nc4ccc(F)cc4c(N[C@H](C)C(=O)O)c3C#N,pubchem_failed
Clc1ccc(CC2CCNCC2)cc1C(=O)NCC34CC5CC(CC(C5)C3)C4,pubchem_failed
CC[C@H](NC(=O)c1c(c(nc2ccccc12)c3ccccc3)S(=O)(=O)C)c4ccccc4,pubchem_failed
Fc1ccc(NC(=O)c2cccnc2Oc3ccccc3)cc1,pubchem_failed
CC(C)OC(=O)N1CCC(CC1)Oc2ncnc(Nc3ccc(nc3C)S(=O)(=O)C)c2C,pubchem_failed
Cc1ccccc1c2c(C(=O)O)n(CCCOc3cccc4ccccc34)c5ccccc25,pubchem_failed
C[C@@H](NCc1ccccc1c2ccc(CCNC[C@H](O)c3ccc(O)c4NC(=O)Sc34)cc2)c5ccccc5,pubchem_failed
Nc1nc(Nc2ccc(F)c(Cl)c2)c3nc[nH]c3n1,pubchem_failed
CCCSc1nc(N[C@@H]2C[C@H]2c3ccccc3)c4nnn([C@@H]5C[C@H](O)[C@@H](O)[C@H]5O)c4n1,pubchem_failed
CSc1ccc(cc1)N2C(=NC(=NC2(C)C)N)N,pubchem_failed
C[C@@H]1N[S@@](=O)(=NC1=O)c2cccc(c2)c3ccc(C)cc3,pubchem_failed
Nc1nc(N)nc(n1)c2cccc(c2)C(F)(F)F,pubchem_failed
Fc1ccc(cc1)S(=O)(=O)NC(=O)N2CCC(CC2)N3CCC(CC3)Oc4ccc(Cl)c(Cl)c4,pubchem_failed
OC(=O)COc1ccc(Cl)cc1CN2CCCN(CC2)S(=O)(=O)Cc3ccccc3,pubchem_failed
Clc1ccccc1CCNC(=O)c2cc(ccc2Cl)N3N=CC(=O)NC3=O,pubchem_failed
Clc1ccc2C(=O)C3=C(Nc2c1)C(=O)NN(Cc4ccccn4)C3=O,pubchem_failed
C[C@@H](NC(=O)[C@H]1CCCCN1)c2ccc(Nc3ncc4cc(ccc4n3)c5ccncc5)cc2,pubchem_failed
CC(C)CN1C(=O)N(C)C(=O)c2c1sc(Cc3cccc4ncccc34)c2C(=O)N5CC[C@@H](O)C5,pubchem_failed
C[C@H](NC(=O)[C@@H]1CCCC[C@H]1C(=O)N2CCc3[nH]c4ccc(F)cc4c3C2)C#N,pubchem_failed
CC(C)C(NC(=O)CN1C(=O)C(=CC=C1c2ccccc2)NS(=O)(=O)N)C(=O)C(F)(F)F,pubchem_failed
OC(=O)C1CCN(CC1)c2ncccc2c3ccc(Cl)c(c3)C(=O)NCC4CCCCCC4,pubchem_failed
Cc1ccc(cc1)c2cccc(c2)c3nn[nH]n3,pubchem_failed
Cc1ccc2c(n1)c(Sc3ccc(Cl)cc3)c(C)n2CC(=O)O,pubchem_failed
CN(C1CCN(C)CC1)c2nccc(Nc3cc(NC(=O)c4ccnc(c4)N5CCOCC5)ccc3C)n2,pubchem_failed
CCCCCC[C@H]1OC(=O)CNC(=O)[C@H](NC(=O)[C@H](CO)NC(=O)[C@@H](NC(=O)[C@H](CC(C)C)N(C)C(=O)[C@@H]1C)[C@H](C)CC)[C@H](C)O,pubchem_failed
CN[C@@H](C)C(=O)N[C@@H](C1CCCCC1)C(=O)N[C@H]2CCN(C2)C(=O)c3ccccc3,pubchem_failed
Cc1cnc([nH]1)c2ccc(C)c(NC(=O)c3ccc(OCc4ccccn4)cc3)c2,pubchem_failed
O=C(NCCSCc1ccccc1)c2ccccc2,pubchem_failed
OC(=O)[C@@H](Cc1ccccc1)N2CCC(CN3CCC(CC3)Oc4ccc(Cl)c(Cl)c4)CC2,pubchem_failed
CC(C)CN1C(=O)N(C)C(=O)c2c1sc(Cc3c[nH]c4ccccc34)c2C(=O)N5CC[C@@H](O)C5,pubchem_failed
C[C@H](Nc1cnc(C)c(Nc2cc(C)[nH]n2)n1)c3ccc(F)cn3,pubchem_failed
C(CN1CCCCC1)C2CCc3cc(OCc4ccc(cc4)c5ccccc5)ccc3C2,pubchem_failed
Nc1ccccc1NC(=O)c2ccc(cc2)C3CCN(Cc4ccc(cc4)C(=O)NC5CC5)CC3,pubchem_failed
CC(Cc1cccc(CNCCc2c(Cl)cccc2Cl)c1)NC[C@H](O)c3ccc(O)c4NC(=O)Sc34,pubchem_failed
OCC[C@@]1(CCCNC1)c2ccc(Cl)c(Cl)c2,pubchem_failed
COc1ccccc1C(NC(=O)[C@@H]2CCCC[C@H]2C(=O)N3CCN(Cc4ccc(F)cc4)CC3)C#N,pubchem_failed
Oc1c2C(=O)N(NC(=O)c2nc3cc(Cl)ccc13)C(C4CC4)c5ccncc5,pubchem_failed
Cc1cc(OC2CCN(CC3CCN(CC3)[C@@](C)(Cc4ccc(F)cc4)C(=O)O)CC2)ccc1Cl,pubchem_failed
OC(=O)[C@H](Cc1ccccc1)N2CCC(CN3CCC(CC3)Oc4ccc(Cl)c(Cl)c4)CC2,pubchem_failed
COc1cc(Nc2nccc(n2)N(C)c3cc(CO)ccc3C)cc(c1)N4CCOCC4,pubchem_failed
O=C(Nc1nc2C(=O)NC=Nc2s1)c3ccccc3,pubchem_failed
CC[C@H](NC(=O)c1c([S+](C)[O-])c(nc2ccccc12)c3ccc(F)cc3)c4ccccc4,pubchem_failed
CC1=CN([C@H]2CCCN(C2)S(=O)(=O)c3ccc(O)c(Oc4cccc(c4)C(F)(F)F)c3)C(=O)NC1=O,pubchem_failed
COc1ccc2nc(N[C@H]3CCC[C@@H](C3)NCc4ccsc4)ccc2c1,pubchem_failed
CN1CCN(CC1)c2ncnc3c2sc4nc(C)cc(C)c34,pubchem_failed
CC(C)(C)OC(=O)N1CCN(CC1)c2ncc(OCc3ccc(cc3)S(=O)(=O)C)cn2,pubchem_failed
O=C(COc1ccccc1)N2CCOCC2,pubchem_failed
Cc1nnsc1C(=O)Nc2ccccc2,pubchem_failed
CC1=CN([C@H]2CCCN(Cc3ccc(C(=O)O)c(Oc4cccc(c4)C(F)(F)F)c3)C2)C(=O)NC1=O,pubchem_failed
Cc1ccccc1N2C(=Nc3cccc(C)c3C2=O)Cn4nc(c5ccc(O)c(F)c5)c6c(N)ncnc46,pubchem_failed
Nc1cc(nc2ccc(Nc3cc(nc(N)n3)c4cccc(Cl)c4)cc12)c5ccc(F)cc5,pubchem_failed
C[C@H](NC(=O)c1c(C)nn(C2CCOC2)c1NS(=O)(=O)c3ccc(C)cc3)C(C)(C)C,pubchem_failed
CC(C(=O)O)n1c(C)c(Sc2ccc(Cl)cc2)c3cc(Cl)ccc13,pubchem_failed
NC(=O)c1sc(cc1N)c2ccccc2,pubchem_failed
Cc1ccc2c(c1)c(c(C)n2CC(=O)O)c3ccnc4cc(Cl)ccc34,pubchem_failed
COc1ccc2ncc(F)c(CCN3CCC(CC3)NCc4cc5OCCOc5cn4)c2n1,pubchem_failed
O=C1CCOc2nc(CCc3ccccc3)ccc12,pubchem_failed
CC(C)C(=O)NCCNCC(O)COc1ccc(O)cc1,pubchem_failed
NC1(CCC1)c2ccc(cc2)c3nn4cccc4cc3c5ccccc5,pubchem_failed
OC(=O)COc1ccc(cc1CN2CCN(CC2)S(=O)(=O)c3ccccc3)C(F)(F)F,pubchem_failed
CSCCC(NC(=O)c1sccc1Cl)c2nc3ccccc3[nH]2,pubchem_failed
COc1ccnc(CCc2nc3cccnc3[nH]2)c1,pubchem_failed
[O-][N+](=O)c1cccc(c1)C(=O)Nc2nc3ccccc3n2CCN4CCOCC4,pubchem_failed
CC(C)[C@@H](CO)NS(=O)(=O)c1ccc(Cl)s1,pubchem_failed
CC(C)C(NC(=O)CN1C(=O)C(=CC=C1c2cccnc2)NC(=O)OCc3ccccc3)C(=O)C(F)(F)F,pubchem_failed
COc1ccc2nccc([C@H](O)C3CC4CCN3CC4C=C)c2c1,pubchem_failed
Clc1ccc(Cl)c(c1)S(=O)(=O)Nc2nccs2,pubchem_failed
O=C1COC2(CCN(CC2)S(=O)(=O)c3ccc(cc3)c4ccc5cnccc5c4)CN1C6CC6,pubchem_failed
COc1ccc(cc1)c2cc(Nc3ccn(C)n3)n4ncc(C#N)c4n2,pubchem_failed
Cc1cc(C(=O)CN2C=C(C=CC2=O)C(F)(F)F)c(C)n1Cc3ccccc3,pubchem_failed
Oc1ccc2nc(sc2c1)c3ccccc3,pubchem_failed
CS(=O)(=O)c1ccc(c(Cl)c1)c2cc(Cl)ccc2OCC(=O)O,pubchem_failed
OC[C@H]1C[C@H]([C@H](O)[C@@H]1O)n2nnc3c(N[C@@H]4C[C@H]4c5ccc(F)c(F)c5)nc(SCCC(F)(F)F)nc23,pubchem_failed
NC(=O)c1ccccc1OCc2ccccc2,pubchem_failed
Cc1ccc(F)cc1S(=O)(=O)N[C@@H]2CCN(Cc3ccc(cc3)c4ccccc4)C2,pubchem_failed
CC(=O)Nc1ccc2c(c1)c(Sc3ccc(Cl)cc3)c(C)n2CC(=O)O,pubchem_failed
O=C1CCOc2nc(ccc12)C#CC3CCCC3,pubchem_failed
COc1ccccc1c2nnc(N)[nH]2,pubchem_failed
COc1ccc(cc1OC)N2CCN(CC2)C(=O)[C@@H]3CCCC[C@H]3C(=O)NC4(CC4)C#N,pubchem_failed
CCN(C1CCN(CCC(c2ccccc2)c3ccc(NS(=O)(=O)C)cc3)CC1)C(=O)Cc4ccc(cc4)S(=O)(=O)C,pubchem_failed
O[C@@H](CNCCSCCCNCCc1ccccc1)c2ccc(O)c3NC(=O)Sc23,pubchem_failed
CC(C)(C)NS(=O)(=O)c1cncc(c1)c2ccc3nc(NC(=O)NCC(=O)N4CCOCC4)nn3c2,pubchem_failed
CC[C@H](NC(=O)c1c([S+]([O-])C(C)C)c(nc2ccccc12)c3ccccc3)c4ccccc4,pubchem_failed
COc1cc(OC)c(cc1NC(=O)COC(=O)C)S(=O)(=O)N2C(C)CCc3ccccc23,pubchem_failed
CC1CN(C(=O)c2ccccc2)c3ccccc3NC1=O,pubchem_failed
COc1cc2ncn(c3cc(OCc4ccccc4C(F)(F)F)c(s3)C(=O)O)c2cc1OC,pubchem_failed
O[C@@H](CNCCCSCCNCCc1cccc(Cl)c1Cl)c2ccc(O)c3NC(=O)Sc23,pubchem_failed
NC(=O)Nc1cc(sc1C(=O)N[C@H]2CCCNC2)c3cccc(F)c3F,pubchem_failed
CC(C)C(=O)Nc1nc(cc2ccccc12)c3ccccn3,pubchem_failed
C[C@@](O)(C(=O)Nc1ccc(cc1Cl)S(=O)(=O)NCC=C)C(F)(F)F,pubchem_failed
COc1ccc(cc1)C(=O)NCc2cn(nn2)c3cc(C)nc4ccc(OC)cc34,pubchem_failed
Oc1ccc(CCNCCCS(=O)(=O)NCCOCCc2cccc(Cl)c2)c3sc(O)nc13,pubchem_failed
CNC(=O)c1cc(c2nc(cc(n2)C3(CC3)S(=O)(=O)C)N4CCOCC4)c5cc[nH]c5c1,pubchem_failed
O=C1Nc2ccccc2C(=O)C=C1,pubchem_failed
Fc1ccc(CN2CCN(CC2)C3=Nn4c(CC3)nnc4C(F)(F)F)cc1,pubchem_failed
Clc1ccc(cc1)C2(CCCC2)C(=O)Nc3oc(nn3)C(=O)Nc4ccc(cc4)N5CCOCC5,pubchem_failed
CC[C@H](NC(=O)c1c(CN(C)C)c(nc2ccccc12)c3ccccc3)c4ccccc4,pubchem_failed
COc1ccnc(CCc2nc3cc(Br)cnc3[nH]2)c1,pubchem_failed
CCOc1ccc2oc(C(=O)NC(CCSC)c3nc4ncccc4[nH]3)c(C)c2c1,pubchem_failed
CS(=O)(=O)C1(CC1)c2cc(nc(n2)c3cccc(N)c3)N4CCOCC4,pubchem_failed
Nc1ncc(nc1C(=O)Nc2cccnc2)c3ccc(cc3)S(=O)(=O)N4CCOCC4,pubchem_failed
CS(=O)(=O)NCC(NC(=O)C1(N)CCN(CC1)c2ncnc3[nH]ccc23)c4ccc(Cl)cc4,pubchem_failed
CN1CCN(CC1)c2ccc(NC(=O)c3oc(Nc4ccccc4F)nn3)cn2,pubchem_failed
CC[C@H](NC(=O)c1c([S+](C)[O-])c(nc2cc(Br)ccc12)c3ccccc3)c4ccccc4,pubchem_failed
COc1cc(ccc1Nc2ncc(Cl)c(n2)c3cnc4c(F)cc(F)cn34)N5CCN(CC5)C(=O)C,pubchem_failed
CON(C)C(=O)c1c(Cn2c(C)nc(Cl)c2Cl)sc3N(CC(C)C)C(=O)N(C)C(=O)c13,pubchem_failed
NC1(CCN(CC1)c2ncnc3[nH]ccc23)C(=O)NC(C4CC4)c5ccc(Cl)cc5,pubchem_failed
O[C@H](CNC(=O)c1n[nH]c2ccccc12)CN3CCC(CC3)Oc4ccc(Cl)c(Cl)c4,pubchem_failed
CN1CCC(CC1)n2cc(c(C)n2)c3cnc(N)c(c3)c4oc5ccccc5n4,pubchem_failed
CC1N(C(=O)c2ccccc2)c3ccccc3NC1=O,pubchem_failed
CC(C)C(NC(=O)CN1C(=O)C(=CN=C1c2ccccc2)NC(=O)OCC(F)(F)F)C(=O)C(F)(F)F,pubchem_failed
COc1ccc2N=CC(=O)N(CCN3CC[C@@H](NCc4cc5OCCOc5cn4)[C@@H](O)C3)c2c1,pubchem_failed
CCOc1cc2nccc(Oc3cnc(CC(=O)Nc4n[nH]c(CC)c4C)c(OC)c3)c2cc1OC,pubchem_failed
CCNc1nc(Nc2ccccc2)nc(n1)C#N,pubchem_failed
O=C1CCOc2nc(\C=C\c3ccccc3)ccc12,pubchem_failed
COc1cc2ncnc(Nc3cc(NC(=O)c4ccnc(c4)N5CCOCC5)ccc3C)c2cc1OCCN6CCCC6,pubchem_failed
Cc1cc(Oc2ccc3OCOc3c2)nc(Oc4ccc(cc4)n5ccnc5)n1,pubchem_failed
CS(=O)(=O)Cc1cc(nc(n1)c2cnc3[nH]ccc3c2)N4CCOCC4,pubchem_failed
COC(=O)CCCC(=O)Nc1ccc2C(=O)C(=O)c3ccccc3c2c1,pubchem_failed
C[C@@H]1CN(CCN1c2ncc(OCc3ccncc3C#N)cn2)c4noc(n4)C5CC5,pubchem_failed
CCN(CC)S(=O)(=O)c1ccc(cc1)c2oc(SCC(=O)N3CCc4ccccc34)nn2,pubchem_failed
OC(=O)C[C@H]1[C@@H](Cc2ccccc12)NC(=O)c3cc4sc(Cl)c(Cl)c4[nH]3,pubchem_failed
Cc1ccc(cc1NC(=O)c2cnn(c2N)c3ccccc3F)C(=O)Nc4ccon4,pubchem_failed
CN1CCN(CC1)c2cc(F)cc3C(=O)C=C(Nc23)C(=O)Nc4ccc(cc4)N5CCOCC5,pubchem_failed
CC(C)Oc1cc(OCCc2cccnc2)cc(c1)C(=O)Nc3ccc(cn3)C(=O)O,pubchem_failed
Cn1c(nc2ccccc12)c3ccc(O)nc3,pubchem_failed
CCOC(=O)C1(CCCN(CC2CC2)C1)c3cccc(O)c3,pubchem_failed
OCCCn1c(NC(=O)c2cccc(c2)[N+](=O)[O-])nc3ccccc13,pubchem_failed
CCC(CC)NC(=O)c1cnn(c1NS(=O)(=O)c2ccc(C)cc2)c3ccccc3Cl,pubchem_failed
Clc1ccc2C(=O)C3=C(Nc2c1)C(=O)NN(Cc4ccsc4)C3=O,pubchem_failed
Cc1cc2cc(C)c3nnc(SCC(=O)N4CCN(CC4)C(=O)c5occc5)n3c2cc1C,pubchem_failed
Cc1cc(NC(=O)Nc2ccc(Cl)cc2)n(C)n1,pubchem_failed
CC1(C)N(Cc2ccnc(c2)N3CCOCC3)C(=O)N(C1=O)c4ccc(SC(F)(F)F)cc4,pubchem_failed
CN(C)CC(O)COc1ccc(Nc2cc(Nc3cc(C)ccc3Cl)ncn2)cc1,pubchem_failed
CN(C)S(=O)(=O)c1ccc2C(=CNC(=O)c2c1)C(=O)NC[C@@H](O)CN3CCC(CC3)Oc4ccc(Cl)c(Cl)c4,pubchem_failed
C[C@@H](Oc1cccc2ncnc(Nc3ccc(OCc4ccccn4)c(Cl)c3)c12)C(=O)N(C)C,pubchem_failed
CC(C)n1ncc2c(cc(nc12)C3CC3)C(=O)NCc4c(C)cc(C)nc4O,pubchem_failed
Cc1cc(Cl)ccc1OC2CCN(C[C@H](O)CNC(=O)c3c[nH]nc3C(F)(F)F)CC2,pubchem_failed
CN(C)CC(O)COc1ccc(Nc2cc(ncn2)N(CC#N)c3cc(Cl)ccc3Cl)cc1,pubchem_failed
C[C@@H](CNC(=O)c1c(O)c(O)cc2c(O)c(c(C)cc12)c3c(C)cc4c(C(=O)NC[C@H](C)c5ccccc5)c(O)c(O)cc4c3O)c6ccccc6,pubchem_failed
COc1ccc(cc1C(=O)N)c2ccc3c(nc(nc3n2)N4CCOC[C@@H]4C)N5CCOC[C@@H]5C,pubchem_failed
COc1ccc(cc1)S(=O)(=O)NC(=O)N2CCC(CC2)N3CCC(CC3)Oc4ccc(Cl)c(Cl)c4,pubchem_failed
C[C@H](CN(C)C(=O)CO)Oc1cccc2ncnc(Nc3ccc(OCc4ccccn4)c(Cl)c3)c12,pubchem_failed
Clc1ccc(O[C@H]2CCCNC2)cc1C(=O)NCC34CC5CC(CC(C5)C3)C4,pubchem_failed
COCCS(=O)(=O)N1CCN(CC1)c2ccc(Nc3nccc(n3)c4cnc(C)n4C(C)C)cc2,pubchem_failed
CCCc1c(O)c(ccc1OCc2ccc(C(=O)O)c(Br)c2)C(=O)C,pubchem_failed
CC1CCC(CC(=O)Nc2cccc3ncccc23)CC1,pubchem_failed
Nc1nc(OCc2nccs2)nc3c1ncn3[C@@H]4O[C@H](CF)[C@@H](O)[C@H]4O,pubchem_failed
Nc1ccccc1NC(=O)c2ccc(cc2)c3ncc(CN4CCC4)cc3F,pubchem_failed
O=C(N1CCN(CC1)c2ncccn2)c3cccc(CC4=NNC(=O)c5ccccc45)c3,pubchem_failed
O[C@@H](CNCCCSCCNCCc1ccccc1Cl)c2ccc(O)c3NC(=O)Sc23,pubchem_failed
Cc1ccc(NC(=O)c2cccc(c2)C(F)(F)F)cc1NC(=O)c3ccc4ncccc4c3,pubchem_failed
c1ccc(cc1)c2nnc(s2)c3ccccc3,pubchem_failed
Cc1ccc(cc1)S(=O)(=O)Nc2c(cnn2c3ccccc3)C(=O)NCc4ccccc4,pubchem_failed
CN1CCCC(CN2CCN(CC2)C(=O)Nc3ccc(Cl)c(Cl)c3)C1,pubchem_failed
CCCCN(CCNC[C@H](O)c1ccc(O)c2NC(=O)Sc12)C(=O)CCOCCc3ccccc3,pubchem_failed
Cc1ccc(cc1)S(=O)(=O)NC(=O)N2CCC(CC2)N3CCC(CC3)Oc4ccc(Cl)cc4,pubchem_failed
CC(C)Oc1cc(n[nH]1)n2cnc3cnc(N[C@@H](C)c4ncc(F)cn4)nc23,pubchem_failed
OC(=O)c1ccccc1Cn2nnc(n2)c3cccc(OCc4ccc5ccccc5n4)c3,pubchem_failed
Clc1ccc(cc1)C(=O)C2CCN(CC2)C(=O)C3CC3,pubchem_failed
COCCNCc1cccc(CCNC[C@H](O)c2ccc(O)c3NC(=O)Sc23)c1,pubchem_failed
COc1cc2ncc(C(=O)N)c(Nc3ccc(F)cc3)c2cc1OC,pubchem_failed
O=C(Nc1cccc(NC(=O)c2ccccc2)n1)c3ccccc3,pubchem_failed
NCC[C@@H](Oc1cc(Cl)ccc1C#N)c2ccccc2,pubchem_failed
CCc1[nH]nc(NC(=O)Cc2ncc(Oc3ccnc4cc(OC)c(OC)cc34)cc2OC)c1C,pubchem_failed
CN(C)CC(O)COc1ccc(Nc2cc(ncn2)N(CC#C)c3cc(Cl)ccc3Cl)cc1,pubchem_failed
Nc1ccc2ncccc2c1,pubchem_failed
CN[C@@H](C)C(=O)N[C@@H](C1CCCCC1)C(=O)N[C@H]2CCN(CCc3ccccc3)C2,pubchem_failed
Cc1c(Sc2ccc(Cl)cc2)c3c(Cl)nccc3n1CC(=O)O,pubchem_failed
Brc1ccc2OCC(=O)N(CCN3CCC(CC3)NCc4ccc5OCC(=O)Nc5n4)c2c1,pubchem_failed
CC(C)N1CCN(Cc2cnc(c(Cl)c2)c3ccc(cc3)C(=O)Nc4ccccc4N)CC1,pubchem_failed
CC(C)CNc1nc(nc(N2CCNCC2)c1N)C#N,pubchem_failed
O[C@H](CNC(=O)N1C(=O)Nc2ccccc12)CN3CCC(CC3)Oc4ccc(Cl)c(Cl)c4,pubchem_failed
Cc1c(Oc2ccc(Cl)cc2)c3cc(ccc3n1CC(=O)O)C(F)(F)F,pubchem_failed
CN1CCOc2cc(COC3CCCCC3)cnc12,pubchem_failed
CC(C)C(NC(=O)CN1C(=O)C(=CC=C1c2ccccc2)NC(=O)CN3CCOCC3)C(=O)C(F)(F)F,pubchem_failed
COc1ccccc1Nc2cc(Oc3cc(C)c(C)nc3c4ccccn4)ccn2,pubchem_failed
Fc1cc(C(=O)Nc2cccc(c2)c3nnn[nH]3)c4nc[nH]c4c1,pubchem_failed
CC(C)CN1C(=O)N(C)C(=O)c2c1sc(Cc3ccccc3C(F)(F)F)c2C(=O)N4CC[C@@H](O)C4,pubchem_failed
CC(=O)c1ncccc1NC(=O)[C@@H]2CC[C@H](CC2)N3C(=O)[C@@H]4[C@@H]5CC[C@@H](C5)[C@@H]4C3=O,pubchem_failed
CC(=O)Nc1ccc2nc(cc(O)c2c1)c3cccc(F)c3,pubchem_failed
COc1ccc2nc(N[C@H]3CCC[C@@H](C3)NCc4ccsc4)cc(C)c2c1,pubchem_failed
COc1cc(ccc1Nc2ncc(Cl)c(n2)c3cnc4c(F)cccn34)N5CCN(CC5)C(=O)C,pubchem_failed
COc1ccc2N=CC(=O)N(CCN3CCC(CC3)NCc4cc5OCCOc5cn4)c2n1,pubchem_failed
O=C(N1CCCCC1)c2scc3CCCCc23,pubchem_failed
NC(=O)Nc1sc(cc1C(=O)N)c2ccc(OCCN3CCCCC3)cc2,pubchem_failed
CC(C)C(NC(=O)CN1C(=O)C(=CN=C1c2cccs2)NC(=O)OCc3ccccc3)C(=O)C(F)(F)F,pubchem_failed
CS(=O)(=O)c1ccc2nc(sc2c1)N3CCN(CC3)C(=O)[C@@H]4CCCC[C@H]4C(=O)NC5(CC5)C#N,pubchem_failed
CS(=O)(=O)c1cccc(Nc2nccc(Nc3c(Cl)ccc4OCOc34)n2)c1,pubchem_failed
CCS(=O)(=O)c1ccc2OCC(=O)N(CCN3CCC(CC3)NCc4ccc5OCC(=O)Nc5n4)c2c1,pubchem_failed
COc1ccc(OC)c(c1)c2cccc3c(N)c(nnc23)C(=O)NC(C)C,pubchem_failed
O=C1C=C(Oc2c1cccc2c3cccc(c3)c4ccsc4)N5CCOCC5,pubchem_failed
CC(C)n1c(C)ncc1c2ccnc(Nc3ccccc3)n2,pubchem_failed
[O-]c1c2c(nn1c3ccc(Cl)cc3)c4ccccc4c[n+]2Cc5ccccc5,pubchem_failed
O=C(NC1(CC1)C#N)[C@@H]2CCCC[C@H]2C(=O)N3CCc4oc5ccccc5c4C3,pubchem_failed
CO[C@@H]1CC[C@@]2(CC1)Cc3ccc(cc3C24N=C(C)C(=N4)N)c5cncc(Br)c5,pubchem_failed
O[C@@H](CNCCc1cccc(CN2CCCC2)c1)c3ccc(O)c4NC(=O)Sc34,pubchem_failed
COc1ccc(cc1)C2=C(C)c3ccc(OC)cc3OC2=O,pubchem_failed
COc1cc2ncc(C(=O)N)c(Nc3ccc(F)cc3F)c2cc1OC,pubchem_failed
CC(C)(C)OC(=O)N1CCN(CC1)c2ncc(OCc3ccncc3)cn2,pubchem_failed
CC(C)C[C@H](CO)Nc1nc(SCc2ccccc2F)nc3nc(N)sc13,pubchem_failed
CNC(=O)[C@H]1CCCN1Cc2cc3c(Nc4cccc(Cl)c4F)ncnc3cc2OC,pubchem_failed
CCn1nc(C)c(C(=O)N[C@@H](C)C(C)(C)C)c1NS(=O)(=O)c2ccc(C)cc2,pubchem_failed
Nc1n[nH]cc1c2cc(ccc2Oc3cc(F)c(cc3Cl)S(=O)(=O)Nc4cscn4)C(F)(F)F,pubchem_failed
Fc1ccc(cc1C#N)S(=O)(=O)NCC(N2CCCCCC2)c3ccccc3,pubchem_failed
CC(=O)Nc1ccc2ccn(c3cc(NC4COC4)n5ncc(C#N)c5n3)c2c1,pubchem_failed
CCNC(=O)C[C@H]1N=C(c2ccc(Cl)cc2)c3cc(OC)ccc3n4c(C)nnc14,pubchem_failed
COc1ccc(cc1)S(=O)(=O)NCC(N2CCCCCC2)c3ccccc3,pubchem_failed
NC(=O)Nc1sc(cc1C(=O)N)c2ccc(CNC3CCCC3)cc2,pubchem_failed
CCCSc1nc2ccc(NC(=O)CCC(=O)O)cc2s1,pubchem_failed
CS(=O)(=O)Nc1ccc(CCOCCCS(=O)(=O)CCNCCc2ccc(O)c3nc(O)sc23)cc1,pubchem_failed
Cc1cccc(c1)S(=O)(=O)NC(=O)N2CCC(CC2)N3CCC(CC3)Oc4ccc(Cl)c(Cl)c4,pubchem_failed
C[C@@H]1CN(CCN1C(=O)[C@@H]2CCCC[C@H]2C(=O)NC3(CC3)C#N)c4ccc5c(C)nnc(C)c5c4,pubchem_failed
CC(=O)Nc1ccc2CCN(c3cc(NC4CC4)n5ncc(C#N)c5n3)c2c1,pubchem_failed
Fc1cc(F)cc(c1)c2cc(on2)N(CCCN3CCCCCC3)Cc4ccc5OCOc5c4,pubchem_failed
COc1ccc2nc(C)cc(N3CC(CNC(=O)C4CC4)OC3=O)c2c1,pubchem_failed
CC(C)c1ccccc1Nc2nc(SCc3cccs3)n[nH]2,pubchem_failed
COc1cc(N2CC[C@H](C2)N(C)C)c3NC(=CC(=O)c3c1)C(=O)Nc4ccc(cc4)N5CCOCC5,pubchem_failed
O=C(N1CCCC1)c2ccc(cc2)C(=C3CCN(Cc4cscn4)CC3)c5cccc6cccnc56,pubchem_failed
NC(=O)c1cnc(N[C@H]2CCCNC2)c3cc(sc13)c4ccc(F)c(Cl)c4,pubchem_failed
O=C(NC1CCCC1)C(N(Cc2occc2)C(=O)c3ccc([nH]3)c4ccccc4)c5ccncc5,pubchem_failed
CN1C(=N)N(CC(=O)c2ccc(Cl)cc2)c3ccccc13,pubchem_failed
CN1CCN(CC1)C(=O)c2cc3cc(Br)ccc3[nH]2,pubchem_failed
COc1cccc(c1)C(=O)N2CCC(CC2)N3C(=O)Nc4ccccc34,pubchem_failed
CCCS(=O)(=O)N1CCCC(C1)C(=O)N2CCC(Cc3ccccc3)CC2,pubchem_failed
COC1(CCOCC1)c2ccc(NC(=O)C3=CC(=O)c4cc(F)cc(c4O3)c5c(C)nn(C)c5C)cn2,pubchem_failed
CNC(=O)c1ccc(CCC(COc2ccc(cc2)c3cccc(c3)[N+](=O)[O-])N4C(=O)CSC4=O)cc1,pubchem_failed
Oc1nc2cc(Cl)cc(Cl)c2c(O)c1c3ccccc3,pubchem_failed
CN(C)c1cccc2c(cccc12)S(=O)(=O)Nc3cnccn3,pubchem_failed
NCc1nc2ccccc2[nH]1,pubchem_failed
OC(=O)c1cc(nc2ccc(F)cc12)c3ccncc3,pubchem_failed
Nc1nccc(n1)c2ccccc2,pubchem_failed
OCCN1CC=CC[C@@H](C1)c2ccc(Cl)c(Cl)c2,pubchem_failed
CN(c1ccnc(Nc2cc(cc(c2)N3CCOCC3)N4CCCCC4)n1)c5cc(CO)ccc5C,pubchem_failed
Oc1ccc(cc1)c2cnc3ccccc3n2,pubchem_failed
COc1ccc2[nH]c3CCN(Cc3c2c1)C(=O)[C@@H]4CCCC[C@H]4C(=O)NC5(CC5)C#N,pubchem_failed
CC(CCc1cccc(OCc2ccc3ccccc3n2)c1)CC(=O)O,pubchem_failed
FC(F)(F)Oc1ccc(CNC(=O)C2N(CC3CC(F)(F)C3)C(=O)c4ccccc24)cc1,pubchem_failed
CC(C)CN1C(=O)N(C)C(=O)c2c1sc(Cc3ccccc3C(F)(F)F)c2C(=O)N(C)C,pubchem_failed
CN[C@@H](C)C(=O)N[C@@H](C1CCCCC1)C(=O)N[C@H]2C[C@@H]3CC[C@H]2N(CCc4ccccc4)C3,pubchem_failed
FC(F)(F)c1ccc2[nH]c3CCN(Cc3c2c1)C(=O)[C@@H]4CCCC[C@H]4C(=O)NC5(CC5)C#N,pubchem_failed
CCCc1c(OCCCSc2ccc(CC(=O)O)cc2Cl)ccc3c(CC)noc13,pubchem_failed
CCOc1ccc(Oc2ccc(cc2)S(=O)(=O)NC(=O)c3cccc(c3)c4ccc(Cl)c(Cl)c4)cc1,pubchem_failed
CC1=CN([C@H]2CCCN(C2)S(=O)(=O)c3ccc(O)c(Oc4cc(F)cc(Cl)c4)c3)C(=O)NC1=O,pubchem_failed
O[C@@H](CNCCSCCCNCCc1cccc(c1)C(F)(F)F)c2ccc(O)c3NC(=O)Sc23,pubchem_failed
Cc1c(Sc2ccc(Cl)cc2)c3cc(Cl)ccc3n1CC(=O)O,pubchem_failed
Cc1ccc(cc1NC(=O)c2ccc(OCc3ccccn3)cc2)c4cn(C)c(C)n4,pubchem_failed
CCN(C1CCN(CCC(c2ccccc2)c3ccccc3)CC1)C(=O)NCc4ccccc4,pubchem_failed
O[C@@H](CNCCc1cccc(CN2CCC(CC2)c3ccccc3)c1)c4ccc(O)c5NC(=O)Sc45,pubchem_failed
Oc1cccc(c1)N2C(=O)c3ccc(O)cc3C2=O,pubchem_failed
CCCN(c1cccnc1)P(=O)(c2ccccc2)c3ccccc3,pubchem_failed
CC1(C)[C@@H]2CC[C@@]1(CS(=O)(=O)NC3CCN(CC3)c4ccc(cn4)C(F)(F)F)C(=O)C2,pubchem_failed
CCN(C1CCN(CCC(c2ccc(NC(=O)C)cc2)c3cccc(F)c3)CC1)C(=O)Cc4ccc(cc4)S(=O)(=O)C,pubchem_failed
CC(=O)Nc1ccc2ccn(c3cc(Nc4ccn(C)n4)n5ncc(C#N)c5n3)c2c1,pubchem_failed
COc1cccc2c(O)cc(nc12)c3ccccc3,pubchem_failed
Cc1onc(n1)c2ccc(OCC3CN(C3)c4ccc(C)nn4)cc2,pubchem_failed
C(N(Cc1ccccc1)c2nn[nH]n2)c3ccccc3,pubchem_failed
CN1CCN(CC1)c2nc(CCOc3ccc(C[C@H](Nc4ccccc4C(=O)c5ccccc5)C(=O)O)cc3)c(C)s2,pubchem_failed
CC(=O)c1ccc(nc1)N2CCN(CC2)S(=O)(=O)C[C@]34CC[C@H](CC3=O)C4(C)C,pubchem_failed
Clc1cccc(CN2C=CN3C(=O)C=C(N=C23)N4CCOCC4)c1Cl,pubchem_failed
C[C@@H](NC1=CC(=O)NCC1)c2ccc(Nc3ncc4cc(ccc4n3)c5ccncc5)cc2,pubchem_failed
C[C@H]1CN(Cc2cc(Cl)ccc2CCC(=O)O)CCN1C(=O)Cc3ccccc3,pubchem_failed
Clc1cccc(\C=C\2/SC(=O)NC2=O)c1N3CCNCC3,pubchem_failed
CSc1nc(nn1Cc2ccccc2)c3ccccc3,pubchem_failed
Nc1ccc2c3ccccc3C(=O)C(=O)c2c1,pubchem_failed
Nc1ccccc1NC(=O)c2ccc(cc2)C3CCN(CCC(=O)Nc4ccccc4F)CC3,pubchem_failed
CC(C)n1c(C)ncc1c2ccnc(Nc3ccc(cc3)N4CCOCC4)n2,pubchem_failed
CN(c1ccnc(Nc2cc(CN3CCOCC3)cc(c2)N4CCOCC4)n1)c5cc(CO)ccc5C,pubchem_failed
NC(=O)c1cc(O)cc2nc(oc12)c3ccc(O)cc3,pubchem_failed
COc1ccc(N(C(C(=O)NC2CCCC2)c3ccccc3F)C(=O)c4occc4)c(OC)c1,pubchem_failed
CC[C@H](NC(=O)c1c([S+](C)[O-])c(nc2cc(F)ccc12)c3ccccc3)c4ccccc4,pubchem_failed
CCc1ccccc1c2ccc(cc2)c3nc4ccncc4c(O)c3C#N,pubchem_failed
Oc1ccc(cc1)C2=Cc3ccc(O)cc3OC2=O,pubchem_failed
COc1cc(C)c(c(C)c1)S(=O)(=O)N(C)CCOCC(=O)N2CCN(CC2)C3CCN(C)CC3,pubchem_failed
CC(C)(C)c1cc(O)n2nc(N)nc2n1,pubchem_failed
COc1ccc(cc1)c2cc(O)c3cc(Cl)ccc3n2,pubchem_failed
Oc1ccc(cc1)c2csc(n2)c3ccc(O)cc3,pubchem_failed
C[C@]12Cc3cnn(c3C=C1CC[C@@]2(O)CCc4ccc(F)cc4C(=O)N)c5ccc(F)cc5,pubchem_failed
COc1cc(ccc1Nc2ncc(Cl)c(n2)c3cnc4cc(ccn34)N5CCCC5)N6CCN(CC6)C(=O)C,pubchem_failed
Cc1ccc2[nH]ccc2c1c3nc(cc(n3)C4(CC4)S(=O)(=O)C)N5CCOCC5,pubchem_failed
Nc1ccc(Cl)c(c1)C(=O)NCC23CC4CC(CC(C4)C2)C3,pubchem_failed
CCCCSc1nc(N)c2ncn([C@@H]3O[C@H](CO)[C@@H](O)[C@H]3O)c2n1,pubchem_failed
Oc1ccc(cc1)c2ccc3cc(O)ccc3c2,pubchem_failed
Nc1cc(nc2c(cnn12)C#N)c3cccs3,pubchem_failed
CCC(N(CCCN)C(=O)c1ccc(OC)cc1)C2=Nc3ccsc3C(=O)N2Cc4ccccc4,pubchem_failed
Cc1cc(N)c2cc(NC(=O)CCCCC(=O)Nc3ccc4nc(C)cc(N)c4c3)ccc2n1,pubchem_failed
CN(C)CC(O)COc1ccc(Nc2cc(ncn2)N(CC#N)c3ccc(C)cc3Br)cc1,pubchem_failed
NC(=O)C1=CN(Cc2ccc(F)c(F)c2)C(=O)C=C1,pubchem_failed
COc1ccc(c(C)n1)c2cccc3c(N)c4C(=O)N(Cc4nc23)C5CCC5,pubchem_failed
OC(=O)c1ccc(cc1)c2ccc(Cl)c(c2)C(=O)NCC34CC5CC(CC(C5)C3)C4,pubchem_failed
COc1cc2c(Nc3ncc(CC(=O)Nc4cccc(F)c4)s3)ncnc2cc1OCCCN5CCC(CO)CC5,pubchem_failed
C[C@H]1CN(Cc2cc(Cl)ccc2OC(C)(C)C(=O)O)CCN1S(=O)(=O)c3ccccc3,pubchem_failed
CCCSc1nc(NC[C@@H]2CC[C@H](CC2)C(=O)O)ccc1C(=O)NC3CCCCC3,pubchem_failed
Cc1ccccc1CN2C=CN3C(=O)C=C(N=C23)N4CCOCC4,pubchem_failed
O[C@]1(CN2CCC1CC2)C#Cc3ccc(Oc4ccc(cc4)C(=O)NC5CCCS(=O)(=O)C5)cc3,pubchem_failed
OC(=O)C(N1CCC(CN2CCC(CC2)Oc3ccc(Cl)c(Cl)c3)CC1)c4ccccc4,pubchem_failed
OCC[C@]1(CCCNC1)c2oc3ccccc3c2,pubchem_failed
CC(C)CN1C(=O)N(C)C(=O)c2c1sc(Cc3ccccc3C(F)(F)F)c2C(=O)N4CC(C)(O)C4,pubchem_failed
Oc1ccc2OC(=O)C(=Cc2c1)c3ccccc3,pubchem_failed
CN(C1CCN(Cc2ccc(cn2)C(F)(F)F)CC1)C(=O)Cc3ccc(cc3)n4cnnn4,pubchem_failed
CN(c1ccnc(Nc2cc(cc(c2)N3CCN(C)CC3)N4CCOCC4)n1)c5cc(CO)ccc5C,pubchem_failed
CN(C)CC(O)COc1ccc(Nc2nccc(Nc3ccccc3C#N)n2)cc1,pubchem_failed
Clc1ccc2C(=O)C3=C(Nc2c1)C(=O)NN(CC#Cc4ccccc4)C3=O,pubchem_failed
O[C@@H](CNCCc1ccc(CNCCc2ccccc2F)cc1)c3ccc(O)c4NC(=O)Sc34,pubchem_failed
Cc1cc(COc2cnc(nc2)N3CCN(CC3)C(=O)OC(C)(C)C)ccn1,pubchem_failed
CCCN(C)c1nc(ccc1C(=O)NC2CCCCC2)N3CCC[C@@H](CC(=O)O)C3,pubchem_failed
COc1cc(ccc1Cn2ccc3ccc(NC(=O)OC4CCCC4)cc23)c5nn[nH]n5,pubchem_failed
CNc1nc2ccccc2n1Cc3sc4N(CC(C)C)C(=O)N(C)C(=O)c4c3C(=O)N5CC[C@@H](O)C5,pubchem_failed
CC(C)Oc1ccc(cc1)C(=O)Nc2cc(NC(=O)c3cccc(c3)N(C)C)ccc2C,pubchem_failed
CCC[C@H]1CN(Cc2cc(Cl)ccc2OCC(=O)O)CCN1S(=O)(=O)c3ccccc3,pubchem_failed
CN(C1CCN(CCC(c2ccccc2)c3ccccc3)CC1)C(=O)Cc4ccc(NC(=O)C)cc4,pubchem_failed
Nc1ncnc2sc(nc12)c3c(ncn3C[C@H]4CCCO4)c5ccccc5,pubchem_failed
CC(C)C(NC(=O)CN1C(=O)C(=CN=C1C2CCCCC2)NC(=O)OCc3ccccc3)C(=O)C(F)(F)F,pubchem_failed
NC1(CCC1)c2ccc(cc2)c3ncc4ncccc4c3c5ccccc5,pubchem_failed
CC(=O)Nc1ccc2ccn(c3cc(NCCCCO)n4ncc(C#N)c4n3)c2c1,pubchem_failed
COC1=CC(=N/C/1=C\c2[nH]c(C)cc2C)c3cc4ccccc4[nH]3,pubchem_failed
Nc1ccccc1NC(=O)c2ccc(cc2)N3CCOCC3,pubchem_failed
CCC(CCNC)Oc1cc(Cl)ccc1C#N,pubchem_failed
O=C(Nc1ccccc1)c2oc3ccccc3c2,pubchem_failed
COc1cc2ncnc(Nc3ccc(OCc4ccccn4)c(C)c3)c2cc1OC,pubchem_failed
COCCC(=O)N[C@H](C)c1ccc(Nc2ncc3cc(ccc3n2)c4ccncc4)cc1,pubchem_failed
CC(C)C(NC(=O)CN1C(=O)C(=CN=C1c2ccc(F)cc2)NC(=O)OCc3ccncc3)C(=O)C(F)(F)F,pubchem_failed
COc1cc2c(Nc3cc(CC(=O)Nc4cccc(F)c4)[nH]n3)ncnc2cc1OCCCN5CCC(CO)CC5,pubchem_failed
Cc1ccc2c(c1)c(c(C)n2CC(=O)O)c3ccnc4c(F)cccc34,pubchem_failed
CN[C@@H](C)C(=O)N[C@@H](C1CCCCC1)C(=O)N[C@H]2CCN(C2)C(=O)Cc3ccccc3,pubchem_failed
CCC(C)NC(=O)c1c(C)nn(c1NS(=O)(=O)c2ccc(C)cc2)c3ccccc3,pubchem_failed
CN(C)c1ccc(cc1)S(=O)(=O)NC(=O)N2CCC(CC2)N3CCC(CC3)Oc4ccc(Cl)c(C)c4Cl,pubchem_failed
COc1ccc2c(c1)c(CC(=O)O)c(C)n2c3ccnc4cc(Cl)ccc34,pubchem_failed
NC(=N)Nc1cc(Cl)nc(n1)c2ccccc2,pubchem_failed
COc1cccc(Nc2oc(nn2)C(=O)Nc3ccc(nc3)N4CCOCC4)c1,pubchem_failed
CC(C)Oc1cc(OCCCN2CCCC2)cc3ncnc(Nc4c(Cl)ccc5OCOc45)c13,pubchem_failed
C[C@H](NC(=O)c1c(C)nn(c1NS(=O)(=O)c2ccc(C)cc2)C(C)(C)C)C(C)(C)C,pubchem_failed
Cc1ccc2c(c1)c(c(C)n2CC(=O)O)c3ccnc4c(Cl)cccc34,pubchem_failed
COc1ccc(cc1)C(=O)C2CCN(CC2)C(=O)c3occc3,pubchem_failed
COc1cc(Nc2ncnc3cccc(O[C@H](C)C(=O)N4CCOCC4)c23)ccc1Oc5ccc(C)nc5,pubchem_failed
COc1ccc(C=NN=Cc2ccc(OC)c(OC)c2)cc1OC,pubchem_failed
CS(=O)(=O)c1ccccc1C(=O)NCC(O)CNC2CCN(Cc3ccc(Cl)c(Cl)c3)CC2,pubchem_failed
CN(C1CCN(Cc2nc3CCCCc3s2)CC1)C(=O)Cc4ccc(cc4)n5cnnn5,pubchem_failed
C[C@H](Oc1ccc(Cl)cc1CN2CCN([C@@H](C)C2)C(=O)Cc3ccc(Cl)cc3)C(=O)O,pubchem_failed
CN1SC(=NC1=O)NCc2ccccc2,pubchem_failed
CC(C)N1CCC[C@H](CN2C(=Nc3ccc(cc3C2=O)c4ccc(Cl)cc4)C)C1,pubchem_failed
Clc1ccc2[nH]c3CCN(Cc3c2c1)C(=O)[C@@H]4CCCC[C@H]4C(=O)NC5(CC5)C#N,pubchem_failed
COc1cccc(CNCc2cccc(CCNC[C@H](O)c3ccc(O)c4NC(=O)Sc34)c2)c1,pubchem_failed
Nc1ncc2cc(c(N)nc2n1)c3c(Br)cccc3Br,pubchem_failed
OC(=O)c1cccc(CN2CCC(CN3CCC(CC3)Oc4ccc(Cl)c(Cl)c4)CC2)c1,pubchem_failed
Cc1cc(C)c2c(N)c(sc2n1)C(=O)NCc3ccccc3,pubchem_failed
C[C@H]1CN(CCN1c2ncc(OCc3ccc(cc3)S(=O)(=O)C)cn2)C(=O)OC(C)(C)C,pubchem_failed
CN1C(=O)N(CC2CC2)c3nn(Cc4ccnc5ccc(Cl)cc45)c(c3C1=O)c6ncnn6C,pubchem_failed
CCN(CC)c1ccc(cc1)c2nn3c(nnc3s2)c4[nH]nc5CCCc45,pubchem_failed
CC(O)(C(=O)Nc1ccc2c(c1)c3ccccc3S2(=O)=O)C(F)(F)F,pubchem_failed
Nc1c(nnc2c(c(F)ccc12)c3ncccn3)C(=O)NC4CC4,pubchem_failed
OC[C@H](O)C(=O)N1CCC(=CC1)c2ccc(cc2F)N3C[C@H](COc4ccon4)OC3=O,pubchem_failed
Cc1nc(C)c(nc1C(=O)N)c2ccc3c(CC[C@@]34CC[C@@H](CC4)C(=O)O)c2,pubchem_failed
Fc1cc(Cl)ccc1N2CCN(CC2)C(=O)COCc3ccncc3,pubchem_failed
OCCNCc1cc(Br)ccc1OCc2ccc(Cl)cc2,pubchem_failed
Cc1cccc(C(=O)N)c1NC(=O)c2ccccc2,pubchem_failed
Cc1cc(Cl)ccc1OC2CCN(C[C@H](O)CNC(=O)C3=CNC(=O)c4c(F)cccc34)CC2,pubchem_failed
NC(=N)c1ccc(cc1)C(=O)N2CCN(CC2)S(=O)(=O)c3ccc4cc(Br)ccc4c3,pubchem_failed
CC(N1NC(=O)c2nc3cc(Cl)ccc3c(O)c2C1=O)c4ccccn4,pubchem_failed
C1Oc2ccc(Oc3ccnc(Oc4ccc(cc4)n5ccnc5)n3)cc2O1,pubchem_failed
CC(C)Oc1cc(Oc2ccc(cc2)S(=O)(=O)C)cc(c1)C(=O)Nc3nccs3,pubchem_failed
NS(=O)(=O)c1ccc(CCNc2ccc3nnc(c4ccccc4)n3n2)cc1,pubchem_failed
CC[C@H](NC(=O)c1c(N)c(nc2ccccc12)c3cccc(F)c3)c4ccccc4,pubchem_failed
COc1cc2c(Nc3ccc(F)cc3F)c(cnc2cc1N4CCN(C)CC4)C(=O)N,pubchem_failed
CNC(=O)c1ccc(Oc2ccc(cc2)C#C[C@]3(O)CN4CCC3CC4)cc1,pubchem_failed
Nc1c(NC2CCOC2)nc(nc1N3CCOCC3)C#N,pubchem_failed
CN1C(=O)C=C(CCc2ccccc2)N=C1N,pubchem_failed
CC1(C)Oc2ncnc(N)c2N=C1c3ccc(cc3)[C@@H]4CC[C@@H](CC(=O)O)CC4,pubchem_failed
CN(C)c1ccc(cc1)S(=O)(=O)NC(=O)N2CCC(CC2)N3CCC(CC3)Oc4ccc(Cl)c(Cl)c4,pubchem_failed
COCCC(=O)Nc1ccc(Nc2ncc3cc(ccc3n2)c4ccncc4)cc1,pubchem_failed
Cc1cc(OC2CCN(CC3CCN(CC3)[C@@H](Cc4ccc(F)cc4)C(=O)O)CC2)ccc1Cl,pubchem_failed
COc1cc2ncnc(Nc3ccc(Cl)c(O)c3)c2cc1OC,pubchem_failed
CS(=O)(=O)NCCC(NC(=O)C1(N)CCN(CC1)c2ncnc3[nH]ccc23)c4ccc(Cl)cc4,pubchem_failed
Nc1nc(N)c2cc(NCc3ccc(Cl)c(Cl)c3)ccc2n1,pubchem_failed
Cc1c(Sc2ccc(Cl)cc2)c3ccc(cc3n1CC(=O)O)S(=O)(=O)C,pubchem_failed
COc1cc(c(OC)nn1)c2c(F)ccc3c(N)c(nnc23)C(=O)NC4CC4,pubchem_failed
CN1CCN(CC1)c2ccc3ncc(C(=O)N)c(Nc4ccc(F)cc4F)c3c2,pubchem_failed
CCn1c(C)ncc1c2ccnc(Nc3ccc(cc3)C(=O)NC)n2,pubchem_failed
CCCc1cc(Nc2nc(NCc3onc(C)c3)ncc2Br)n[nH]1,pubchem_failed
CCNCc1cnc(s1)c2ccc(cc2)C(=O)Nc3ccccc3N,pubchem_failed
Fc1ccc2[nH]c3CCN(Cc3c2c1)C(=O)[C@@H]4CCCC[C@H]4C(=O)NCC#N,pubchem_failed
Clc1cc(Cl)cc(CS(=O)(=O)NCC(N2CCCCCC2)c3ccccc3)c1,pubchem_failed
CS(=O)(=O)c1ccc(cc1)N2CCN(CC2)C(=O)[C@@H]3CCCC[C@H]3C(=O)NCC#N,pubchem_failed
CN[C@@H](C)C(=O)N[C@H](C(=O)N[C@H]1CCCN(CCc2ccccc2)C1)C(C)(C)C,pubchem_failed
CC1CCN(CC1)C(=O)c2scc3OCCOc23,pubchem_failed
C[C@H](NC1=NC(=O)C(C)(S1)C(F)(F)F)c2ccccc2F,pubchem_failed
COc1ccc(Cl)cc1NC(=O)CCS(=O)(=O)c2ccc(Br)cc2,pubchem_failed
COCCNCc1ccc(Nc2ncc3cc(ccc3n2)c4ccncc4)cc1,pubchem_failed
Nc1ccc(cc1)S(=O)(=O)N2CCCC2,pubchem_failed
CC[C@H](NC(=O)c1c(N)c(nc2ccccc12)c3ccccc3)c4ccccc4,pubchem_failed
O=C(NC1(CC1)C#N)[C@@H]2CCCC[C@H]2C(=O)N3CCN(CC3)c4ccccc4,pubchem_failed
COc1cc2ncnc(N3CC[C@H](C3)Oc4cnc5ccccc5n4)c2cc1OC,pubchem_failed
CCc1csc(n1)N2CCN(CC2)C(=O)[C@@H]3CCCC[C@H]3C(=O)NC4(CC4)C#N,pubchem_failed
Cc1ccc(cc1)n2c(C)cc(C(=O)NS(=O)(=O)c3ccc(C)cc3)c2C,pubchem_failed
O[C@@H](CNCCCCCCCCCN1CCC(CC1)OC(=O)Nc2ccccc2c3ccccc3)c4ccc(O)c5NC(=O)C=Cc45,pubchem_failed
CNc1c(Cl)cnc2[nH]c(nc12)c3ccc(OCCN4CCOCC4)cc3,pubchem_failed
COc1c(N2CCO[C@@H](CN(C)C)C2)c(F)cc3C(=O)C(=CN(C4CC4)c13)C(=O)O,pubchem_failed
O=C(NC1CCCCC1)c2cccnc2Sc3ccccc3,pubchem_failed
CCS(=O)(=O)c1ccc(c(C)c1)c2cc(ccc2OCC(=O)N)C(F)(F)F,pubchem_failed
C[C@H](CO)Nc1nc(SCc2cccc(F)c2F)nc3nc(NC4CC4)sc13,pubchem_failed
O=C(CSc1ccncc1)Nc2ccc(cc2)C(=O)c3ccccc3,pubchem_failed
Oc1cc(O)c2C(=O)C(=COc2c1)c3ccc(cc3)[N+](=O)[O-],pubchem_failed
CC(C)CN1C(=O)N(C)C(=O)c2c1sc(Cc3ccccc3C(F)(F)F)c2C(=O)N4CCC4,pubchem_failed
CN1C(=O)N(CC2CC2)c3nn(Cc4ccnc5ccc(Cl)cc45)c(c6cc(oc6C)C#N)c3C1=O,pubchem_failed
COc1cc2c(NC(=O)Nc3c(Cl)cccc3Cl)ncnc2cc1OCC4CCN(C)CC4,pubchem_failed
Cc1c(c2c(NS(=O)(=O)C)cccc2n1CC(=O)O)S(=O)(=O)c3ccc(Cl)cc3,pubchem_failed
C[C@H](Nc1ccc2ncn(c3cc([nH]n3)C4CC4)c2n1)c5ncc(F)cn5,pubchem_failed
CN(c1ccc(c(C)c1)c2cc(ccc2OCC(=O)O)C(F)(F)F)S(=O)(=O)C,pubchem_failed
CN[C@@H](C)C(=O)N[C@H](C(=O)N[C@H]1CCCN(CCc2ccc(cc2)C(F)(F)F)C1)C(C)(C)C,pubchem_failed
CC(=O)NC1CC2CCCC(C1)N2C(=O)Nc3ccc(Cl)c(c3)C(F)(F)F,pubchem_failed
CC(=O)Nc1ccc(cc1)c2ccnc(Nc3ccc(cc3)N4CCOCC4)n2,pubchem_failed
OC(=O)c1[nH]c2ccccc2c1CCCOc3cccc4ccccc34,pubchem_failed
C[C@H]1CN(Cc2cc(Cl)ccc2OCC(=O)O)CCN1C(=O)Cc3ccc(Cl)cc3,pubchem_failed
Cc1nc2nc(nn2c(O)c1Cc3ccccc3)c4cccnc4,pubchem_failed
C[C@H](Nc1nc(Nc2cc(C)[nH]n2)cc(n1)N3CCOCC3)c4ncc(F)cn4,pubchem_failed
COc1ccc(NC(=O)CSc2nnc(C)n2c3ccc(C)cc3)cc1,pubchem_failed
CC1CC(CN)CC(CO)C1,pubchem_failed
FC(F)(F)c1nnc2ccc(NCc3cccnc3)nn12,pubchem_failed
COc1cc2nnc(C(=O)N)c(Nc3ccc(C)cc3F)c2cc1N4CCN(C)CC4,pubchem_failed
CC(C)c1nc2ccccc2n1c3nc(N4CCOCC4)c5nc(OC6CN(C6)C7CCS(=O)(=O)CC7)n(C)c5n3,pubchem_failed
OC1(CNCCc2ccccc12)c3ccccc3,pubchem_failed
C[C@@H]1CN(CCN1c2ncc(OCc3ccncc3C#N)cn2)c4ncc(F)cn4,pubchem_failed
Cc1cnc(NC(=O)Cc2ccccc2)s1,pubchem_failed
CS(=O)(=O)Cc1cc(nc(n1)c2cccc3cc[nH]c23)N4CCOCC4,pubchem_failed
CC(C)(C)NS(=O)(=O)c1cncc(c1)c2ccc3nc(N)nn3c2,pubchem_failed
O[C@@H](CNCCSCCCOCCc1ccccc1)c2ccc(O)c3NC(=O)Sc23,pubchem_failed
C[C@H]1CN(Cc2cc(Cl)ccc2OCC(=O)O)CCN1C(=O)Cc3ccccc3Cl,pubchem_failed
CC[C@@H](NC1=C(Nc2cccc(C(=O)N(C)C)c2O)C(=O)C1=O)c3ccccc3,pubchem_failed
CC1=CC2=NNC(=O)N2c3cc(ccc13)c4ccccc4CO,pubchem_failed
Cc1ccc(NC(=O)c2cccc(c2)N3CCOCC3)cc1NC(=O)c4ccc(OCc5ccccn5)cc4,pubchem_failed
NC1=NC(Nc2c(F)ccc(F)c12)c3occc3,pubchem_failed
CC(C)NC(=O)c1cnc(N2CCC(CC2)N3C(=O)OCc4ccccc34)c(Cl)c1,pubchem_failed
C[C@@H](O)[C@@H](CO)Nc1nc(SCc2cccc(F)c2F)nc3nc(N)sc13,pubchem_failed
OC1(CN2CCC1CC2)C#Cc3ccc(Oc4ccc(cc4)C(=O)NCc5ccncc5)cc3,pubchem_failed
CS(=O)(=O)c1ccc2c3CN(CCc3[nH]c2c1)C(=O)[C@@H]4CCCC[C@H]4C(=O)NC5(CC5)C#N,pubchem_failed
C[C@@H](NC(=O)C)c1ccc(Nc2ncc3cc(c(C)cc3n2)c4ccncc4)cc1,pubchem_failed
CC[C@H](N1CCC[C@@H](C1)N2C=C(C)C(=O)NC2=O)c3ccc(C(=O)O)c(Oc4cccc(Cl)c4)c3,pubchem_failed
CN(CCO)Cc1ccc(cc1)c2cc(C(=O)N)c(NC(=O)N)s2,pubchem_failed
COc1ccc(C=C2SC(=O)NC2=O)cc1OC,pubchem_failed
OC(=O)COc1ccccc1N2CCC(CN3CCC(CC3)Oc4ccc(Cl)c(Cl)c4)CC2,pubchem_failed
COc1ccc(CNC(=O)c2sc3nc(C)cc(C)c3c2N)cc1,pubchem_failed
CCCc1c(O)c(ccc1OCc2cccc(NC(=O)c3ccccc3C(=O)O)c2)C(=O)C,pubchem_failed
Cc1c(Cl)ccc(OC2CCN(C[C@H](O)CNC(=O)C3=CNC(=O)c4cc(ccc34)S(=O)(=O)C)CC2)c1Cl,pubchem_failed
COc1ccc(cc1)C(=O)C2CCN(CC2)C(=O)c3ccc(F)cc3,pubchem_failed
CC1=CN([C@H]2CCCN(Cc3ccc(C(=O)O)c(Oc4cccc(Br)c4)c3)C2)C(=O)NC1=O,pubchem_failed
O[C@H](CNC(=O)C1=CNC(=O)c2cc(ccc12)S(=O)(=O)NC3CC3)CN4CCC(CC4)Oc5ccc(Cl)c(Cl)c5,pubchem_failed
CN1CCN(CC1)c2ccc3N=CN(C(=O)c3c2)c4cc(NC(=O)c5ccc(cc5)C#N)ccc4C,pubchem_failed
Fc1cccc2[nH]c3CCN(Cc3c12)C(=O)[C@@H]4CCCC[C@H]4C(=O)NC5(CC5)C#N,pubchem_failed
NC1C2CN(CC12)c3nc4N(C=C(C(=O)O)C(=O)c4cc3F)c5ccc(F)cc5F,pubchem_failed
[O-][N+](=O)c1ccc2c(c1)nc3CCCCCn23,pubchem_failed
Oc1ccc2OCC(=O)N(CCN3CCC(CC3)NCc4ccc5OCC(=O)Nc5n4)c2c1,pubchem_failed
CC1(CC1)c2c(cnn2c3ccc(cc3)C(=O)O)C(=O)NC4C5CC6CC(CC4C6)C5,pubchem_failed
COc1ccc2c(C)cc(N[C@H]3CCC[C@@H](C3)NCc4ccsc4)nc2c1,pubchem_failed
OCC[C@@]1(CCCNC1)c2oc3ccccc3c2,pubchem_failed
Oc1ccc(cc1)c2nc3ccc(O)cc3s2,pubchem_failed
CC[C@H](NC(=O)c1c([S+](C)[O-])c(nc2cc(CN(C)C)ccc12)c3ccccc3)c4ccccc4,pubchem_failed
CC(=O)c1ccc2NC(=CC(=O)c2c1)c3cccnc3,pubchem_failed
OC(=O)c1cccc(c1)C(=O)N2CCC(CC2)N3CCC(CC3)Oc4ccc(Cl)c(Cl)c4,pubchem_failed
Cc1c(Sc2ccc(Cl)cc2)c3cc(F)ccc3n1CC(=O)O,pubchem_failed
COc1ccc2c(C)cc(N[C@H]3CCC[C@@H](C3)NCc4cccc(OC(F)(F)F)c4)nc2c1,pubchem_failed
COc1cccc(Nc2nc(NCC3CCCO3)c4ccccc4n2)c1,pubchem_failed
CCOc1cc2nnc(C(=O)N)c(Nc3cccc(Cl)c3F)c2cc1N4CCN(C)CC4,pubchem_failed
COc1ccc(cc1OC)C(C)NC(=O)C2(N)CCN(CC2)c3ncnc4[nH]ccc34,pubchem_failed
CN(c1cccc(c1)C(=O)Nc2ccc(C)c(NC(=O)c3ccc4ncccc4c3)c2)S(=O)(=O)C,pubchem_failed
CC(C)[C@H](N(CCCN)C(=O)c1ccc(C)cc1)C2=Nc3cc(Cl)ccc3C(=O)N2Cc4ccccc4,pubchem_failed
Cc1ccsc1CN2NC(=O)C3=C(C2=O)C(=O)c4ccc(Cl)cc4N3,pubchem_failed
CC(=O)N1CCN(CCOc2ccc(cc2)C3CCN(CC3)c4ccc5nnc(n5n4)C(F)(F)F)CC1,pubchem_failed
Cc1cc(C)c2c(N)c(sc2n1)C(=O)NC3CC3,pubchem_failed
CN1C(=O)c2c(onc2c3ccccc3)C=C1c4ccncc4,pubchem_failed
NC(=O)c1cnc(N[C@H]2CCCNC2)c3cc(sc13)c4ccncc4,pubchem_failed
Cc1cccc(c1)N(Cc2cc(F)c(F)cc2F)C(=O)O[C@H]3CN4CCC3CC4,pubchem_failed
CCCC(=O)N1CCN(CC1)c2nnc(c3ccccc3)c4ccccc24,pubchem_failed
O=C1COc2ccc(CNC3CCN(CCN4C(=O)COc5ccc(cc45)C#N)CC3)nc2N1,pubchem_failed
CN1SC(=NC1=O)NC(=O)c2ccccc2,pubchem_failed
C[C@H]1[C@@H]2CN(CCN3CCOCC3)CC[C@H]2Cc4[nH]c5ccc(cc5c14)C(F)(F)F,pubchem_failed
C[C@H](Nc1ncc(C)c(Nc2cc(C)[nH]n2)n1)c3ncc(F)cn3,pubchem_failed
CN(C)CCNCc1ccc(Nc2ncc3cc(ccc3n2)c4ccncc4)cc1,pubchem_failed
Cc1ccccc1Nc2ncnc3ccccc23,pubchem_failed
Cn1c(CN2CCN(CC2)c3ccccc3)nc4ccccc14,pubchem_failed
CC(C)CN1C(=O)N(C)C(=O)c2c1sc(Cc3ccccc3C(F)(F)F)c2C(=O)N4CCCCC4,pubchem_failed
Nc1c(NC2CCCC2)nc(nc1N3CCOCC3)C#N,pubchem_failed
CCCCOc1nc(N)c2NC(=O)N(Cc3cccc(CC(=O)OC)c3)c2n1,pubchem_failed
CC(C)(C)OC(=O)N1CCN(CC1)c2ccc(OCc3ccc(cc3)S(=O)(=O)C)cc2,pubchem_failed
COc1cc(ccc1Nc2ncc(Cl)c(n2)c3cnc4ccc(cn34)N(C)C)N5CCN(CC5)C(=O)C,pubchem_failed
Fc1ccc2[nH]c3CCN(Cc3c2c1)C(=O)[C@@H]4CCCC[C@H]4C(=O)NC5(CC5)C#N,pubchem_failed
COc1ccc(NC(=O)c2ccnc(N)n2)cc1,pubchem_failed
O[C@H](CNC(=O)C1=CNC(=O)c2cc(ccc12)S(=O)(=O)N3CCC3)CN4CCC(CC4)Oc5ccc(Cl)c(Cl)c5,pubchem_failed
COc1cccc(c1)c2cc(O)c3cc(NC(=O)C)ccc3n2,pubchem_failed
CCC(CC)C[C@@H](N1CCC[C@@H](C1)N2C=C(C)C(=O)NC2=O)c3ccc(C(=O)O)c(Oc4cccc(Cl)c4)c3,pubchem_failed
CN(c1ccnc(Nc2cccc(c2)S(=O)(=O)C)n1)c3cccc4[nH]ncc34,pubchem_failed
O=C(N[C@H]1CN2CCC1CC2)c3ccc(s3)c4ccccn4,pubchem_failed
C[C@H](Nc1nc(Nc2cc(C)[nH]n2)c(C)nc1C#N)c3ncc(F)cn3,pubchem_failed
OCCc1cccc(NC(=O)c2cc3cc(Cl)ccc3[nH]2)c1,pubchem_failed
COc1cc(F)ccc1c2cncc(CNC(=O)c3ccccc3)c2,pubchem_failed
COc1cc(OC)c(cc1NC(=O)CSc2ccncc2)S(=O)(=O)N3C(C)CCc4ccccc34,pubchem_failed
Cc1cc(Nc2ccccc2)n(CCC#N)n1,pubchem_failed
COc1cc(OC)nc(n1)N2N=CC(=C(Cl)C2=O)Cl,pubchem_failed
Oc1ccc(CCNCCS(=O)(=O)CCCOCCc2oc3ccccc3c2)c4sc(O)nc14,pubchem_failed
C[C@H](NC(=O)c1c(C)nn(C2CCN(C)CC2)c1NS(=O)(=O)c3ccc(C)cc3)C(C)(C)C,pubchem_failed
NC1(CCC1)c2ccc(cc2)c3c(ccn4ncnc34)c5ccccc5,pubchem_failed
CN1CCN(CC1)C(=O)c2cc3ccccc3n2C,pubchem_failed
CN(C)CC(O)COc1ccc(Nc2nccc(Nc3ccc(Cl)cc3)n2)cc1,pubchem_failed
CC(C)CN1C(=O)N(C)C(=O)c2c1sc(Cc3ccnc4ccccc34)c2C(=O)N5C[C@H](O)CO5,pubchem_failed
COc1cc(ccc1Nc2ncc(Cl)c(n2)c3cnc4c(OC)cccn34)N5CCN(CC5)C(=O)C,pubchem_failed
CCCSc1c(cnn1c2ccc(cc2)C(=O)O)C(=O)N(C)C3CCCCC3,pubchem_failed
O=S(=O)(Cc1cc(nc(n1)c2ccccn2)N3CCOCC3)c4ccccc4,pubchem_failed
O=C(NC1=CC(=CNC1=O)c2ccncc2)[C@H](Cc3ccccc3)NC4(CC4)c5ccccn5,pubchem_failed
CNC(=O)C[C@H](Nc1ncc(Cl)c(Nc2cc([nH]n2)C3CC3)n1)c4ccc(F)cc4,pubchem_failed
Cc1cc(O[C@H]2C[C@H]3CC[C@@H](C2)N3Cc4ccccc4)cc(c1)C(=O)N,pubchem_failed
CCCSc1ncccc1C(=O)N(C)[C@@H]2[C@@H]3CC4C[C@H]2C[C@@](O)(C4)C3,pubchem_failed
COCCNC(=O)c1ccc(Nc2ncc3cc(ccc3n2)c4ccncc4)cc1C,pubchem_failed
Cc1cccc2c3CN(CCc3[nH]c12)C(=O)[C@@H]4CCCC[C@H]4C(=O)NC5(CC5)C#N,pubchem_failed
Cc1cc(N)c2cc(NC(=O)CCC(=O)Nc3ccc4nc(C)cc(N)c4c3)ccc2n1,pubchem_failed
COc1cccc2c(ccnc12)c3c(C)n(CC(=O)O)c4ccc(C)cc34,pubchem_failed
C1CC1Nc2ccc3nnc(c4ccccc4)n3n2,pubchem_failed
CC(=O)NCC(NC(=O)C1(N)CCN(CC1)c2ncnc3[nH]ccc23)c4ccc(Cl)cc4,pubchem_failed
CC(=O)N1CCN(CC1)c2ccc(Nc3nccc(n3)c4cnc5ccccn45)cc2,pubchem_failed
Cc1c(Cl)ccc(OC2CCN(C[C@H](O)CNC(=O)c3c[nH]nc3C(F)(F)F)CC2)c1Cl,pubchem_failed
NC1(CCC1)c2ccc(cc2)c3c(ncc4nccn34)c5ccccc5,pubchem_failed
NC1(CCC1)c2ccc(cc2)c3ncc4cccnc4c3c5ccccc5,pubchem_failed
Clc1cccc(C(=O)N2CCN(CC2)c3ccccn3)c1Cl,pubchem_failed
CC(=O)Nc1ccc2[nH]cc(c3cc(NC4CC4)n5ncc(C#N)c5n3)c2c1,pubchem_failed
C1Cc2ncc(c3ccc4OCCOc4c3)n2C1,pubchem_failed
CNC1=Nc2ncccc2C(=NC1c3cccs3)c4occc4,pubchem_failed
Oc1c(C#N)c(nc2ccncc12)c3ccc(cc3)c4ccccc4C(F)(F)F,pubchem_failed
C[Si](C)(C)C#Cc1cn(C[C@H]2CN(C(=O)O2)c3ccc(C4=CCS(=O)(=O)CC4)c(F)c3)nn1,pubchem_failed
C[C@@H](NC(=O)C)c1ccc(Nc2ncc3cc(cc(C)c3n2)c4ccncc4)cc1,pubchem_failed
CN1CCN(CC1)S(=O)(=O)c2ccc(c3cnc(N)c(n3)C(=O)Nc4cccnc4)c(c2)C(F)(F)F,pubchem_failed
CCC(CC)NC(=O)c1cnn(c1NS(=O)(=O)c2ccc(C)cc2)c3ccccc3,pubchem_failed
CC(=O)C1=CN(Cc2ccccc2)C(=O)N(Cc3ccc(F)cc3)C1=O,pubchem_failed
Cc1nc(C)c(nc1C(=O)N)c2ccc(cc2)C34CCC(CC3)(CC4)C(=O)O,pubchem_failed
Cc1sc2ncnc(SCC(=O)N3CCN(CC3)C(=O)c4occc4)c2c1C,pubchem_failed
OC(=O)CCCS(=O)(=O)c1cccc(c1)C(=O)N2CCC(CC2)N3CCC(CC3)Oc4ccc(Cl)c(Cl)c4,pubchem_failed
CN(C)CC(O)COc1ccc(Nc2ncc(Cl)c(Nc3ccccc3)n2)cc1,pubchem_failed
CCOC(=O)[C@H](Cc1ccc(cc1)[N+](=O)[O-])NC(=O)c2ccccc2,pubchem_failed
CC[S+]([O-])c1ncccc1C2(O)CCN(CC34CC(c5ccccc35)c6ccccc46)CC2,pubchem_failed
CN1C(=O)C=C(CCc2cccc(c2)c3ccccc3)N=C1N,pubchem_failed
CC1=CC2=NNC(=O)N2c3cc(ccc13)c4occc4,pubchem_failed
C[C@@H](NC1=CC(=O)CC1)c2ccc(Nc3ncc4cc(ccc4n3)c5ccncc5)cc2,pubchem_failed
CCCSc1ncccc1C(=O)NC2CCCCC2,pubchem_failed
C[C@@H](NC(=O)c1c(C)nn(c1NS(=O)(=O)c2ccc(C)cc2)c3ccccc3)C(C)(C)C,pubchem_failed
COc1cc2ncnc(Nc3cc(NC(=O)c4ccnc(c4)N5CCOCC5)ccc3C)c2cc1OCCN6CCOCC6,pubchem_failed
COc1ccc2N=CC(=O)N(CCN3CC[C@H](NCc4cc5OCCOc5cn4)[C@H](O)C3)c2c1,pubchem_failed
O[C@]1(CN2CCC1CC2)C#Cc3ccc(Oc4ccc(cc4)C(=O)NCc5ccnc6ccccc56)cc3,pubchem_failed
CCN(CC)c1ccc2C=C(C(=O)O)C(=O)Oc2c1,pubchem_failed
CC(C)N1CCN[C@H](C1)C(=O)N2CCN(CC2)C(=O)Nc3ccc(Cl)c(Cl)c3,pubchem_failed
C[C@@H]1CN(C[C@H](C)O1)c2nc(N3CCOC[C@@H]3C)c4ccc(nc4n2)c5ccccc5,pubchem_failed
CC1=CN([C@H]2CCCN(Cc3ccc(C(=O)O)c(Oc4cccc(F)c4)c3)C2)C(=O)NC1=O,pubchem_failed
CN[C@@H](C)C(=O)N[C@@H](C1CCCCC1)C(=O)N[C@H]2CCCN(CCc3ccccc3)C2,pubchem_failed
CNc1c(Br)cnc2[nH]c(nc12)c3ccc(cc3)S(=O)(=O)C,pubchem_failed
Clc1ccc(CN2C[C@@H]3C[C@H]2CN3)cc1C(=O)NCC45CC6CC(CC(C6)C4)C5,pubchem_failed
OC(=O)c1cccnc1N2CCC(CN3CCC(CC3)Oc4ccc(Cl)c(Cl)c4)CC2,pubchem_failed
CC(=O)Nc1nc(N)n(n1)c2ccccc2,pubchem_failed
CC(C)NC[C@H](O)COc1cccc2ccccc12,pubchem_failed
CC(C)C(NC(=O)CN1C(=O)C(=CC=C1c2ccccc2)NC(=O)Cc3ccccc3C(=O)O)C(=O)C(F)(F)F,pubchem_failed
CCOC(=O)c1c(nc2cc(C)ccn12)c3ccccc3,pubchem_failed
CN(c1ccc(cc1)c2cc(ccc2OCC(=O)O)C(F)(F)F)S(=O)(=O)C,pubchem_failed
CN(c1ccccc1)c2ccnc(Nc3cc(cc(c3)N4CCOCC4)N5CCOCC5)n2,pubchem_failed
Nc1ncnc2c1ncn2[C@@H]3O[C@H](CSCCCNC(=O)NCc4ccccc4)[C@@H](O)[C@H]3O,pubchem_failed
COc1cc2ncnc(Nc3cc4ccccc4cn3)c2cc1OC,pubchem_failed
CNC(=O)c1cnn(c1NS(=O)(=O)c2ccc(C)cc2)c3ccccc3,pubchem_failed
COCCNC(=O)c1ccc(Nc2ncc3cc(ccc3n2)c4ccnc(C)c4)cc1,pubchem_failed
CC(C)CN1C(=O)N(C)C(=O)c2c1sc(Cc3c[nH]c4ncccc34)c2C(=O)N5C[C@H](O)CO5,pubchem_failed
CNC(=O)Nc1nc2ccc(cn2n1)c3cncc(c3)S(=O)(=O)NC(C)(C)C,pubchem_failed
COc1cc(ccc1Nc2ncc(Cl)c(n2)c3cnc4ccccn34)N5CCN(CCO)CC5,pubchem_failed
NC1(CCC1)c2ccc(cc2)N3C(=O)c4ccccc4N=C3c5ccccc5,pubchem_failed
CC(=O)c1ccc2OCC(=O)N(CCN3CCC(CC3)NCc4ccc5OCC(=O)Nc5n4)c2c1,pubchem_failed
CC(C)n1c(C)ncc1c2ccnc(Nc3ccc(cc3)S(=O)(=O)CC4CCCO4)n2,pubchem_failed
CC1(O)CN(C1)S(=O)(=O)c2ccc3C(=CNC(=O)c3c2)C(=O)NC[C@@H](O)CN4CCC(CC4)Oc5ccc(Cl)c(Cl)c5,pubchem_failed
Clc1ccc(CN2CCNCC2)cc1C(=O)NCC34CC5CC(CC(C5)C3)C4,pubchem_failed
Fc1ccc(cc1)n2cc(C3CCNCC3)c4cc(Cl)ccc24,pubchem_failed
CS(=O)(=O)c1cccc(Nc2nccc(Nc3cccc4ccoc34)n2)c1,pubchem_failed
CCN1C=C(C=C(C)C1=O)[C@@]2(N=C(N)c3c(F)cccc23)c4cccc(c4)c5cc(ccn5)C#CC,pubchem_failed
NC1CCN(CC1)c2nccc(C(=O)NCC34CC5CC(CC(C5)C3)C4)c2Cl,pubchem_failed
COc1ccc(cc1)C(=O)N2CCC(CC2)C(=O)c3ccc(F)cc3,pubchem_failed
Cc1ccc(OC(=O)N2CCN3CCC2CC3)cc1,pubchem_failed
CC(=O)Nc1ccc2cnn(c3cc(NC4CC4)n5ncc(C#N)c5n3)c2c1,pubchem_failed
CN1CCOc2nc(ccc12)C#Cc3ccccc3,pubchem_failed
CCOC(=O)CN(c1ccccc1C)S(=O)(=O)c2ccc(Cl)cc2,pubchem_failed
CN[C@@H](C)C(=O)N[C@@H](C1CCCCC1)C(=O)N[C@H]2CCCN(C2)C(=O)Cc3ccccc3,pubchem_failed
[O-][n+]1cc(ccc1Cl)C(=O)Nc2ccc(F)cc2,pubchem_failed
N#Cc1ccc(Nc2nccc(NC3CC3)n2)cc1,pubchem_failed
Nc1ccccc1NC(=O)c2ccc(cc2)c3ncc(CN4CCC4)cc3C#N,pubchem_failed
C[C@@H]1CN(CCN1c2ncc(OCc3ccncc3C#N)cn2)C(=O)OCC(F)F,pubchem_failed
CN(C)CC(O)COc1ccc(Nc2nccc(n2)N(CC#N)c3cc(Cl)ccc3Cl)cc1,pubchem_failed
CN(c1ccnc(Nc2cc(cc(c2)N3CCOCC3)N4CCCC4)n1)c5cc(CO)ccc5C,pubchem_failed
Cn1cnc(c2ccccc2)c1C#Cc3ccnc(N)n3,pubchem_failed
CNC(=O)c1cc(C(=O)c2ccc(Cl)cc2)c(Br)[nH]1,pubchem_failed
CN1CC(C1)n2nccc2c3cc(Cl)ccc3Oc4cc(F)c(cc4F)S(=O)(=O)Nc5ncns5,pubchem_failed
Oc1ccc(Nc2nc(cs2)c3ccc(cc3)C#N)cc1,pubchem_failed
CCN(C1CCN(CCC(c2ccccc2)c3ccc(NC(=O)C)cc3)CC1)C(=O)Cc4ccc(cc4)S(=O)(=O)C,pubchem_failed
Cc1ccc(cc1)S(=O)(=O)c2ccccc2,pubchem_failed
CC(NC(=O)C1(N)CCN(CC1)c2ncnc3[nH]ccc23)c4ccc(F)cc4,pubchem_failed
COc1cc2ncc(C(=O)N)c(Nc3ccc(F)cc3F)c2cc1NCCN4CCCCC4,pubchem_failed
COc1ccc(Sc2c(C)n(CC(=O)O)c3ccc(C)cc23)cc1,pubchem_failed
CC(NC(=O)c1c(C)nn(c1NS(=O)(=O)c2ccc(C)cc2)c3ccccc3)C(C)(C)C,pubchem_failed
Cc1ccc2c(c1)c(Sc3ccc(Cl)cc3)c(C)n2CC(=O)O,pubchem_failed
Clc1cccc(NC(=O)c2ccccn2)c1,pubchem_failed
Clc1ccc(cc1)c2oc(cc2)C(=O)N(Cc3ccccn3)c4ccc(cc4)N5CCNCC5,pubchem_failed
O=C1NC=Nc2scc(c3cccs3)c12,pubchem_failed
CC(C)N1C(=O)N(CC2CC2)c3nn(Cc4ccnc5ccc(Cl)cc45)c(c6cncn6C)c3C1=O,pubchem_failed
O=C(NC1(CC1)C#N)[C@@H]2CCCC[C@H]2C(=O)N3CCN(CC3)c4nc5ncccc5s4,pubchem_failed
Nc1ccccc1NC(=O)c2ccc(cc2)c3nccs3,pubchem_failed
CCN1CCOc2cc(COc3ccccc3)cnc12,pubchem_failed
Nc1ncc([nH]1)c2ccc(F)cc2,pubchem_failed
Clc1cc(Nc2ncnc3[nH]nc(OCCN4CCCC4)c23)ccc1OCc5ccccn5,pubchem_failed
COc1ccc(cn1)c2ccc3nc(N)sc3c2,pubchem_failed
COc1ccc(cc1)c2ccnc(N)n2,pubchem_failed
NC(=O)NC(=O)C(Nc1ccc2CCCc2c1)c3ccccc3,pubchem_failed
COc1cc2nnc(C(=O)N)c(Nc3cccc(Cl)c3F)c2cc1N4CCN(C)CC4,pubchem_failed
CS(=O)(=O)Cc1cc(nc(n1)c2cccc(CO)c2)N3CCOCC3,pubchem_failed
Cc1ccc2c(c1)c(c(C)n2CC(=O)O)c3ccnc4c(cccc34)C#N,pubchem_failed
N(c1ccccc1)c2ccnc3ccccc23,pubchem_failed
COc1cc(ccc1Cn2ccc3ccc(cc23)C(=O)NCC4CCCC4)C(=O)NS(=O)(=O)c5ccccc5,pubchem_failed
O[C@@H](CNCCCOCCNCCc1cccc(Cl)c1)c2ccc(O)c3NC(=O)Sc23,pubchem_failed
CC(C)(C(=O)Nc1oc(nn1)C(=O)Nc2ccc(cc2)N3CCOCC3)c4ccc(Cl)cc4,pubchem_failed
Cc1ccc(cc1)C(=O)N2CCC(CC2)C(=O)c3ccc(Cl)cc3,pubchem_failed
CCN(CC)C(=O)c1ccc(cc1)C(=C2CCN(Cc3ccc(F)cc3)CC2)c4cccnc4,pubchem_failed
OC(=O)CO[C@H]1[C@@H](Cc2ccccc12)NC(=O)c3cc4sc(Cl)c(Cl)c4[nH]3,pubchem_failed
COc1cc(CCc2cc(Nc3ccnc(NCc4ccccn4)n3)n[nH]2)cc(OC)c1,pubchem_failed
[O-][N+](=O)c1cc(ccc1NCCSc2ccccc2)S(=O)(=O)NC(=O)c3ccc(cc3)N4CCNCC4,pubchem_failed
Nc1cc(nc2ccc(Nc3cc(nc(N)n3)c4ccc(cc4)C(F)(F)F)cc12)c5ccc(F)cc5,pubchem_failed
Fc1cnc(NC(=O)[C@H](CC2CCOCC2)c3ccc(cc3)S(=O)(=O)C4CC4)s1,pubchem_failed
NC(=N)SCc1ccc(Cl)c(Cl)c1,pubchem_failed
Cc1ccc(COC(=O)N2CCC(CNc3ncccn3)CC2)cc1,pubchem_failed
COC[C@H](C)Oc1cc(O[C@@H](C)Cc2ccccc2)cc(c1)C(=O)Nc3ccc(cn3)C(=O)O,pubchem_failed
Oc1ncc(NCc2ccccc2)c(O)n1,pubchem_failed
COc1cc(cc(OC)c1OC)C(=O)c2cc(Cl)ccc2N,pubchem_failed
Nc1ccccc1NC(=O)c2ccc(cc2)c3ncccc3C#N,pubchem_failed
C[C@@H]1CN(CCN1C(=O)[C@@H]2CCCC[C@H]2C(=O)NC3(CC3)C#N)c4ccc5c(C)noc5c4,pubchem_failed
CN[C@@H](C)C(=O)N[C@@H](C1CCCCC1)C(=O)N[C@H]2CCN(Cc3ccccc3)C2,pubchem_failed
Oc1ccc(NC(=O)c2ccc(O)cc2)cc1,pubchem_failed
COc1cc(ccc1Nc2ncc3N(C)C(=O)CCN(C4CCCCC4)c3n2)C(=O)NC5CCN(C)CC5,pubchem_failed
CC(C)n1c(C)ncc1c2ccnc(Nc3ccc(cc3)C(=O)N)n2,pubchem_failed
Cc1ccc(OCC(=O)O)c(c1)n2nc3ccccc3n2,pubchem_failed
C[C@@H]1CNc2c(sc3ccc4nc(ccc4c23)c5ccc(C)nc5)C(=O)N1,pubchem_failed
CC1=C(Cc2ccccc2)C(=O)n3nc(NCc4ccc(Cl)cc4)nc3N1,pubchem_failed
Fc1ccc2OCC(=O)N(CCN3CCC(CC3)NCc4ccc5OCC(=O)Nc5n4)c2c1,pubchem_failed
CSCCC(NC(=O)c1ccccc1)c2nc3ccccc3n2Cc4ccc(cc4)C#N,pubchem_failed
C[C@@H]1CN(CCN1c2ncc(OCc3ccncc3C#N)cn2)C(=O)OC(C)(C)C,pubchem_failed
CCN1CCN(CC1)C(=O)c2cc3cc(Cl)ccc3[nH]2,pubchem_failed
COc1cccc2c1c(NS(=O)(=O)c3ccc(Cl)s3)nn2Cc4cccc(CNC(=O)[C@@H]5COCCN5)c4,pubchem_failed
COc1ccc2c(c1)cc(C(=O)O)n2Cc3ccc(Cl)c(Cl)c3,pubchem_failed
NC(=O)c1cccc(O[C@H]2C[C@H]3CC[C@@H](C2)N3Cc4ccccc4)c1,pubchem_failed
C[C@H](N)C(=O)N[C@@H](CCc1ccccc1)\C=C\S(=O)(=O)c2ccccc2,pubchem_failed
C(Sc1nc2cccnc2[nH]1)c3ccccc3,pubchem_failed
C[C@H](Nc1nc(Nc2ncc(C#N)s2)cc(n1)N3CCOCC3)c4ncc(F)cn4,pubchem_failed
CC(C)Oc1cc(OCCc2ccsc2)cc(c1)C(=O)Nc3ccc(cn3)C(=O)O,pubchem_failed
O=C(Nc1ccc(Nc2ccc(NC(=O)c3ccccc3)c4C(=O)c5ccccc5C(=O)c24)c6C(=O)c7ccccc7C(=O)c16)c8ccccc8,pubchem_failed
COc1ccc(cc1OC)C(=O)Nc2cc(NC(=O)c3cccc(c3)N(C)C)ccc2Br,pubchem_failed
COc1ccccc1CN[C@H]2CCCN[C@H]2c3ccccc3,pubchem_failed
NC(=O)c1cccc(O[C@@H]2C[C@H]3CC[C@@H](C2)N3CC4CC4)c1,pubchem_failed
CC(C)C(NC(=O)CN1C(=O)C(=CC=C1c2ccccc2)NC(=O)OCc3cc(C)nc(C)c3)C(=O)C(F)(F)F,pubchem_failed
COCCCNS(=O)(=O)c1ccc(Nc2nccc(n2)c3cnc4ccccn34)cc1,pubchem_failed
FC(F)(F)c1cccc2c3CN(CCc3[nH]c12)C(=O)[C@@H]4CCCC[C@H]4C(=O)NC5(CC5)C#N,pubchem_failed
OC(=O)[C@H](Cc1ccc(OCCNc2nc3ccccc3[nH]2)cc1)NC(=O)c4c(Cl)cccc4Cl,pubchem_failed
COc1nc(N)nc2c1ncn2[C@@H]3O[C@H](CO)[C@@H](O)[C@H]3O,pubchem_failed
CCN(C1CCN(CCC(N2CCN(CC2)c3ccccc3)c4ccccc4)CC1)C(=O)Cc5ccc(cc5)S(=O)(=O)C,pubchem_failed
CN1CCN(CC1)C(=O)[C@@H]2CCCC[C@H]2C(=O)NCC#N,pubchem_failed
Fc1ccc(cc1Cl)C2CNCC=CC2,pubchem_failed
Clc1cc(Cl)cc(c1)S(=O)(=O)NCC(N2CCCCCC2)c3ccccc3,pubchem_failed
CN1CCC(CC1)(c2cc(nc(n2)c3cccc4[nH]ccc34)N5CCOCC5)S(=O)(=O)C,pubchem_failed
C[C@@H](NC(=O)c1cccnc1Oc2ccccc2)c3ccccc3,pubchem_failed
CC1=CN([C@H]2CCCN(C2)S(=O)(=O)c3ccc(O)c(Oc4ccc(Cl)cc4)c3)C(=O)NC1=O,pubchem_failed
CCN(C1CCN(CC[C@H](C2CCN(CC2)S(=O)(=O)C)c3cc(C)cc(C)c3)CC1)C(=O)Cc4ccc(cc4)S(=O)(=O)C,pubchem_failed
CN[C@@H](C)C(=O)N[C@H](C(=O)N[C@H]1CCCN(CCc2ccc(OC)cc2)C1)C(C)(C)C,pubchem_failed
COC(=O)COc1ccc(O)cc1,pubchem_failed
C(=C\c1nn[nH]n1)/c2ccccc2,pubchem_failed
Oc1ccc(CCNCCCCCCNC(=O)Nc2ccccc2)c3sc(O)nc13,pubchem_failed
COc1ccccc1S(=O)(=O)NC(=O)N2CCC(CC2)N3CCC(CC3)Oc4ccc(Cl)c(Cl)c4,pubchem_failed
CCOc1ccc(cc1)N2C(=O)c3cccnc3N=C2[C@@H](C)N(CC4CCN(C)CC4)C(=O)Cc5ccc(F)c(c5)C(F)(F)F,pubchem_failed
CC(C)CN1C(=O)N(C)C(=O)c2c1sc(Oc3cccc4ccccc34)c2C(=O)N5CC[C@@H](O)C5,pubchem_failed
Fc1ccccc1COc2cc(OCCCN3CCCC3)ccc2C(=O)Nc4ccccc4,pubchem_failed
Clc1cccc(Cl)c1c2nnc3cccc(Cl)n23,pubchem_failed
C[C@@H](N1CCC[C@@H](C1)N2C=C(C)C(=O)NC2=O)c3ccc(C(=O)O)c(Oc4cccc(Cl)c4)c3,pubchem_failed
O[C@@H](CNCCc1cccc(CNCCc2ccccn2)c1)c3ccc(O)c4NC(=O)Sc34,pubchem_failed
CC(=O)NC[C@H]1CN(C(=O)O1)c2ccc(c(F)c2)n3ccc(c3)C#N,pubchem_failed
CS(=O)(=O)C1(CC1)c2cc(nc(n2)c3ccccc3)N4CCOCC4,pubchem_failed
COc1ccc2N=CC(=O)N(CCN3CC[C@H](NCc4ccc5OCC(=O)Nc5n4)[C@H](O)C3)c2c1,pubchem_failed
Clc1ccc(cc1)S(=O)(=O)Nc2nnc(s2)c3ccccc3,pubchem_failed
CN1SC(=O)c2cc(ccc12)S(=O)(=O)NC3CC3,pubchem_failed
COc1ccc(cc1OC)c2cc(NC(=O)Cc3ccc4ccccc4c3)[nH]n2,pubchem_failed
CN([C@@H]1CCN(Cc2ccc(nc2)C(F)(F)F)C[C@@H]1F)C(=O)Cc3ccc(cc3)n4cnnn4,pubchem_failed
C[C@@H]1CN(CCN1c2ncc(OCc3ccncc3C#N)cn2)c4noc(C)n4,pubchem_failed
COc1cc(ccc1Cn2ccc3ccc(NC(=O)OC4CCCC4)cc23)C(=O)NS(=O)(=O)c5ccccc5,pubchem_failed
CCCc1c(O)c(ccc1OCc2ccc(cc2)C(=O)O)C(=O)C,pubchem_failed
Clc1ccc(c(Cl)c1)c2nnc3cccc(Cl)n23,pubchem_failed
CCn1c(C)ncc1c2ccnc(Nc3ccc(cc3)S(=O)(=O)NCCOC)n2,pubchem_failed
ONC(=O)c1ccc(NS(=O)(=O)c2ccccc2)cc1,pubchem_failed
Nc1ccnc(n1)c2cccnc2,pubchem_failed
Cc1nc(C)c(nc1C(=O)N)c2ccc(cc2)[C@@H]3CC[C@@H](CC(=O)N)CC3,pubchem_failed
Oc1c2C(=O)N(NC(=O)c2nc3cc(Cl)ccc13)C(C4CCCC4)c5ccccn5,pubchem_failed
Cc1cccc(NS(=O)(=O)c2ccc(cc2)c3ccc(cc3)C#N)n1,pubchem_failed
Cc1onc(C)c1CCC2CCN(CC2)S(=O)(=O)CC3(CCOCC3)N(O)C=O,pubchem_failed
Cc1ccccc1C(=O)NCC23CC4CC(CC(C4)C2)C3,pubchem_failed
CN1CCN(CC1)C(=O)c2ccc(cc2)C(=C3CCN(Cc4cscn4)CC3)c5cccc6cccnc56,pubchem_failed
CC1(C)N=C(N)N=C(N)N1c2ccc(Oc3ccc(Cl)cc3)c(Cl)c2,pubchem_failed
COc1ccc(cc1)n2cnc3cc(NS(=O)(=O)c4ccccc4)ccc23,pubchem_failed
OC(=O)c1ccccc1CN2CCC(CN3CCC(CC3)Oc4ccc(Cl)c(Cl)c4)CC2,pubchem_failed
CNc1nc(C)c(s1)c2nc(Nc3cccc(c3)N4CCCN(CC4)C(=O)C)ncc2C#N,pubchem_failed
Fc1cc(cc(F)c1CN2CCOCC2)c3cccc4ncc(nc34)c5cnn(c5)C6CCNCC6,pubchem_failed
CCC(N(CCCN)C(=O)c1ccc(C)cc1)C2=Nc3ccsc3C(=O)N2Cc4cccnc4,pubchem_failed
OC(=O)c1cc2cc(OCc3ccccc3)ccc2[nH]1,pubchem_failed
OC(=O)c1ccccc1C(=O)N2CCC(CC2)N3CCC(CC3)Oc4ccc(Cl)c(Cl)c4,pubchem_failed
Cc1ccc(cc1NC(=O)c2ccc(OCc3ccccn3)cc2)c4c[nH]c(C)n4,pubchem_failed
CCc1c(C)nc(SCC(=O)Nc2nc(cs2)c3ccc(OC)cc3)nc1O,pubchem_failed
CO[C@H]1CN(CCN2C(=O)C=Cc3ccc(cc23)C#N)CC[C@H]1NCc4cc5OCCOc5cn4,pubchem_failed
OC(=O)CCc1ccc(OCc2cc(Cl)ccc2c3ccccc3)cc1,pubchem_failed
CNC(=O)c1cc(sc1NC(=O)N)c2ccccc2,pubchem_failed
C[C@H](NC(=O)Cc1cc(F)cc(F)c1)C(=O)NC2C(=O)N(C)c3ccccc3c4ccccc24,pubchem_failed
C[C@H](NC(=O)c1cccc2CCN(Cc3ccc(Cl)cc3)c12)c4ccc(cc4)C(=O)O,pubchem_failed
CC(O)(C(=O)Nc1ccc(cc1)S(=O)(=O)c2ccc(F)cc2)C(F)(F)F,pubchem_failed
CSc1ccc(OCc2ccccc2)c(c1)C(=O)Nc3ccc(cn3)C(=O)O,pubchem_failed
Oc1ccc(cc1)c2nc3ccccc3s2,pubchem_failed
COc1cc(Nc2nc(N[C@@H](C)c3ncc(F)cn3)nc(N4CCOCC4)c2Cl)n[nH]1,pubchem_failed
Clc1cccc(NNC(=O)c2cccnc2Cl)c1,pubchem_failed
CCc1c(C(=O)C(=O)N)c2c(OCC(=O)N)cccc2n1Cc3ccccc3,pubchem_failed
Nc1cccc2C(=O)C(=O)c3ccccc3c12,pubchem_failed
CCOC(=O)Nc1cccc(c1)[C@H](N2CCN(Cc3cccnc3)CC2)c4ccc(cc4)C(=O)N5CCC5,pubchem_failed
C1NC(Cc2ccccc12)c3ccccc3,pubchem_failed
CCN(CC)S(=O)(=O)c1ccc(cc1)c2cc(ccc2OCC(=O)O)C(F)(F)F,pubchem_failed
NCCc1ccc(O)c2nc(O)sc12,pubchem_failed
COc1ccc(C(=O)Nc2c(Cl)cncc2Cl)c3cccnc13,pubchem_failed
CN(C)CC(O)COc1ccc(Nc2nccc(n2)N(CC#C)c3cc(Cl)ccc3Cl)cc1,pubchem_failed
OCC(=O)N1CCC[C@@H]1COc2cccc3ncnc(Nc4ccc(OCc5ccccn5)c(Cl)c4)c23,pubchem_failed
CCCN(CCC)C(=O)c1cccc(c1)C(=O)N[C@@H](Cc2ccccc2)[C@H](O)CNCc3cccc(OC)c3,pubchem_failed
Cc1cc(O)ccc1N2C(=O)c3ccc(O)cc3C2=O,pubchem_failed
FC(F)(F)c1cc(COCC(N2CCNCC2)c3cccc(Cl)c3)cc(c1)C(F)(F)F,pubchem_failed
COc1cc2ncnc(Nc3cc(NC(=O)c4cccc(c4)N(C)C)ccc3Cl)c2cc1OC,pubchem_failed
C[C@H]1O[C@H]([C@H](O)[C@@H]1O)n2cnc3c(N)nc(OCC45CC6CC(CC(C6)C4)C5)nc23,pubchem_failed
CC(C)NC(=O)c1ccc(C)c(c1)N2C=Nc3ccc(cc3C2=O)N4CCN(C)CC4,pubchem_failed
C[C@H](Nc1nc(Nc2ncc(C)s2)c(F)c(n1)N3CCOCC3)c4ncc(F)cn4,pubchem_failed
OC(=O)c1ccc(cc1)c2nnn(Cc3ccccc3F)n2,pubchem_failed
CNC(=O)c1cccc(O[C@H]2C[C@H]3CC[C@@H](C2)N3Cc4ccccc4)c1,pubchem_failed
CC(=O)Nc1ccc2c(c1)c(cn2CCO)c3cc(NC4CC4)n5ncc(C#N)c5n3,pubchem_failed
Cn1cnc(c2ccccc2)c1c3cc4c(N)ncnc4s3,pubchem_failed
CC(C)C[C@@H](N1CCC[C@@H](C1)N2C=C(C)C(=O)NC2=O)c3ccc(C(=O)O)c(Oc4cccc(Cl)c4)c3,pubchem_failed
COc1ccc(Cl)c(Nc2ncnc3cc(OC)cc(OC4CCN(C)CC4)c23)c1,pubchem_failed
CCOC(=O)c1ccc(OCCC2CCN(CC2)c3ccc(C)nn3)nc1,pubchem_failed
Cc1ccc2nc(CCNCCCO)ccc2c1NC(=O)CC34CC5CC(CC(C5)C3)C4,pubchem_failed
OCC(CO)Nc1nc(SCc2cccc(F)c2F)nc3nc(NC4CC4)sc13,pubchem_failed
CCN(C1CCN(CCC(c2ccccc2)c3ccc(cc3)C#N)CC1)C(=O)Cc4ccc(cc4)S(=O)(=O)C,pubchem_failed
C[C@@H](COCCCS(=O)(=O)CCNCCc1ccc(O)c2nc(O)sc12)c3ccccc3,pubchem_failed
CN(C)CC(O)COc1ccc(Nc2ncc(C)c(Nc3ccccc3)n2)cc1,pubchem_failed
CCCSc1nc(ccc1C(=O)NC2CCCCC2)N3CCCC(C3)C(=O)O,pubchem_failed
C[C@@H]1CCCN1CCc2oc3ccc(cc3c2)c4ccc(cc4)C#N,pubchem_failed
COc1cc2ncc(C(=O)N)c(Nc3cccc(Cl)c3)c2cc1OC,pubchem_failed
Brc1ccc(cc1)S(=O)(=O)NCC(N2CCCCCC2)c3ccccc3,pubchem_failed
Oc1ccccc1CCC(=O)Nc2ccccc2,pubchem_failed
Fc1ccc(C2CCN(CC2)C(=S)COCc3ccncc3)c(Cl)c1,pubchem_failed
C[C@H]1CCCN1CCc2oc3ccc(cc3c2)c4ccc(cc4)C#N,pubchem_failed
COc1cc(Nc2nc(N[C@@H](C)c3ncc(F)cn3)ncc2Cl)n[nH]1,pubchem_failed
CC(N1NC(=O)C2=C(C1=O)C(=O)c3ccc(Cl)cc3N2)c4ccsc4,pubchem_failed
CCN1CCN(CC1)C(=O)c2cc3cc(F)ccc3[nH]2,pubchem_failed
CC(C)C[C@H](CO)Nc1nc(SCc2ccccc2)nc3nc(N)sc13,pubchem_failed
O=C(N[C@H]1CN2CCC1CC2)c3ccc(s3)c4ccccc4,pubchem_failed
CC(NCC(O)c1ccc(cc1)[N+](=O)[O-])C23CC4CC(CC(C4)C2)C3,pubchem_failed
CC1=CN(C2CCCN(Cc3cccc(Oc4ccc(C)cc4)c3)C2)C(=O)NC1=O,pubchem_failed
CCCN(CCNCCc1ccc(O)c2NC(=O)Sc12)C(=O)CCOCCc3ccccc3,pubchem_failed
O=C1N=C(NCc2ccccc2)SN1Cc3ccccc3,pubchem_failed
COc1cc(OC)c(cc1NC(=O)Cc2ccnc(F)c2)S(=O)(=O)N3c4ccccc4Oc5ccccc35,pubchem_failed
CN(CCO)C(=O)c1ccc(cc1)[C@@H](N2CCN(Cc3ccc(F)cc3)CC2)c4cccc(NC(=O)C5CC5)c4,pubchem_failed
CCN(C1CCN(CC[C@H](C2CCN(CC2)S(=O)(=O)C)c3cccc(c3)C(F)(F)F)CC1)C(=O)Cc4ccc(cc4)S(=O)(=O)C,pubchem_failed
CN1CCCC(COc2nccc(Nc3cc(NC(=O)c4ccnc(c4)N5CCOCC5)ccc3C)n2)C1,pubchem_failed
O[C@H](CNC(=O)C1=CNC(=O)c2c(F)cccc12)CN3CCC(CC3)Oc4ccc(Cl)c(Cl)c4,pubchem_failed
CN(C)CCCN(C)S(=O)(=O)c1ccc(Nc2nccc(n2)c3cnc4ccccn34)cc1,pubchem_failed
OC1=CC(=O)C2=C(O1)c3ccccc3N(Cc4ccccc4)C2=O,pubchem_failed
CC(O)(C(=O)Nc1ccc(cc1)S(=O)(=O)c2ccc(O)cc2)C(F)(F)F,pubchem_failed
CCCSc1ncccc1C(=O)N(C)[C@H]2[C@@H]3CC4C[C@H]2C[C@@](O)(C4)C3,pubchem_failed
Cn1cncc1c2c3C(=O)N(CC#CCO)C(=O)N(CC4CC4)c3nn2Cc5ccnc6ccc(Cl)cc56,pubchem_failed
Fc1cccc(F)c1CS(=O)(=O)N2CCN(CC2)c3ncccc3C(F)(F)F,pubchem_failed
CS(=O)(=O)c1ccc(cc1)c2cc(C(=O)N[C@H]3CCCNC3)c(NC(=O)N)s2,pubchem_failed
Cc1onc(C(=O)N)c1C(=O)Nc2nccs2,pubchem_failed
CCn1cnc(c2ccccc2)c1c3nc4c(N)ncnc4s3,pubchem_failed
CCCc1c(O)c(ccc1OCCCCSCC(=O)O)C(=O)C,pubchem_failed
CCc1nc2cc(O)ccc2c(Oc3ccc(\C=C\C(=O)O)cc3)c1c4ccccc4,pubchem_failed
Cc1ccc(s1)C(NC(=O)c2ccccc2O)C(=O)Nc3c(C)cccc3C,pubchem_failed
COCCOc1nc(N)c2NC(=O)N(Cc3cccc(CC(=O)OC)c3)c2n1,pubchem_failed
CCC(CC)n1nc(C)c(C(=O)N[C@@H](C)C(C)(C)C)c1NS(=O)(=O)c2ccc(C)cc2,pubchem_failed
CN1CCN(CC(=O)Nc2ccc(C3=CC=CN4C(=O)C=C(N=C34)N5CCOCC5)c6sc7ccccc7c26)CC1,pubchem_failed
NC1=NC2(CCN(CC2)C(=O)c3ccc(nc3)C#N)Nc4c(F)ccc(F)c14,pubchem_failed
CC(=O)NC[C@H]1CN(C(=O)O1)c2ccc(N3Cc4cccnc4C3)c(F)c2,pubchem_failed
CC[C@H](NC(=O)c1c([S+](C)[O-])c(nc2ccccc12)c3ccccc3)c4cccnc4,pubchem_failed
OCC(=O)N1CCC(CC1)c2[nH]nc(c3ccc(Cl)cc3F)c2c4ccncn4,pubchem_failed
CC(C)Oc1cc(n[nH]1)n2cnc3ccc(N[C@@H](CO)c4ccc(F)cn4)nc23,pubchem_failed
NC(=O)c1cnc2[nH]c(nc2c1NCCCNC(=O)C3CCC3)c4ccc(OCCN5CCCCC5)cc4,pubchem_failed
CNC(=O)OC[C@@H](C)N(c1cc(Cl)ccc1CO)S(=O)(=O)c2ccc(Cl)cc2,pubchem_failed
CC(C)n1c(C)ncc1c2ccnc(Nc3ccc(C(=O)NCCN(C)C)c(F)c3)n2,pubchem_failed
CC1(CCC(=O)N1Cc2cccs2)C(=O)NC3CCCCC3,pubchem_failed
COc1cc(ccc1Nc2ncc(Cl)c(n2)c3cnc4ccccn34)N5CCN(CC5)C(=O)N,pubchem_failed
NC(=O)c1cccc(c1)[S+]([O-])[C@H]2C[C@H]3CC[C@@H](C2)N3Cc4ccccc4,pubchem_failed
CCC(CC)NC(=O)c1nnn(c1NS(=O)(=O)c2ccc(C)cc2)c3ccccc3,pubchem_failed
Nc1nc(SCc2ccccc2)nc3c1ncn3[C@@H]4O[C@H](CO)[C@@H](O)[C@H]4O,pubchem_failed
CN1C(=O)N(C)c2[nH]c(nc2C1=O)c3cccnc3,pubchem_failed
CO[C@@H]1CN(Cc2ccc(cc2)C(F)(F)F)CC[C@@H]1N(C)C(=O)Cc3ccc(cc3)n4cnnn4,pubchem_failed
CCC(CC)CNC(=O)c1ccc2c(c1)c(Cc3ccc(cc3OC)C(=O)NS(=O)(=O)c4ccccc4C)cn2C,pubchem_failed
NC(=O)c1cncc(c1)c2ccc(cc2)[C@@H]3CC[C@@H](CC(=O)O)CC3,pubchem_failed
COc1cc(ccc1Nc2ncc(c(n2)c3cnc4ccccn34)C(F)(F)F)N5CCN(CC5)C(=O)C,pubchem_failed
NC1(CCC1)c2ccc(cc2)c3ncc4nccn4c3c5ccccc5,pubchem_failed
COC[C@H](C)Oc1cc(Oc2cc(F)cc(F)c2)cc(c1)C(=O)Nc3ccc(cn3)C(=O)O,pubchem_failed
CCC(C)(C)C[C@@H](N1CCC[C@@H](C1)N2C=C(C)C(=O)NC2=O)c3ccc(C(=O)O)c(Oc4cccc(Cl)c4)c3,pubchem_failed
Fc1cccc(c1)C(COCc2cc(cc(c2)C(F)(F)F)C(F)(F)F)N3CCNCC3,pubchem_failed
COc1cc(F)ccc1c2cncc(CNC(=O)c3ccccn3)c2,pubchem_failed
CSCc1cc(nc(n1)c2ccccc2)N3CCOCC3,pubchem_failed
CN(C)CCCNc1cc(nc2c(cnn12)C#N)n3ccc4ccc(NC(=O)C)cc34,pubchem_failed
CC(=O)Nc1ccc2ccn(c3cc(NCCN4CCCC4)n5ncc(C#N)c5n3)c2c1,pubchem_failed
Clc1cccc2c3CN(CCc3[nH]c12)C(=O)[C@@H]4CCCC[C@H]4C(=O)NC5(CC5)C#N,pubchem_failed
Nc1ccc2[nH]c(Cc3ccc(Oc4ccccc4)cc3)nc2c1,pubchem_failed
CCc1ccc(NC(=O)c2ccc3cc(ccc3c2)C(=N)N)cc1,pubchem_failed
CC#Cc1ccnc(c1)c2cc(ccc2O)C3(N=C(C)C(=N3)N)C4CC4,pubchem_failed
Fc1ccc(cc1)C(NC(=O)CC2CCN(Cc3ccn(c3)c4ccc(cc4)C(F)(F)F)CC2)C5=CNC(=O)C(=C5)Cl,pubchem_failed
CC(C)C(NC(=O)CN1C(=O)C(=CC=C1c2ccccc2)NC=O)C(=O)C(F)(F)F,pubchem_failed
COc1cc(ccc1Nc2ncc(C)c(n2)c3cnc4ccccn34)N5CCN(CC5)C(=O)C,pubchem_failed
Nc1cccc2C(=O)N(Cc3cccc(Cl)c3)C(=O)c12,pubchem_failed
NC(=O)Nc1cc(sc1C(=O)N[C@H]2CCCNC2)c3ccccc3,pubchem_failed
Nc1nc(Cl)nc(NCc2ccccc2)n1,pubchem_failed
COc1cccc(COCC(O)CN2CCC(CC2)C(=O)N)c1,pubchem_failed
Oc1ccc(CCNCCCCCCOCCc2ccccc2)c3sc(O)nc13,pubchem_failed
COC[C@H](C)Oc1cc(Oc2ccccc2)cc(c1)C(=O)Nc3ccc(cn3)C(=O)O,pubchem_failed
Clc1ccc2ncc(c3cccc(NC4CNC4)n3)n2c1,pubchem_failed
NC1(CCC1)c2ccc(cc2)C3=NN4C=CC(=O)N=C4C=C3c5ccccc5,pubchem_failed
O=C(CC12CC3CC(CC(C3)C1)C2)Nc4ccc5[nH]ncc5c4,pubchem_failed
Cc1oc(cc1)c2ccc(cc2F)S(=O)(=O)N3CCC[C@H]3C(=O)N4CC[C@@H](N)C4,pubchem_failed
Cc1onc(c1)[C@H](O)[C@](C)(OCc2ccc(cc2)c3ccccc3)C(=O)NO,pubchem_failed
COc1cccc(Oc2cncnc2O)c1,pubchem_failed
CC(C)Oc1cc(Nc2nc3c(cc2F)ncn3[C@@H](CO)c4ccc(F)cn4)n[nH]1,pubchem_failed
OC(=O)c1cccc(c1)c2ccc3c(C(=O)NCC45CC6CC(CC(C6)C4)C5)c(Cl)ccc3n2,pubchem_failed
Nc1nc(N)c(nc1Cl)C(=O)Nc2ccccn2,pubchem_failed
CCn1c(C)c(C(=O)O)c(c2cccc(c2)N3CCN(CC3)c4ccc(NS(=O)(=O)c5ccc(N[C@H](CCN6CCC(O)CC6)CSc7ccccc7)c(c5)S(=O)(=O)C(F)(F)F)cc4)c1c8ccc(Cl)cc8,pubchem_failed
CC1CN(C1)C(=O)c2nnc3c(cccc3c2N)c4ncccn4,pubchem_failed
OC[C@H](Nc1ncc(Cl)c(Nc2cc([nH]n2)C3CC3)n1)c4ccc(F)cc4,pubchem_failed
C[C@H]1COCCN1c2cc(CS(=O)(=O)C)nc(n2)c3ccc4[nH]ccc4c3,pubchem_failed
COCCCc1cc(Nc2nc(NCc3onc(C)c3)ncc2Br)n[nH]1,pubchem_failed
OCc1ccc(OC2CCN(CC3CCN(CC3)[C@@H](Cc4ccccc4)C(=O)O)CC2)cc1Cl,pubchem_failed
OC(=O)CNCCNc1ccc(Cl)c(c1)C(=O)NCC23CC4CC(CC(C4)C2)C3,pubchem_failed
COc1cc(ccc1C2CC2)N3CCN([C@H](C)C3)C(=O)[C@@H]4CCCC[C@H]4C(=O)NC5(CC5)C#N,pubchem_failed
CCNC(=O)c1ccc(C)c(c1)N2C=Nc3ccc(cc3C2=O)N4CCN(C)CC4,pubchem_failed
O=C(Nc1nc(cs1)c2ccccc2)c3cccnc3,pubchem_failed
CS(=O)(=O)n1c2ccccc2c3cc(NC(=O)CCc4ccncc4)ccc13,pubchem_failed
C[C@@H]1CN(CCN1c2ncc(OCc3ccncc3C#N)cn2)C(=O)OCC(F)(F)F,pubchem_failed
Nc1nnc(Cc2ccc(Cl)cc2)s1,pubchem_failed
OC(=O)c1c(C#N)c2ccccc2n1Cc3ccc(Cl)c(Cl)c3,pubchem_failed
O[C@@H](CNCCc1cccc(c1)c2cccc(CNCc3ccccc3)c2)c4ccc(O)c5NC(=O)Sc45,pubchem_failed
CC(C)n1c(C)ncc1c2ccnc(Nc3ccc(cc3)S(=O)(=O)CCCN4CCOCC4)n2,pubchem_failed
C[C@H](CO)Nc1nc(SCc2ccccc2F)nc3nc(N)sc13,pubchem_failed
OCC[C@]1(CCCNC1)c2ccc(Cl)c(Cl)c2,pubchem_failed
C=CCN(C1CCN(CCC(c2ccccc2)c3ccccc3)CC1)C(=O)Nc4ccccc4,pubchem_failed
C[C@H](NC(=O)c1c(C)nn(c1NS(=O)(=O)c2ccc(cc2)C#N)c3ccc(F)cc3)C(C)(C)C,pubchem_failed
OC(=O)[C@H](Cc1ccc(F)cc1)N2CCC(CN3CCC(CC3)Oc4ccc(Cl)c(Cl)c4)CC2,pubchem_failed
CS(=O)(=O)c1cccc(Nc2nccc(Nc3cccc4ncoc34)n2)c1,pubchem_failed
COCCC(=O)N(C)c1ccc(Nc2ncc3cc(ccc3n2)c4ccncc4)cc1,pubchem_failed
C[C@@H]1CN(CCN1c2ncc(OCc3ccc(cc3)C#N)cn2)C(=O)OC(C)(C)C,pubchem_failed
CC(C)n1c(C)ncc1c2ccnc(Nc3ccc(cc3)N4CCN(CC4)S(=O)(=O)CCN(C)C)n2,pubchem_failed
CN1C=C(C(=O)NC[C@@H](O)CN2CCC(CC2)Oc3ccc(Cl)c(Cl)c3)C(=CC1=O)C(F)(F)F,pubchem_failed
Nc1nc2ccc(cc2s1)c3cccc(O)c3,pubchem_failed
CC#CCN1C(=O)N(CC2CC2)c3nn(Cc4ccnc5ccc(Cl)cc45)c(c3C1=O)c6cncn6C,pubchem_failed
C[C@@H]1CN(CCN1C(=O)[C@@H]2CCCC[C@H]2C(=O)NC3(CC3)C#N)c4ccc5c(C)nn(C)c5c4,pubchem_failed
Cc1nccc(c1Cl)c2ccc(cc2)c3nc4ccncc4c(O)c3C#N,pubchem_failed
COc1ncc2C=CC(=O)N(CCN3CCC(CC3)NCc4cc5OCCOc5cn4)c2n1,pubchem_failed
COc1cc(ccc1Cc2cn(C)c3ccc(NC(=O)CC4CCCC4)cc23)C(=O)O,pubchem_failed
Cc1c(c2cc(F)ccc2n1CC(=O)O)S(=O)(=O)c3ccc(Cl)cc3,pubchem_failed
NS(=O)(=O)c1ccc(Nc2nccc(Nc3c(Cl)ccc4OCOc34)n2)cc1,pubchem_failed
CCC(C)(CC)C[C@@H](N1CCC[C@@H](C1)N2C=C(C)C(=O)NC2=O)c3ccc(C(=O)O)c(Oc4cccc(Br)c4)c3,pubchem_failed
CC1(C)[C@@H]2CC[C@@]1(CS(=O)(=O)N3CCN(CC3)c4ccc(cn4)C#N)C(=O)C2,pubchem_failed
Cc1nc2ncnn2c(O)c1CCOC(=O)c3ccccc3F,pubchem_failed
O[C@H](CNS(=O)(=O)c1cccc(c1)C#N)CN2CCC(CC2)Oc3ccc(Cl)c(Cl)c3,pubchem_failed
O=C(NCCCCc1ccccc1)c2ccccc2,pubchem_failed
CC(C)C[C@H](NC(=O)N1CCOCC1)C(=O)NCC#N,pubchem_failed
Nc1nonc1\C(=N\O)\Nc2ccc(F)c(Cl)c2,pubchem_failed
COc1ccc(cc1)S(=O)(=O)Nc2ccccn2,pubchem_failed
Cc1ccc(cc1)c2csc3ncnc(O)c23,pubchem_failed
CCOc1ccccc1c2ccc(cc2)c3nc4ccncc4c(O)c3C#N,pubchem_failed
COc1ccc(NC(=O)C=C)cc1,pubchem_failed
CC1=CN([C@H]2CCCN(C2)S(=O)(=O)c3ccc(O)c(Oc4cccc(Br)c4)c3)C(=O)NC1=O,pubchem_failed
CS(=O)(=O)c1ccc2C(=CNC(=O)c2c1)C(=O)NC[C@@H](O)CN3CCC(CC3)Oc4ccc(Cl)c(Cl)c4,pubchem_failed
CN1CCC[C@H]1c2ccccn2,pubchem_failed
Oc1ccc(cc1)c2oc3ccc(O)cc3n2,pubchem_failed
Nc1nc(ns1)c2ccccc2,pubchem_failed
N\C(=C(/C#N)\c1ccccc1C(F)(F)F)\Sc2ccc(N)cc2,pubchem_failed
Cc1onc(NC(=O)CSc2nc(C)cc(C)n2)c1,pubchem_failed
COc1c(cc2ccccc2c1C(=O)N(C)C[C@@H](CCN3CCC(CC3)N4CCCNC4=O)c5ccc(Cl)c(Cl)c5)C#N,pubchem_failed
CNC1=Nc2ncccc2C(=NC1c3ccns3)c4occc4,pubchem_failed
CN1C(=O)CC(C)(CCc2cccc(c2)c3ccccc3)N=C1N,pubchem_failed
COc1cc(ccc1Cc2cn(C)c3ccc(cc23)C(=O)NCCc4ccccc4)C(=O)NS(=O)(=O)c5ccccc5C,pubchem_failed
Cc1ccc(cc1)c2nn(c3ncnc(N)c23)C(C)(C)C,pubchem_failed
COc1cc2ncnc(Nc3cccc(Cl)c3F)c2cc1OC4CCN(CC(=O)N)CC4,pubchem_failed
NC(=O)c1ccc(Br)cc1,pubchem_failed
C1CCN(CC1)c2ncnc3[nH]cnc23,pubchem_failed
CCOc1cccc(Nc2oc(nn2)C(=O)Nc3ccc(nc3)N4CCOCC4)c1,pubchem_failed
C[C@H](Oc1ccc(SCCCCCc2ccccc2)cc1)C(=O)c3nc(C)c(CCCC(=O)O)s3,pubchem_failed
Fc1ccc(CN2CCN(CC2)[C@H](c3ccc(cc3)C(=O)N4CCC4)c5cccc(NC(=O)C6CC6)c5)cc1,pubchem_failed
CC(C)CN1C(=O)N(C)C(=O)c2c(SCCCO)c(Cc3ccccc3C(F)(F)F)sc12,pubchem_failed
CN1C(=O)N(CC2CC2)c3nn(Cc4ccnc5ccc(Cl)cc45)c(c6oc(cc6Cl)S(=O)(=O)C)c3C1=O,pubchem_failed
C[C@H](NC(=O)c1c(C)nn(C2CCC2)c1NS(=O)(=O)c3ccc(C)cc3)C(C)(C)C,pubchem_failed
Clc1ccc2C(=O)C3=C(Nc2c1)C(=O)NN(Cc4cccs4)C3=O,pubchem_failed
COc1ccc2N=CC(=O)N(CCN3CC[C@@H](NCc4ccc5OCC(=O)Nc5n4)[C@@H](F)C3)c2c1,pubchem_failed
O=C(Nc1ccc(nc1)n2ccnc2)c3ccc(cc3)C#N,pubchem_failed
Nc1[nH]ncc1S(=O)(=O)c2ccccc2,pubchem_failed
Cc1ccc(cc1)S(=O)(=O)Nc2c(C(=O)NCC(C)(C)C)c(C)nn2c3ccccc3,pubchem_failed
CS(=O)(=O)Cc1cc(nc(n1)c2cccc3[nH]ccc23)N4CCOCC4,pubchem_failed
CCn1c2ccccc2c3cc(NC(=O)CCc4ccncc4)ccc13,pubchem_failed
CCS(=O)(=O)c1ccc(c2cc(Cl)ccc2OCC(=O)O)c(c1)C(F)(F)F,pubchem_failed
COc1ccccc1C[C@H](N2CCC(CN3CCC(CC3)Oc4ccc(Cl)c(Cl)c4)CC2)C(=O)O,pubchem_failed
COc1cc2nnc(C(=O)N)c(Nc3ccc(F)cc3F)c2cc1N4CCN(C)CC4,pubchem_failed
Fc1ccc2cn[nH]c2c1,pubchem_failed
NC1=NC2(CCN(CC2)C(=O)c3ccc(cc3)C#N)Nc4cccc(F)c14,pubchem_failed
Cc1ccc(cc1c2ccc(nc2)C(=O)NCC3CC3)C(=O)NC4CC4,pubchem_failed
CO[C@@H]1CN(CCN2C(=O)C=Nc3ccc(OC)cc23)CC[C@H]1NCc4ccc5OCC(=O)Nc5n4,pubchem_failed
Oc1cc(OCc2ccccc2)ccn1,pubchem_failed
CC(C)CN1C(=O)N(C)C(=O)c2c1sc(Cc3ccccc3C(F)(F)F)c2C(=O)N4C[C@H](O)CO4,pubchem_failed
COc1cc2ncnc(Nc3ccncc3)c2cc1OC,pubchem_failed
N(c1ccccc1)c2[nH]nnc2c3ccccc3,pubchem_failed
O=C(NC1(CC1)C#N)[C@@H]2CCCC[C@H]2C(=O)N3CCN(CC3)c4nc5cnccc5s4,pubchem_failed
O[C@@H](CNCCc1ccc(CNCCc2ccccc2)cc1)c3ccc(O)c4NC(=O)Sc34,pubchem_failed
Fc1ccc(cc1)c2cn3ccccc3n2,pubchem_failed
Fc1ccc(CC2=NNC(=O)c3ccccc23)cc1N4C(=O)CCC4=O,pubchem_failed
CN(C)c1cccc2c(cccc12)S(=O)(=O)N(C)CC(=O)O,pubchem_failed
Cc1cc(on1)c2ccc(cc2F)N3C[C@H](Cn4ccnn4)OC3=O,pubchem_failed
COc1ccnc(NC2CCN(CC2)C(=O)c3ccccc3)c1,pubchem_failed
Nc1c(cnn1c2ccc(F)cc2)C(=O)c3cccc(OC[C@H](O)CO)c3,pubchem_failed
O=C1C=C(N=C2N(Cc3cccc4ccccc34)C=CN12)N5CCOCC5,pubchem_failed
COc1cc2ncnc(Nc3ccc(F)c(Cl)c3)c2cc1OCCN4CCN(C)CC4,pubchem_failed
CCN(C1CCN(CCC(c2ccccc2)c3ccccc3)CC1)C(=O)Cc4ccc(cc4)S(=O)(=O)C,pubchem_failed
COc1cc(ccc1OCCN2CCCC2)N3C=Nc4cc(sc4C3=O)c5ccc(Cl)cc5,pubchem_failed
CN(C)c1ccnc2sc3C(=O)N(C=Nc3c12)c4ccccc4,pubchem_failed
CN1CCc2c(NC(=O)Cc3ccccc3)c4ccccc4nc12,pubchem_failed
C[C@H]1O[C@H]([C@H](O)[C@@H]1O)n2cnc3c(N)nc(OC(C4CC4)C(F)(F)F)nc23,pubchem_failed
COc1ccc(Nc2nccc(n2)c3cnc(C)n3C(C)C)cc1,pubchem_failed
C[C@H](Oc1ncc(Cl)c(Nc2cc(C)[nH]n2)n1)c3ncc(F)cn3,pubchem_failed
Clc1cnc(cc1C(=O)NCC23CC4CC(CC(C4)C2)C3)N5CCNCC5,pubchem_failed
Cc1c(Sc2ccc(Cl)cc2)c3cc(Cl)ccc3n1Cc4nnn[nH]4,pubchem_failed
CC(C)c1noc(n1)N2CCN([C@H](C)C2)c3ncc(OCc4ccncc4C#N)cn3,pubchem_failed
C[C@@H](N(CC1CCS(=O)(=O)CC1)C(=O)Cc2ccc(c(F)c2)C(F)(F)F)C3=Nc4ncccc4C(=O)N3c5ccc(Cl)cc5,pubchem_failed
CCOc1ccc2nc(NC(=O)CC)sc2c1,pubchem_failed
CC1=CN([C@H]2CCCN(C2)S(=O)(=O)c3ccc(C(=O)O)c(Oc4cccc(Cl)c4)c3)C(=O)NC1=O,pubchem_failed
[O-][N+](=O)c1ccc(cc1)C2=Nc3ccccc3C(=O)N2,pubchem_failed
CN1CCN(CC1)S(=O)(=O)c2ccc(cc2F)c3cnc(N)c(n3)C(=O)Nc4cccnc4,pubchem_failed
Cn1cc(CN2CCc3cc4nc(N)sc4cc3CC2)cn1,pubchem_failed
Fc1ccc(cc1F)N2C=CN=C(SCC(=O)NC3CCCC3)C2=O,pubchem_failed
CC(C)C(NC(=O)CN1C(=O)C(=CC=C1c2ccccc2)NC(=O)OCc3ccccn3)C(=O)C(F)(F)F,pubchem_failed
Cn1c(SCc2c(Cl)cccc2Cl)nnc1c3ccc4nonc4c3,pubchem_failed
COc1ccc(cc1)C(=O)CS(=O)(=O)c2ccccc2,pubchem_failed
Clc1ccc(cc1)C2(CCC2)C(=O)Nc3oc(nn3)C(=O)Nc4ccc(cc4)N5CCOCC5,pubchem_failed
C[C@H](CO)Nc1nc(SCc2ccccc2)nc3NC(=O)Nc13,pubchem_failed
COCCN(C)Cc1ccc(Nc2ncc3cc(ccc3n2)c4ccncc4)cc1,pubchem_failed
CN(C1CCN(Cc2ccc(cc2)C(F)(F)F)CC1)C(=O)Cc3ccc(NC(=O)C)cc3,pubchem_failed
C[C@@H](C[C@@](C)(CS(=O)(=O)N1CCN(CCc2ccc(Cl)cc2Cl)CC1)N(O)C=O)c3ncc(F)cn3,pubchem_failed
Cc1ccc2c(c1)c(Sc3ccccc3)c(CC(=O)O)n2C,pubchem_failed
CC(C)n1c(C)ncc1c2nc(Nc3ccc(cc3)N4CC(C4)NC(=O)C)ncc2F,pubchem_failed
NC(=O)c1cc2ccccc2nc1N,pubchem_failed
O=C(N1CCNCC1)c2cc3ccccc3[nH]2,pubchem_failed
N#CCc1c[nH]c2ccc(OCc3ccccc3)cc12,pubchem_failed
CN([C@@H]1CCN(Cc2nc3ccccc3s2)C[C@@H]1F)C(=O)Cc4ccc(cc4)S(=O)(=O)C,pubchem_failed
CN[C@@H](C)C(=O)N[C@@H](C1CCCCC1)C(=O)N2CC[C@H]3CCN(CCc4ccccc4)C[C@@H]23,pubchem_failed
CC(C)C(NC(=O)CN1C(=O)C(=CN=C1c2ccc(F)cc2)N)C(=O)C(F)(F)F,pubchem_failed
Cc1cc(Nc2ccnc(NCc3onc(c3)C4CC4)n2)n[nH]1,pubchem_failed
COc1ccc2CCC(=O)N(CCN3CCC(CC3)NCc4ccc5OCC(=O)Nc5n4)c2c1,pubchem_failed
Cc1ccc(cc1)c2ccc(F)cc2COc3ccc(CCC(=O)O)cc3,pubchem_failed
COc1cc2ncnc(Nc3cccc(Cl)c3F)c2cc1CN(C)[C@@H](C)C(=O)N,pubchem_failed
CC(C)C(NC(=O)CN1C(=O)C(=CC=C1c2ccccc2)NC(=O)NCc3cccnc3)C(=O)C(F)(F)F,pubchem_failed
CC[C@H](NC(=O)c1c([S+]([O-])CC)c(nc2ccccc12)c3ccccc3)c4ccccc4,pubchem_failed
Nc1n[nH]c2c(Cl)cccc12,pubchem_failed
NC(=O)c1cccc(OC2CCN(CC3CC3)CC2)c1,pubchem_failed
Cc1cc(CN2Cc3ccccc3C2C(=O)Nc4ccc(Cl)cc4)ccc1OCC(=O)O,pubchem_failed
CC(C)CN1C(=O)N(C)C(=O)c2c(SC3CCCC3)c(Cc4ccccc4C(F)(F)F)sc12,pubchem_failed
OC(=O)[C@H](Cc1cccc(F)c1)N2CCC(CN3CCC(CC3)Oc4ccc(Cl)c(Cl)c4)CC2,pubchem_failed
CN([C@H]1CCN(Cc2ccc(cc2)C(F)(F)F)C[C@H]1F)C(=O)Cc3ccc(cc3)n4cnnn4,pubchem_failed
CC(=O)NC[C@H]1CN(C(=O)O1)c2ccc(c(F)c2)n3cc(nn3)C#N,pubchem_failed
COC(=O)c1ccc2OCC(=O)N(CCN3CCC(CC3)NCc4ccc5OCC(=O)Nc5n4)c2c1,pubchem_failed
Clc1ccc2OCOc2c1Nc3ccnc(Nc4ccccc4)n3,pubchem_failed
COc1cc(OC2CCN(C)CC2)c3c(Nc4c(Cl)ccc5OCOc45)ncnc3c1,pubchem_failed
Cc1cc(CN2Cc3ccccc3C[C@H]2C(=O)Nc4ccc(Cl)cc4Cl)ccc1OCC(=O)O,pubchem_failed
O=C(N1CC(=O)Nc2ccccc12)c3occc3,pubchem_failed
Oc1ccc(CCNCCCS(=O)(=O)NCCOCCc2ccc(F)cc2)c3sc(O)nc13,pubchem_failed
CCN(C1CCN(CC[C@H](c2ccc(cc2)S(=O)(=O)C)c3cc(F)c(F)c(F)c3)CC1)C(=O)Cc4ccc(cc4)S(=O)(=O)C,pubchem_failed
C[C@@H]1CN(CCN1c2ncc(OCC3CCN(CC3)S(=O)(=O)C)cn2)C(=O)OC(C)(C)C,pubchem_failed
O=C1C=CN=C2C=CC=CN12,pubchem_failed
O[C@@H]1CN(CCN2C(=O)C=Cc3ccc(cc23)C#N)CC[C@@H]1NCc4ccc5OCC(=O)Nc5n4,pubchem_failed
CNC(=O)c1ccc2C(=O)C=C(Nc2c1)c3cccnc3,pubchem_failed
Clc1n[nH]c2cccc(Nc3ccnc(Nc4cc(cc(c4)N5CCOCC5)N6CCOCC6)n3)c12,pubchem_failed
Nc1ccccc1NC(=O)c2ccc(cc2)c3ncc(CN4CCCCC4)s3,pubchem_failed
CCCC(=O)Nc1ccc(Cl)c(c1)c2oc3cccnc3n2,pubchem_failed
O=C(Nc1cccc(c1)c2nnn[nH]2)c3cccc4[nH]cnc34,pubchem_failed
Cc1c(Sc2ccc(Cl)cc2)c3cc(ccc3n1CC(=O)O)S(=O)(=O)C,pubchem_failed
Cc1ccc2c(c1)c(c(C)n2CC(=O)O)S(=O)(=O)c3ccc(Cl)cc3,pubchem_failed
COc1ccc(cc1)S(=O)(=O)NC2=CC=C(N(CC(=O)NC(C(C)C)C(=O)C(F)(F)F)C2=O)c3ccccc3,pubchem_failed
COc1cc(OC)c(cc1NC(=O)CCC(=O)O)S(=O)(=O)N2c3ccccc3Oc4ccccc24,pubchem_failed
Oc1ccc(CCNCCCS(=O)(=O)NCCOCCc2cccc(c2)C(F)(F)F)c3sc(O)nc13,pubchem_failed
CCCSc1nc2ccc(NC(=O)CCNC(=O)N)cc2s1,pubchem_failed
CC(C)C[C@H](CO)Nc1nc(S[C@@H](C)c2ccccc2)nc3NC(=O)Sc13,pubchem_failed
CCC(N1NC(=O)c2nc3cc(Cl)ccc3c(O)c2C1=O)c4cccnc4,pubchem_failed
COc1cc(Nc2cc(nc(N[C@@H](C)c3ncc(F)cn3)n2)N4CCOCC4)n[nH]1,pubchem_failed
NC(=O)c1ccc(O[C@H]2C[C@H]3CC[C@@H](C2)N3Cc4ccccc4)c(F)c1,pubchem_failed
CN(C1CCN(CCC(c2ccccc2)c3ccccc3)CC1)C(=O)Cc4ccc(Cl)cc4,pubchem_failed
Nc1ncccc1NCc2cccc(c2)c3cccnc3,pubchem_failed
Clc1ccc(NC(=O)N2CCN(C[C@@H]3CCCN(C3)C4CC4)CC2)cc1Cl,pubchem_failed
Nc1nnc(CCSCCc2nnc(N)s2)s1,pubchem_failed
CNc1cccc(CCOc2ccc(C[C@H](NC(=O)c3c(Cl)cccc3Cl)C(=O)O)cc2F)n1,pubchem_failed
CC(C)n1c(C)ncc1c2ccnc(Nc3ccc(cc3)N4CCN(CC4)C(=O)C)n2,pubchem_failed
CN1C(=O)N(CC2CC2)c3nn(Cc4ccnc5ccc(Cl)cc45)c(c6oc(cc6)S(=O)(=O)C)c3C1=O,pubchem_failed
COCCC(=O)NC(C)c1ccc(Nc2ncc3cc(ccc3n2)c4ccncc4)cc1,pubchem_failed
COC(=O)CCCCCCC(=O)Nc1ccc2C(=O)C(=O)c3ccccc3c2c1,pubchem_failed
Oc1cc(O)c2C(=O)C(=COc2c1)c3ccc(F)cc3,pubchem_failed
CC(=O)Nc1cnc2ccn(c3cc(NC4CC4)n5ncc(C#N)c5n3)c2c1,pubchem_failed
CC[C@H]1CN(Cc2cc(Cl)ccc2OCC(=O)O)CCN1S(=O)(=O)c3ccccc3,pubchem_failed
C(Cc1nc2ccccc2[nH]1)c3nc4ccccc4[nH]3,pubchem_failed
O[C@]1(CN2CCC1CC2)C#Cc3ccc(Oc4ccc(cc4)C(=O)NC5CCS(=O)(=O)C5)cc3,pubchem_failed
COc1cc(cc(OC)c1OC)C(=O)Nc2cc(NC(=O)c3cccc(c3)N(C)C)ccc2C,pubchem_failed
Fc1cccc(COc2cc(OCCCN3CCCC3)ccc2C(=O)Nc4ccccc4)c1,pubchem_failed
C[C@H](NC(=O)c1c(NS(=O)(=O)c2ccc(C)cc2)n(nc1C(F)(F)F)c3ccccc3)C(C)(C)C,pubchem_failed
COc1ccc(Oc2ncccc2C(=O)NCc3ccccc3Cl)cc1,pubchem_failed
COc1cc2ncc(C(=O)N)c(Nc3ccccc3F)c2cc1OC,pubchem_failed
CC(C)NCCCOc1ccc(NC(=O)C)cc1CC=C,pubchem_failed
CC(C)n1c(C)ncc1c2nc(Nc3ccc(cc3)N4CCOCC4)ncc2F,pubchem_failed
C(=C\c1c(nc2sccn12)c3ccccc3)/c4ccncn4,pubchem_failed
CCOc1ccc(cc1)N2C(=Nc3ccccc3C2=O)CC,pubchem_failed
CCCc1c(O)c(ccc1OCCCSc2ccc(CC(=O)O)cc2Cl)C(=O)CC,pubchem_failed
CC1=NC(=C(NC1=O)c2ccc(CN3CCC(CC3)N4C(=O)Nc5ccccc45)cc2)c6ccccc6,pubchem_failed
ON(C=O)C1(CS(=O)(=O)N2CCN(CC2)c3ccc(F)cc3)CCC1,pubchem_failed
O=C(Nc1ccccn1)c2ccc3[nH]c(nc3c2)c4ccc(NC(=O)C56CC7CC(CC(C7)C5)C6)cc4,pubchem_failed
CCCSc1nc(N[C@@H]2C[C@H]2c3ccccc3)c4nnn([C@@H]5C[C@@H]([C@@H](O)[C@H]5O)C(=O)N)c4n1,pubchem_failed
COc1ccc2nc(C)cc(c2c1)n3cc(CN4CCN(CC4)C(=O)C)nn3,pubchem_failed
C1NCC(CC=C1)c2ccc3ccccc3c2,pubchem_failed
O[C@@]1(CN2CCC1CC2)C#Cc3ccc(Oc4ccc(cc4)C(=O)NCc5ccncn5)cc3,pubchem_failed
CN1CCN(CC1)c2ccc3N=CN(C(=O)c3c2)c4cc(NC(=O)c5ccccc5F)ccc4C,pubchem_failed
CCn1cc(NC(=O)Cc2ccc(Oc3ccnc4cc(OC)c(OC)cc34)cc2OC)cn1,pubchem_failed
COCCNS(=O)(=O)c1ccc(Nc2nccc(n2)c3cnc4cccnn34)cc1,pubchem_failed
Cc1c(Sc2ccc(Cl)cc2)c3c(cccc3n1CC(=O)O)c4ccccc4,pubchem_failed
CN(c1ccnc(Nc2cc(cc(c2)S(=O)(=O)C)N3CCOCC3)n1)c4cc(CO)ccc4C,pubchem_failed
CC(C)C(NC(=O)CN1C(=O)C(=CN=C1c2ccc(F)cc2)NC(=O)OCc3ccccc3)C(=O)C(F)(F)F,pubchem_failed
Cc1nocc1C(=O)Nc2ccc(c(N)n2)c3ccccc3OC(F)(F)F,pubchem_failed
CC1(COc2cc(ccc2NC(=O)CN3CCOCC3)c4cccc5C(=O)C=C(Oc45)N6CCOCC6)COC1,pubchem_failed
Oc1ccc(cc1)c2nc3ccccc3nc2c4ccc(O)cc4,pubchem_failed
Clc1cnc(OC2CCNCC2)cc1C(=O)NCC34CC5CC(CC(C5)C3)C4,pubchem_failed
Cc1nc(C)c(nc1C(=O)N)c2ccc(cc2)C34CCC(CC(=O)O)(CC3)CC4,pubchem_failed
Oc1ccc(C(=O)Cc2ccccc2)c(O)c1,pubchem_failed
C(N1CCN(CC1)c2nc3ccccc3s2)c4nnnn4Cc5cccs5,pubchem_failed
N[C@@H]1CCCN(C1)c2c(\C=C\3/SC(=O)NC3=O)cccc2c4ccncc4,pubchem_failed
Cc1ccc(NC(=O)c2cccc(c2)C(F)(F)F)cc1NC(=O)c3cccnc3,pubchem_failed
CCCN(CCC)C(=O)c1cccc(c1)C(=O)N[C@@H](Cc2ccccc2)[C@H](O)CNC3Cc4ccccc4C3,pubchem_failed
CC1=CC2=NNC(=O)N2c3cc(ccc13)c4ccc(cc4)C(=O)N5CCOCC5,pubchem_failed
CS(=O)(=O)NC(=O)CCCc1c([nH]c2ccc(cc12)C#N)c3ccc(F)cc3,pubchem_failed
CCCCCSc1nc(O)c2sc(N)nc2n1,pubchem_failed
CC(=O)NC[C@H]1CN(C(=O)O1)c2ccc(c(F)c2)n3cnc(c3)C#N,pubchem_failed
COc1ncccc1c2cccc3c(N)c4C(=O)N(Cc4nc23)C5CCC5,pubchem_failed
COCCC(C)n1nc(C)c(C(=O)N[C@@H](C)C(C)(C)C)c1NS(=O)(=O)c2ccc(C)cc2,pubchem_failed
Nc1ccccc1NC(=O)c2ccc(cc2)C3CCN(Cc4ccccc4)CC3,pubchem_failed
CC(C)C[C@H](CO)Nc1nc(SCc2ccncc2)nc3nc(N)sc13,pubchem_failed
O=C1N2CCOC2=Nc3ccccc13,pubchem_failed
NC(=O)COc1ccc(OCCNCC(O)COc2ccccc2)cc1,pubchem_failed
COc1ccc(OC)c(c1)c2cccc3c(N)c(nnc23)C(=O)NC4(C)CCC4,pubchem_failed
NC(=O)c1ccn2c(c3ccccc3)c(nc2c1)c4ccc(cc4)C5(N)CCC5,pubchem_failed
CC1=CC2=NNC(=O)N2c3cc(ccc13)c4ccc[nH]4,pubchem_failed
CC(C)N1CCN(Cc2cnc(c(F)c2)c3ccc(cc3)C(=O)Nc4ccccc4N)CC1,pubchem_failed
CN([C@@H]1CCN(Cc2ccc(cn2)C(F)(F)F)C[C@@H]1F)C(=O)Cc3ccc(cc3)n4cnnn4,pubchem_failed
CCCCCC\N=C\1/C=CN(Cc2ccccc2)c3cc(Cl)ccc13,pubchem_failed
CC(C)(C)OC(=O)N[C@@H](Cc1ccccc1)C(=O)O,pubchem_failed
OC(=O)CC(=O)N[C@H]1[C@@H](Cc2ccccc12)NC(=O)c3cc4sc(Cl)c(Cl)c4[nH]3,pubchem_failed
CC(C)n1c(C)ncc1c2ccnc(Nc3ccc(cc3)C(=O)NCCO)n2,pubchem_failed
Cc1ccc(F)c(Nc2ccnc(Nc3ccc(cc3)S(=O)(=O)N)n2)c1,pubchem_failed
FC(F)(F)c1nnc2ccc(nn12)n3ccnc3,pubchem_failed
CCOC(=O)c1ccc(CCN2CCN(CC2)c3ccc(C)nn3)cc1,pubchem_failed
Cc1cc(ccn1)c2ccc(cc2)c3nc4ccncc4c(O)c3C#N,pubchem_failed
Cn1cnc(c2ccccc2)c1\C=C\c3ccnc(N)n3,pubchem_failed
Cc1cc(C)c(C(=O)N[C@@H](Cc2ccc(OCCCNc3ccccn3)cc2)C(=O)O)c(C)c1,pubchem_failed
COc1cc2ncc(C(=O)N)c(Nc3ccc(F)c(Cl)c3)c2cc1OC,pubchem_failed
N[C@H]1CCN(C1)c2c(Cl)cccc2\C=C\3/SC(=O)NC3=O,pubchem_failed
OC(=O)c1ccccc1c2ccc(Cl)c(c2)C(=O)NCC3(O)CCCCCC3,pubchem_failed
CC(C)N1CCN(CC1)C(=O)NCc2ccc(Cl)c(Cl)c2,pubchem_failed
C[C@H](N1CCC[C@@H](C1)N2C=C(C)C(=O)NC2=O)c3ccc(C(=O)O)c(Oc4cccc(Cl)c4)c3,pubchem_failed
COc1ccc(N(C(C(=O)NC[C@@H](C)O)c2ccccc2F)C(=O)c3occc3CO)c(OC)c1,pubchem_failed
NC1(CCC1)c2ccc(cc2)c3ncc4cccn4c3c5ccccc5,pubchem_failed
CC(C)Nc1nc(NCc2ccccc2)c3sccc3n1,pubchem_failed
CNS(=O)(=O)c1ccc(Oc2ccc(cc2)C#C[C@]3(O)CN4CCC3CC4)cc1,pubchem_failed
CCOC(=O)c1ccc(COCC2CCN(CC2)c3ccc(C)nn3)cc1,pubchem_failed
Cc1cc(Oc2ccnc(Nc3ccc(cc3)N4CCOCC4)c2)c(nc1C)c5ccccn5,pubchem_failed
CS(=O)(=O)c1ccc2C(=CNC(=O)c2c1)C(=O)NC[C@@H](O)CN3CCC(CC3)Oc4ccc(C#N)c(Cl)c4,pubchem_failed
C[C@H]1O[C@H]([C@H](O)[C@H]1Cl)n2cnc3c(N)nc(OC4CCCC4)nc23,pubchem_failed
Nc1ncnc2[nH]ccc12,pubchem_failed
Fc1cc(Oc2ccc(cc2c3ccnnc3)C(F)(F)F)c(Cl)cc1S(=O)(=O)Nc4nncs4,pubchem_failed
NC(=O)c1cccc(O[C@@H]2C[C@H]3CC[C@@H](C2)N3CCc4ccccc4)c1,pubchem_failed
CC(C)n1c(C)ncc1c2nc(Nc3ccc(cc3)C(=O)N)ncc2F,pubchem_failed
Clc1ccc2[nH]ncc2c1,pubchem_failed
CN1CCN(CC1)C(=O)c2cc3ccccc3[nH]2,pubchem_failed
NC(=O)c1cccc(S[C@H]2C[C@H]3CC[C@@H](C2)N3Cc4ccccc4)c1,pubchem_failed
CC(=O)Nc1ccc(CNc2[nH]nc3ccnc(Oc4ccccc4)c23)cc1,pubchem_failed
O=S(=O)(C1CCNCC1)C2(CC2)c3cc(nc(n3)c4cccc5[nH]ccc45)N6CCOCC6,pubchem_failed
Cc1ccc2c(c(C)n(CC(=O)O)c2c1)c3ccnc4cc(Cl)ccc34,pubchem_failed
Oc1ccc(Cl)cc1C(=O)Nc2ccccc2,pubchem_failed
CC(C)CN1C(=O)N(C)C(=O)c2c1sc(Cc3ccnc4ccccc34)c2C(=O)N5C[C@@H](O)[C@@H](O)C5,pubchem_failed
COc1ccc2C=CC(=O)N(CCN3CCC(CC3)NCc4cc5OCCOc5cn4)c2c1,pubchem_failed
CC(C)COc1cc(OC(C)C)cc(c1)C(=O)Nc2ccc(cn2)C(=O)O,pubchem_failed
Clc1ccc2NC(=O)CN(C(c3ccccc3)c2c1)C(=O)c4ccccc4,pubchem_failed
CNC(=O)c1ccc(Nc2nccc(n2)c3cnc(C4CC4)n3C(C)C)cc1,pubchem_failed
CC(C)CC(N1NC(=O)c2nc3cc(Cl)ccc3c(O)c2C1=O)c4ccccn4,pubchem_failed
CC(C)C[C@H](NC(=O)N1CCOCC1)C(=O)N[C@@H](CCc2ccccc2)\C=C\S(=O)(=O)c3ccccc3,pubchem_failed
O=C(CN1CCOCC1)Nc2c(cnn2c3ccccc3)C#N,pubchem_failed
CC1=C(C(=O)c2cc(O)c(O)c(CCc3ccc(C)cc3)c2C1=O)C4=C(C)C(=O)c5c(CCc6ccc(C)cc6)c(O)c(O)cc5C4=O,pubchem_failed
CCN(CC)CC(=O)Nc1c(cnn1c2ccccc2)C#N,pubchem_failed
CCN1CCN(CC(=O)Nc2ccc(c3cccc4C(=O)C=C(Nc34)N5CCOCC5)c6sc7ccccc7c26)CC1,pubchem_failed
CC(=O)Nc1ccc(O)cc1OC[C@@H](O)CN2CCC3(CC2)Cc4cc(Cl)ccc4O3,pubchem_failed
[O-][N+](=O)c1ccc2[nH]ncc2c1,pubchem_failed
Cc1cc(C)cc(c1)c2[nH]c3ccccc3c2CCNCCCCc4ccncc4,pubchem_failed
COC(CN1C(=O)NC2=C(C=C(N(CC(=O)NC(C(C)C)C(=O)C(F)(F)F)C2=O)c3ccccc3)C1=O)OC,pubchem_failed
O=S(=O)(Cc1ccccc1)NCC(N2CCCCCC2)c3ccccc3,pubchem_failed
OC(=O)[C@H](Cc1ccccc1C#N)N2CCC(CN3CCC(CC3)Oc4ccc(Cl)c(Cl)c4)CC2,pubchem_failed
O=S(=O)(NCC(N1CCCCCC1)c2ccccc2)c3cccnc3,pubchem_failed
CCN(C1CCN(CCC(c2ccccc2)c3ccccc3)CC1)C(=O)Cc4ccc(cc4)S(=O)(=O)N,pubchem_failed
O=S(=O)(Nc1cccnc1)c2ccccc2,pubchem_failed
COC(=O)[C@@H]1C2CCC(C[C@@H]1c3ccc(I)cc3)N2CCCF,pubchem_failed
COCCOc1cc2nccc(Nc3cc(O)c(Cl)cc3F)c2cc1OC,pubchem_failed
CC(C)N1CCN(Cc2cnc(c3ccc(cc3)C(=O)Nc4ccccc4N)c(c2)C#N)CC1,pubchem_failed
O=C(Nc1oc(nn1)C(=O)Nc2ccc(cc2)N3CCOCC3)c4ccccc4,pubchem_failed
COc1cc2c(Nc3ccc(F)c(Cl)c3)c(cnc2cc1OCCCN4CCN(C)CC4)C(=O)N,pubchem_failed
Cn1cnc2cc(cnc12)C#Cc3ccccc3,pubchem_failed
C[C@H](Nc1ncc(F)c(Nc2cc([nH]n2)N(C)C)n1)c3ncc(F)cn3,pubchem_failed
O=C1C2=Nc3ccccc3CN2c4ccccc14,pubchem_failed
CCNC1=CC=C(N(CC(=O)NC(C(C)C)C(=O)C(F)(F)F)C1=O)c2ccccc2,pubchem_failed
Cc1ccc(cc1)S(=O)(=O)NC(=O)N2CCC(CC2)N3CCC(CC3)Oc4ccc(F)c(F)c4,pubchem_failed
C[C@H](CO)Nc1nc(SCc2cccc(F)c2F)nc3NC(=O)C(=O)Nc13,pubchem_failed
COc1ccc(Cl)cc1NC(=O)Nc2cnccn2,pubchem_failed
CCOC(=O)Nc1cccc(c1)[C@H](N2CCN(Cc3c[nH]c(C)n3)CC2)c4ccc(cc4)C(=O)N(C)CC,pubchem_failed
Cc1ccc(NC(=O)c2ccc(Cl)c(c2)C(F)(F)F)cc1C(=O)Nc3cccnc3,pubchem_failed
CNc1cccc(CCOc2ccc(C[C@H](NC(=O)c3c(F)cccc3Cl)C(=O)O)cc2)n1,pubchem_failed
NCc1ccc(NC(=O)c2cc(Nc3ncccn3)c4cc(ccc4c2)\C(=N\O)\N)cc1,pubchem_failed
CCS(=O)(=O)c1cccc(c1)c2cc(ccc2OCC(=O)O)C(F)(F)F,pubchem_failed
CCOc1cc2ncc(C(=O)N)c(Nc3ccc(F)cc3F)c2cc1N4CCC(O)CC4,pubchem_failed
CN1CCN(CC1)c2cc3c(Nc4ccc(F)cc4F)c(cnc3cc2F)C(=O)N,pubchem_failed
COc1cc(ccc1Nc2ncc(Cl)c(n2)c3cnc4ccccn34)N5CC6CN(CCO)CC(C5)O6,pubchem_failed
NC1(CCC1)c2ccc(cc2)c3nn4ccccc4c3c5ccccc5,pubchem_failed
CN(C)C(=O)N[C@@H]1CC[C@H](CCN2[C@@H]3CC[C@H]2C[C@H](C3)Oc4cccc(c4)C(=O)N)CC1,pubchem_failed
COCCNC(=O)c1ccc(Nc2ncc3cc(ccc3n2)c4cccnc4)cc1,pubchem_failed
CCOC(=O)c1ccc(OCCC2CN(C2)c3ccc(C)nn3)cc1,pubchem_failed
OC1CCN(CC1)C(=O)[C@H](Cc2ccccc2)NC(=O)c3cc4cc(Cl)ccc4[nH]3,pubchem_failed
C=CCOc1cc(ccc1NC(=O)CN2CCOCC2)c3cccc4C(=O)C=C(Oc34)N5CCOCC5,pubchem_failed
CCN(C1CCN(CCC(C2CCN(CC2)S(=O)(=O)CC)c3ccccc3)CC1)C(=O)Cc4ccc(cc4)S(=O)(=O)C,pubchem_failed
CCc1cccc2c(cn(CC(=O)NCCOC)c12)C#N,pubchem_failed
COc1cccc2sc(NC(=O)c3ccccc3)nc12,pubchem_failed
Nc1nc(nn1Cc2ccccc2)c3ccccc3,pubchem_failed
COc1ccc2OCC(=O)N(CCN3CCC(CC3)NCc4cc5OCCOc5cn4)c2c1,pubchem_failed
CC(NC(=O)c1cc(O)nc2ccccc12)c3ccccc3,pubchem_failed
COc1ccnc(c1)N(C)c2ccnc(Nc3cc(cc(c3)N4CCOCC4)N5CCOCC5)n2,pubchem_failed
Nc1nc(OC2CCCC2)nc3c1ncn3[C@@H]4O[C@H](CF)[C@@H](O)[C@H]4O,pubchem_failed
COc1ccc(\C=C/2\CCc3ccccc3C2=O)cc1CN4CCOCC4,pubchem_failed
NC(=O)c1cnc(N[C@H]2CCCNC2)c3cc(sc13)c4ccc(F)c(F)c4,pubchem_failed
O[C@@H](CNCCCOCCOCCc1ccccc1)c2ccc(O)c3NC(=O)Sc23,pubchem_failed
FC(F)(F)c1cccc(C(=O)N[C@H]([C@@H]2CCCCN2)c3ccccc3)c1Cl,pubchem_failed
COc1cc(cc(OC)c1OC)C(=O)Nc2ccc(Cl)c(c2)c3nc4ccccc4[nH]3,pubchem_failed
FC(F)(F)c1csc(n1)N2CCN(CC2)C(=O)[C@@H]3CCCC[C@H]3C(=O)NC4(CC4)C#N,pubchem_failed
CC(C)Nc1nc(nc(N2CCOCC2)c1N)C#N,pubchem_failed
O=C1NC=Cc2nc(c3ccc(CN4CCC(CC4)c5n[nH]c(n5)c6ccccn6)cc3)c(cc12)c7ccccc7,pubchem_failed
Cc1cc(N)nc(CCNC(=O)c2ccc(cc2)C#N)c1,pubchem_failed
CCNC1=Nc2ccccc2C(=NC1c3cccs3)c4ccccc4,pubchem_failed
Fc1ccc(cc1)N2CCN(CC2)C(=O)[C@@H]3CCCC[C@H]3C(=O)NC4(CC4)C#N,pubchem_failed
Cc1nc(nc(N2CCCC2)c1Cl)c3ccccn3,pubchem_failed
C[C@@H](NC(=O)C1(N)CCN(CC1)c2ncnc3[nH]ccc23)c4ccc(Cl)cc4,pubchem_failed
COc1ccc(Cl)c(c1)C(=O)NCC23CC4CC(CC(C4)C2)C3,pubchem_failed
C[C@@H]1CN(Cc2cc(Cl)ccc2OCC(=O)O)C[C@H](C)N1C(=O)Cc3ccccc3,pubchem_failed
Cc1ccc(cc1)C(=O)N(CCCN)CC2=Nc3cc(Cl)ccc3C(=O)N2Cc4ccccc4,pubchem_failed
O=C(NCC#N)[C@@H]1CCCC[C@H]1C(=O)N2CCc3ccccc3C2,pubchem_failed
CN[C@@H](C)C(=O)N[C@H](C(=O)N[C@H]1CCCN(CCc2ccc(O)cc2)C1)C(C)(C)C,pubchem_failed
CCOC(=O)c1ccc(OCC2CCN(C2)c3ccc(C)nn3)cc1,pubchem_failed
OC(=O)[C@H](Cc1ccc(OCCc2ccc3OCCNc3n2)cc1)NC(=O)c4c(Cl)cccc4Cl,pubchem_failed
COc1ccc(C)c(c1)N(C)c2ccnc(Nc3cc(cc(c3)N4CCOCC4)N5CCOCC5)n2,pubchem_failed
Clc1ccc(CN(Cc2ccc(Cl)cc2)c3nn[nH]n3)cc1,pubchem_failed
Cc1c(F)ccc2c1c(Sc3ccc(Cl)cc3)c(C)n2CC(=O)O,pubchem_failed
CN(c1ccnc(Nc2cc(cc(c2)N3CCOCC3)N4CCOCC4)n1)c5cc(CO)ccc5C,pubchem_failed
Nc1n[nH]c(N)c1Cc2ccc3OCOc3c2,pubchem_failed
CCCCSc1nc(N)c2ncn(Cc3c(F)ccc(C)c3F)c2n1,pubchem_failed
COc1ccc(cc1CNCCO)c2ccc3c(nc(nc3n2)N4C[C@@H](C)O[C@@H](C)C4)N5CCOCC5,pubchem_failed
OC(=O)c1cc2ccccc2n1Cc3ccccc3,pubchem_failed
COc1cccc(c1)C(COCc2cc(cc(c2)C(F)(F)F)C(F)(F)F)N3CCNCC3,pubchem_failed
Nc1ccc2C(=O)C(=O)c3ccccc3c2c1,pubchem_failed
Cc1cc(CNc2ncc(Br)c(Nc3cc(C)[nH]n3)n2)on1,pubchem_failed
COc1ccc(CCN2CNC(=NC2)SCc3ccc(Cl)cc3)cc1OC,pubchem_failed
Clc1ccc(NC(=O)N2CCN(C[C@@H]3CCCN(Cc4ccccc4)C3)CC2)cc1Cl,pubchem_failed
CC(=O)Nc1nc(ns1)c2ccccc2,pubchem_failed
NS(=O)(=O)NC(=O)CCCc1c([nH]c2ccc(cc12)C#N)c3ccc(F)cc3,pubchem_failed
O[C@@H](CNCCSCCCNCCc1cccc(Cl)c1Cl)c2ccc(O)c3NC(=O)Sc23,pubchem_failed
CC(=O)Nc1cccc2c1c(Oc3ccc(Cl)cc3)c(C)n2CC(=O)O,pubchem_failed
COC[C@H](C)Oc1cc(Oc2ccc(cc2)S(=O)(=O)C)cc(c1)C(=O)Nc3ccc(cn3)C(=O)O,pubchem_failed
Cc1nc(CS(=O)(=O)c2ccc(Cl)cc2)cc(n1)N3CCOCC3,pubchem_failed
OC(=O)[C@H](Cc1ccc(F)cc1)N2CCC(CN3CCC(CC3)Oc4ccc(Cl)cc4)CC2,pubchem_failed
COc1ccc2nc(C)cc(OCC(=O)Nc3ccccc3OC)c2c1,pubchem_failed
CCN(CC)C(=O)c1ccc(cc1)C(=C2CCN(Cc3ccc(F)cc3)CC2)c4ccccn4,pubchem_failed
CC(NC(=O)C1(N)CCN(CC1)c2ncnc3[nH]ccc23)c4ccc(Cl)cc4,pubchem_failed
Cc1ccc2c(c1)c(Sc3cccc(Cl)c3)c(C)n2CC(=O)O,pubchem_failed
Fc1ccc(CNc2ncc(Br)c(Nc3cc([nH]n3)C4CC4)n2)cc1,pubchem_failed
OC(=O)COc1ccc(cc1c2ccc(Cl)cc2)C(F)(F)F,pubchem_failed
COCCCc1cc(Nc2ccnc(NCc3onc(C)c3)n2)n[nH]1,pubchem_failed
CC(O)(C(=O)c1ccccc1)c2ccccc2,pubchem_failed
Clc1ccc(OC2CCN(CC2)C3CCN(CC3)C(=O)c4ccc(cc4)C5=NOC(=O)N5)cc1Cl,pubchem_failed
COc1cc(CO)cc(c1)N(C)c2ccnc(Nc3cc(cc(c3)N4CCOCC4)N5CCOCC5)n2,pubchem_failed
CC(C)NC(=O)c1c(C)nn(c1NS(=O)(=O)c2ccc(C)cc2)c3ccccc3,pubchem_failed
CN1CCC[C@H]1CCN2CCCc3cc(NC(=N)c4cccs4)ccc23,pubchem_failed
Cc1ccc(CN2[C@@H]3CC[C@H]2C[C@H](C3)Oc4cccc(c4)C(=O)N)s1,pubchem_failed
OB1N(C(=Nc2ccccc12)S)c3cccnc3,pubchem_failed
COc1ccccc1CCNCc2cccc(CCNC[C@H](O)c3ccc(O)c4NC(=O)Sc34)c2,pubchem_failed
Cn1c(C(=O)O)c(CCCOc2cccc3ccccc23)c4ccccc14,pubchem_failed
O=S(=O)(c1ccccc1)C2(CC2)c3cc(nc(n3)c4cccc5[nH]ccc45)N6CCOCC6,pubchem_failed
FC(F)(F)c1ccc(cc1)S(=O)(=O)NCC(N2CCCCCC2)c3ccccc3,pubchem_failed
Cc1nc(N)c2nc(O)n(Cc3ccccc3)c2n1,pubchem_failed
CCN(C1CCN(CCC(c2ccccc2)c3ccccc3)CC1)C(=O)Cc4ccc(cc4)C#N,pubchem_failed
O=C(Nc1ccccc1)c2ccccc2,pubchem_failed
CCN1CCO[C@@H](CN2CCN(CC2)C(=O)Nc3ccc(Cl)c(Cl)c3)C1,pubchem_failed
COc1ccc(cc1OC)S(=O)(=O)Nc2ccc(\C=C\C(=O)Nc3ccccc3N)cc2,pubchem_failed
OC(=O)C(N1CCC(CC1)N2CCC(CC2)Oc3ccc(Cl)c(Cl)c3)c4ccccc4,pubchem_failed
Clc1ccccc1CNC(=O)c2ccccc2Oc3ccccc3,pubchem_failed
C[C@H](NC(=O)c1c(C)nn(c1NS(=O)(=O)c2ccc(C)cc2)c3ccccc3)C(C)(C)C,pubchem_failed
CC(C)C(NC(=O)CN1C(=O)C(=CC=C1c2ccccc2)NC(=O)Cc3cccc(c3)C(=O)O)C(=O)C(F)(F)F,pubchem_failed
CCCSc1c(cnn1[C@@H]2CC[C@@H](CC2)C(=O)O)C(=O)NC3CCCCC3,pubchem_failed
Nc1c(nnc2c(cccc12)c3ncccn3)C(=O)NC4CC4,pubchem_failed
C[C@H](NC(=O)c1c(C)nn(CC(F)(F)F)c1NS(=O)(=O)c2ccc(C)cc2)C(C)(C)C,pubchem_failed
CC(C)(C)OC(=O)N1C[C@@H]2CC[C@H]1CN2c3ncc(OCc4ccc(cc4)S(=O)(=O)C)cn3,pubchem_failed
CN[C@@H](C)C(=O)N[C@@H](C1CCCCC1)C(=O)N[C@H]2CCCN(CCCc3ccccc3)C2,pubchem_failed
COc1cc2c(Nc3c(Cl)ccc4OCOc34)ncnc2cc1OCC5CCN(C)CC5,pubchem_failed
Clc1ccccc1CNC(=O)c2cccnc2Oc3ccccc3,pubchem_failed
COc1ccc2nc(NC(=O)CCc3ccc(OC)c(OC)c3)sc2c1,pubchem_failed
CC(C)n1c(C)ncc1c2nc(Nc3ccc(C(=O)NCCN(C)C)c(F)c3)ncc2F,pubchem_failed
CN1CCN(CC1)C(=O)c2cc3cc(C)ccc3[nH]2,pubchem_failed
CNc1cccc(CCCc2ccc(C[C@H](NC(=O)c3c(Cl)cccc3Cl)C(=O)O)s2)n1,pubchem_failed
COc1cc(OC)c(cc1NC(=O)CCc2nn[nH]n2)S(=O)(=O)N3C(C)CCc4ccccc34,pubchem_failed
CCOC(=O)c1ccc(OCCC2CCN(CC2)c3ccc(C)nn3)cn1,pubchem_failed
CC(C)(C)OC(=O)N1CCN(CC1)c2ccc(OCc3ccc(cc3)S(=O)(=O)C)cn2,pubchem_failed
Fc1cccc(c1F)c2cncc(CNCC3CC3)n2,pubchem_failed
CCCNC(=O)c1nnc2c(cccc2c1N)c3cncc(c3)C(=O)N4CCC4,pubchem_failed
CS(=O)(=O)c1cccc2c3CN(CCc3[nH]c12)C(=O)[C@@H]4CCCC[C@H]4C(=O)NC5(CC5)C#N,pubchem_failed
CN(C)CCCNS(=O)(=O)c1ccc(Nc2nccc(n2)c3cnc4cccnn34)cc1,pubchem_failed
O=C(C1CCN(CC1)c2nnc(s2)n3cccc3)N4CCc5ccccc5C4,pubchem_failed
COc1ccc(CN2CCc3c(C2)[nH]c4ccccc34)cc1OC,pubchem_failed
CNC1=Nc2ncccc2C(=NC1c3cccs3)c4cccs4,pubchem_failed
Clc1ccc2NC(=O)CN(C(c3ccccc3)c2c1)C(=O)c4occc4,pubchem_failed
CC(C)CNc1nc(nc(NC2CCS(=O)(=O)C2)c1N)C#N,pubchem_failed
Cn1cc(nc1c2c3C(=O)N(CC#C)C(=O)N(CC4CC4)c3nn2Cc5ccnc6ccc(Cl)cc56)C#N,pubchem_failed
COc1cc(ccc1Nc2ncc(Cl)c(n2)c3cnc4cc(F)ccn34)N5CCN(CC5)C(=O)C,pubchem_failed
O[C@]1(CN2CCC1CC2)C#Cc3ccc(Oc4ccc(cc4)C(=O)NCc5ccncn5)cc3,pubchem_failed
CN(C)CCNC(=O)c1ccc(Nc2ncc3cc(ccc3n2)c4ccncc4)cc1,pubchem_failed
CC1=CC2=NNC(=O)N2c3ccccc13,pubchem_failed
Cc1cc(c(S)cc1Cl)S(=O)(=O)Nc2nc(Nc3ccc(Cl)cc3)n[nH]2,pubchem_failed
CCCCC[C@@H](N1CCC[C@@H](C1)N2C=C(C)C(=O)NC2=O)c3ccc(C(=O)O)c(Oc4cccc(Br)c4)c3,pubchem_failed
CCC(N(CCCN)C(=O)c1ccc(C)cc1)C2=Nc3ccsc3C(=O)N2Cc4ccc(Cl)cc4,pubchem_failed
CCC(CC)NC(=O)c1cnn(c1NS(=O)(=O)c2ccc(C)cc2)c3ccccn3,pubchem_failed
CC1=C(OCc2ccccc2)C(=O)C=CO1,pubchem_failed
O=C(CC12CC3CC(CC(C3)C1)C2)Nc4cccc5ncccc45,pubchem_failed
CNc1c(Br)cnc2[nH]c(nc12)c3cnn(c3)C4CCN(C)CC4,pubchem_failed
CS(=O)(=O)c1ccc(cc1)[C@H](CC2CCCC2)C(=O)Nc3nccs3,pubchem_failed
Nc1cccc(NC(=O)c2ccc(CNC(=O)OCc3cccnc3)cc2)c1,pubchem_failed
CCc1c(cnn1c2ccc(cc2)C(=O)O)C(=O)NC3C4CC5CC(CC3C5)C4,pubchem_failed
CCCSc1nc(N[C@@H]2CC[C@H](CC2)C(=O)O)ccc1C(=O)NC3CCCCC3,pubchem_failed
CC(C)CCCC(C)\N=C\1/C=CN(Cc2ccccc2)c3cc(Cl)ccc13,pubchem_failed
CC1=CC(=O)Oc2c3CCCNc3c(C)cc12,pubchem_failed
CC#Cc1cncc(c1)c2cccc(c2)C3(N=C(C)C(=N3)N)C4CC4,pubchem_failed
CN1C(=O)N(CC2CC2)c3nn(Cc4ccnc5ccc(Cl)cc45)c(c6cncn6C)c3C1=O,pubchem_failed
NC(=O)c1cnc(N[C@H]2CCCNC2)c3cc(sc13)c4ccc(F)cc4,pubchem_failed
Cc1c(Sc2ccc(Cl)cc2)c3cccc(Cl)c3n1CC(=O)O,pubchem_failed
COc1cc(F)ccc1c2cncc(CNC[C@@H]3CCCO3)n2,pubchem_failed
CC1=CN(Cc2ccccc2)C(=O)NC1=O,pubchem_failed
CCCCCC1=CC(=O)NC(=N1)N,pubchem_failed
Clc1ccc2C(=O)C3=C(Nc2c1)C(=O)NN(Cc4cocc4)C3=O,pubchem_failed
O=C1CCOc2nc(COc3ccccc3)ccc12,pubchem_failed
Nc1nc2ccccc2n1C(=O)c3ccccc3,pubchem_failed
CC(C)c1nnc2ccc(cn12)c3ocnc3c4cc(F)ccc4F,pubchem_failed
CC1=CN([C@H]2CCCN(Cc3cccc(Oc4cccc(Br)c4)c3)C2)C(=O)NC1=O,pubchem_failed
CCN(C1CCN(CC[C@H](c2ccc(cc2)S(=O)(=O)C)c3cccc(Cl)c3)CC1)C(=O)Cc4ccc(cc4)S(=O)(=O)C,pubchem_failed
CCn1cc(NC(=O)Cc2ccc(Oc3ccnc4cc(F)ccc34)cc2OC)cn1,pubchem_failed
COc1cc(F)ccc1c2cncc(CNC(=O)C3CC3)c2,pubchem_failed
Cn1cc(cc1c2c3C(=O)N(CC=C)C(=O)N(CC4CC4)c3nn2Cc5ccnc6ccc(Cl)cc56)C#N,pubchem_failed
CNC(=O)C1(CCN(CC[C@H](CN(C)C(=O)c2cc(cc3ccccc23)C#N)c4ccc(Cl)c(Cl)c4)CC1)N5CCCCC5=O,pubchem_failed
O[C@@H]1CNC[C@H]1N2C=Cc3c(NC(=O)Cc4ccc(F)c(c4)C(F)(F)F)cccc3C2=O,pubchem_failed
CC(C)OC(=O)N1CCC(CC1)Oc2ncnc(Oc3cccnc3C)c2C,pubchem_failed
CCN(C1CCN(CC[C@H](C2CCN(CC2)S(=O)(=O)C(F)(F)F)c3ccccc3)CC1)C(=O)Cc4ccc(cc4)S(=O)(=O)C,pubchem_failed
CN1C(=O)c2c(onc2c3ccncc3)C=C1c4ccccc4,pubchem_failed
Cc1cc(N)n(n1)c2ccccc2,pubchem_failed
Cn1cc(nc1c2c3C(=O)N(CC=C)C(=O)N(CC4CC4)c3nn2Cc5ccnc6ccc(Cl)cc56)C#N,pubchem_failed
OC(=O)C[C@H]1[C@@H](Cc2ccccc12)NC(=O)c3cc4cc(F)ccc4[nH]3,pubchem_failed
CC(=O)N1CCN(CC(O)COc2ccc(Br)cc2)CC1,pubchem_failed
Clc1ccc(cc1Cl)C2=CSC3=NCCN23,pubchem_failed
O=S(=O)(NCC(N1CCCCCC1)c2ccccc2)c3ccc(cc3)C#N,pubchem_failed
O=C1C=CN=C2C=C(C=CN12)C#Cc3ccccc3,pubchem_failed
COc1ncc2N=CC(=O)N(CCN3CCC(CC3)NCc4cc5OCCOc5cn4)c2n1,pubchem_failed
CC(C)N(C(C)C)C(=O)C(C(CNC(=O)NCc1ccccc1F)c2ccccc2)c3cccnc3,pubchem_failed
Cc1sc(CN2CCNCC2)cc1C(=O)NCC34CC5CC(CC(C5)C3)C4,pubchem_failed
CC(C)C(NC(=O)CN1C(=O)C(=CN=C1c2ccccc2)NC(=O)OCc3ccccc3)C(=O)C(F)(F)F,pubchem_failed
COc1cc2ncnc(Nc3cc(NC(=O)c4ccnc(c4)N5CCOCC5)ccc3C)c2cc1OCCN6CCCCC6,pubchem_failed
NC(=O)c1cncc(O[C@H]2C[C@H]3CC[C@@H](C2)N3Cc4ccccc4)n1,pubchem_failed
COc1cc2c(Nc3cccc(Cl)c3Cl)c(cnc2cc1NCCN(C)C)C(=O)N,pubchem_failed
CC1=CN([C@H]2CCCN(Cc3ccc(C(=O)O)c(Oc4cccc(Cl)c4)c3)C2)C(=O)NC1=O,pubchem_failed
COc1ccc2c(C)cc(N[C@H]3CC[C@@H](C3)NCc4cn(C)c5ccccc45)nc2c1,pubchem_failed
Cc1ccn2c(c(C)nc2c1)c3ccnc(N)n3,pubchem_failed
Cc1cc2NC(=O)C(=CC(=O)c2cc1C)O,pubchem_failed
COc1cc(N2CCCN(C)CC2)c3NC(=CC(=O)c3c1)C(=O)Nc4ccc(cc4)N5CCOCC5,pubchem_failed
CC(C)(c1cc(nc(n1)c2cccc3[nH]ccc23)N4CCOCC4)S(=O)(=O)C,pubchem_failed
COc1cc2ncnc(Nc3cccc(O)c3)c2cc1OC,pubchem_failed
CC[C@H](NC(=O)c1c(CC[S+](C)[O-])c(nc2ccccc12)c3ccccc3)c4ccccc4,pubchem_failed
CCS(=O)(=O)c1ccc(c(C)c1)c2cc(Cl)ccc2OCC(=O)O,pubchem_failed
Fc1ccccc1Nc2oc(nn2)C(=O)Nc3ccc(cc3)N4CCOCC4,pubchem_failed
Nc1ccc2c(c1)C(=O)C(=O)c3cc(N)ccc23,pubchem_failed
COC(=O)N1CCOc2cc(COc3ccccc3)cnc12,pubchem_failed
CC(C)C(NC(=O)CN1C(=O)C(=CC=C1c2ccccc2)NS(=O)(=O)c3ccccc3)C(=O)C(F)(F)F,pubchem_failed
N[C@@H]1CCCN(C1)c2c(Cl)cccc2\C=C\3/SC(=O)NC3=O,pubchem_failed
CC[C@H](NC(=O)c1c([S+](C)[O-])c(nc2ccccc12)c3cccs3)c4ccccc4,pubchem_failed
CCN(C)C(=O)c1ccc(cc1)C(=C2CCN(Cc3ccc(F)cc3)CC2)c4ccccc4NC(=O)C,pubchem_failed
Nc1nccc(n1)c2cc3C(=O)NC[C@@H](CCF)c3[nH]2,pubchem_failed
FC(F)(F)c1ccc(cc1)S(=O)(=O)N2CCN(CC2)C(=O)N3CCN(CC3)c4ccncc4Cl,pubchem_failed
OCC(CO)CN1C(=O)C(Cc2ccccc12)NC(=O)c3cc4cc(Cl)sc4[nH]3,pubchem_failed
CS(=O)(=O)c1ccc(c[n+]1[O-])C(=O)Nc2ccc(F)cc2,pubchem_failed
Nc1nccc(n1)n2ccc3ccccc23,pubchem_failed
CCN(C1CCN(CCC(N2CCC(CC2)C(=O)C)c3ccccc3)CC1)C(=O)Cc4ccc(cc4)S(=O)(=O)C,pubchem_failed
CCN(CC)C(=O)c1ccc(cc1)[C@@H](N2CCN(Cc3ccc(F)cc3)CC2)c4cccc(NC(=O)C5CC5)c4,pubchem_failed
CC(C)Cc1ccc(cc1)C(C)C(=O)NS(=O)(=O)C,pubchem_failed
Cc1cc(NC(=O)c2ccccc2)n[nH]1,pubchem_failed
C[C@H](CO)Nc1nc(SCc2cccc(F)c2F)nc3NC(=O)C=Nc13,pubchem_failed
CC1=CN([C@H]2CCCN(C2)[C@@H](CC(C)(C)C)c3ccc(C(=O)O)c(Oc4cccc(Br)c4)c3)C(=O)NC1=O,pubchem_failed
CC(C)(NC(=O)c1sccc1Oc2ccc(F)cc2[N+](=O)[O-])C#C,pubchem_failed
Nc1nc2nc(cc(n2n1)C(F)(F)F)c3cccs3,pubchem_failed
NC1=CC2=NNC(=O)N2c3cc(ccc13)c4cccs4,pubchem_failed
CN1C=C(C(=O)c2c(O)cc(O)cc12)c3ccc(O)cc3,pubchem_failed
CCCNC(=O)c1nnc2c(cccc2c1N)c3cc(C)ccc3OC,pubchem_failed
C[C@H](NC(=O)c1c(C)nn(C2CCSCC2)c1NS(=O)(=O)c3ccc(C)cc3)C(C)(C)C,pubchem_failed
NC1=CC2=NNC(=O)N2c3cc(ccc13)c4ccc[nH]4,pubchem_failed
CC(C)CN1C(=O)N(C)C(=O)c2c1sc(Cc3c[nH]c4ncccc34)c2C(=O)N5CC[C@@H](O)C5,pubchem_failed
CCOc1cccc(\C=C\2/SC(=O)NC2=O)c1N3CCC[C@@H](N)C3,pubchem_failed
CS(=O)(=O)C1(CCOCC1)c2cc(nc(n2)c3cccc4[nH]ccc34)N5CCOCC5,pubchem_failed
CC(C)C(NC(=O)CN1C(=O)C(=CC=C1c2ccccc2)NC(=O)OCc3ccncc3)C(=O)C(F)(F)F,pubchem_failed
Cc1ccc(cc1)S(=O)(=O)Nc2c(C(=O)NC3CCCCC3)c(C)nn2c4ccccc4,pubchem_failed
O=C1Oc2ccccc2C=C1c3ccccc3,pubchem_failed
COc1ccccc1C(=O)NCC23CC4CC(CC(C4)C2)C3,pubchem_failed
Cc1nc(cs1)C(=O)N2CCCC3(CCN(Cc4ccccc4)CC3)C2,pubchem_failed
CS(=O)(=O)n1c2ccccc2c3cc(NC(=O)N4CCOCC4)ccc13,pubchem_failed
CCOc1ccccc1c2ccc(cc2)c3nc4ccc(F)cc4c(C(=O)O)c3C,pubchem_failed
CC(C)(C)C(=O)Nc1ccc2c(c1)C(=O)C(=O)c3ccccc23,pubchem_failed
Nc1ncnc2oc(c3cocc3)c(c4occc4)c12,pubchem_failed
OC(=O)c1ccc(Nc2ncc(Br)c(Nc3ccccc3)n2)cc1,pubchem_failed
C[C@@H](Oc1cccc2ncnc(Nc3ccc(OCc4ccccn4)c(Cl)c3)c12)C(=O)N(C)CCO,pubchem_failed
Brc1ccc2oc3C(=O)NC(=Nc3c2c1)[C@@H]4CCCN4,pubchem_failed
C[C@@H]1CN(CCN1c2ncc(OCc3ccc(cc3C#N)S(=O)(=O)C)cn2)C(=O)OC(C)(C)C,pubchem_failed
Cc1cnc(NS(=O)(=O)c2ccccc2)c(C)n1,pubchem_failed
CCCC(=O)NCc1cncc(c1)c2ccc(F)cc2OC,pubchem_failed
CC(C)C(NC(=O)CN1C(=O)C(=CC=C1c2ccccc2)NC(=O)Cc3ccc(cc3)C(=O)O)C(=O)C(F)(F)F,pubchem_failed
C[C@@H]1CN(CCN1C(=O)[C@@H]2CCCC[C@H]2C(=O)NC3(CC3)C#N)c4ccc5c(c4)c(C)nn5C,pubchem_failed
Cn1cc(cc1c2c3C(=O)N(CCO)C(=O)N(CC4CC4)c3nn2Cc5ccnc6ccc(Cl)cc56)C#N,pubchem_failed
Cc1cccc(n1)c2nc3cc(Cl)ccc3[nH]2,pubchem_failed
COC(=O)c1ccc(CC(=O)N(C)C2CCN(CCC(c3ccccc3)c4ccccc4)CC2)cc1,pubchem_failed
F[C@H]1CN(CCN2C(=O)C=Cc3ccc(cc23)C#N)CC[C@H]1NCc4ccc5OCC(=O)Nc5n4,pubchem_failed
C[C@H](NC(=O)c1c(C)nn(C2CCN(CC(F)(F)F)CC2)c1NS(=O)(=O)c3ccc(C)cc3)C(C)(C)C,pubchem_failed
C[C@@H]1CN(CC2(CC2)C(=O)N)CCN1S(=O)(=O)c3ccc(cc3)C(C)(O)C(F)(F)F,pubchem_failed
COCCS(=O)(=O)c1ccc(Nc2nccc(n2)c3cnc(C)n3C(C)C)cc1,pubchem_failed
CCN(C1CCCCC1)C(=O)c2cnn(c2NS(=O)(=O)c3ccc(cc3)c4ocnc4)c5ccccc5,pubchem_failed
CNCC[C@@H](Oc1cc(OC)ccc1C#N)c2ccccc2,pubchem_failed
CCc1c(C)nc2sc(C(=O)N)c(N)c2c1C,pubchem_failed
OC(=O)c1ccc(OCC(=O)COc2ccc(SCCCCCc3ccccc3)cc2)cc1,pubchem_failed
COc1cc2ncc(C(=O)N)c(Nc3ccc(F)cc3F)c2cc1NCCN4CCOCC4,pubchem_failed
OCCCN1C(=O)C(Cc2ccccc12)NC(=O)c3cc4cc(Cl)sc4[nH]3,pubchem_failed
OC(=O)CC[C@H]1[C@@H](Cc2ccccc12)NC(=O)c3cc4sc(Cl)c(Cl)c4[nH]3,pubchem_failed
OCCO[C@H]1C[C@H]([C@H](O)[C@@H]1O)n2nnc3c(N[C@@H]4C[C@H]4c5ccc(F)c(F)c5)nc(SCCC(F)(F)F)nc23,pubchem_failed
Cc1cc(CNc2ncc(Cl)c(Nc3cc(C)[nH]n3)n2)on1,pubchem_failed
CCCc1cc(cc(OC)c1OC)C2=N[C@H](CO2)C(=O)NO,pubchem_failed
ON(C=O)C1(CS(=O)(=O)N2CCN(CC2)c3ccc(F)cc3)CCOCC1,pubchem_failed
OC(=O)c1cccc(c1)c2cccc(c2)C#N,pubchem_failed
CC1(C)[C@@H]2CC[C@@]1(CS(=O)(=O)N3CCN(CC3)c4ccc(cn4)C(F)(F)F)C(=O)C2,pubchem_failed
CC1=CN([C@H]2CCCN(C2)[C@H](CC(C)(C)C)c3ccc(C(=O)O)c(Oc4cccc(Br)c4)c3)C(=O)NC1=O,pubchem_failed
COc1cc2ncc(C(=O)N)c(Nc3cc(C)ccc3F)c2cc1OC,pubchem_failed
COc1cc(Oc2ccnc3ccc(F)cc23)ccc1CC(=O)Nc4noc(C)c4C,pubchem_failed
Cc1cc(NC(=O)c2ccc(Cl)cc2)n(n1)c3ccccc3,pubchem_failed
OC(=O)c1ccc(cc1)n2ncc(C(=O)NC3C4CC5CC(CC3C5)C4)c2C6CCCC6,pubchem_failed
CC1=C(CCC(=O)O)C(=O)Oc2cc(O)ccc12,pubchem_failed
CC(C)(O)c1ccc(Nc2nc3ccc(cc3[nH]2)C#N)cc1,pubchem_failed
CN(C)CC(O)COc1ccc(Nc2cc(Nc3ccc(F)cc3F)ncn2)cc1,pubchem_failed
COc1cc2ncc(C(=O)N)c(Nc3ccccc3Cl)c2cc1OC,pubchem_failed
C1CNCC(C1)c2nc3ccccc3s2,pubchem_failed
[O-][N+](=O)c1cccc2ccc(nc12)C(Cl)(Cl)Cl,pubchem_failed
C[C@H](Nc1ncc(Cl)c(Nc2cc([nH]n2)N(C)C)n1)c3ncc(F)cn3,pubchem_failed
CN(C)C(=O)CN1C(=O)C(Cc2ccccc12)NC(=O)c3cc4cc(Cl)sc4[nH]3,pubchem_failed
CN(C)c1ccccc1S(=O)(=O)NC(=O)N2CCC(CC2)N3CCC(CC3)Oc4ccc(Cl)c(Cl)c4,pubchem_failed
O=C1NC(=NC(=C1C#N)c2ccccc2)SCc3ccccc3,pubchem_failed
CC(C)C(NC(=O)CN1C(=O)C(=CC=C1c2ccccc2)NC(=O)NCc3ccncc3)C(=O)C(F)(F)F,pubchem_failed
C[C@H](CO)Nc1nc(SCc2cccc(Cl)c2)nc3nc(N)sc13,pubchem_failed
CC(=O)Nc1ccc2ccn(c3cc(NCCCN4CCCC4)n5ncc(C#N)c5n3)c2c1,pubchem_failed
CN(C)c1cccc2c(cccc12)S(=O)(=O)N,pubchem_failed
Cc1[nH]c(C(=O)NC2CCN(CC2)c3nc(cs3)C(=O)O)c(Cl)c1Cl,pubchem_failed
CCC[C@H](CO)Nc1nc(S[C@@H](C)c2cccc(c2)C#N)nc3NC(=O)Sc13,pubchem_failed
O[C@H](CNC(=O)C1=CNC(=O)C=C1C(F)(F)F)CN2CCC(CC2)Oc3ccc(Cl)c(Cl)c3,pubchem_failed
CC(C)C(NC(=O)CN1C(=O)C(=CC=C1c2ccccc2)NS(=O)(=O)C(F)(F)F)C(=O)C(F)(F)F,pubchem_failed
Fc1ccc(cc1)C(=O)C2CCN(CC2)C(=O)c3ccc(F)cc3,pubchem_failed
Nc1nccc(\C=C\c2ccc(Cl)cc2)n1,pubchem_failed
CC1(C)COCc2sc(nc12)N3CCN(CC3)C(=O)[C@@H]4CCCC[C@H]4C(=O)NC5(CC5)C#N,pubchem_failed
COc1cc2ncc(C(=O)N)c(Nc3cccc(F)c3F)c2cc1OC,pubchem_failed
OCCN1CCN(Cc2ccc3c(NC(=O)CC45CC6CC(CC(C6)C4)C5)c(Cl)ccc3n2)CC1,pubchem_failed
O=C1CCOc2cc(OCc3cccc(c3)C#N)ccc12,pubchem_failed
Cc1nc(C)c(nc1C(=O)N)c2ccc([C@@H]3CC[C@H](CC(=O)O)CC3)c(F)c2,pubchem_failed
CC(C)(C)OC(=O)NCCCSC[C@H]1O[C@H]([C@H](O)[C@@H]1O)n2cnc3c(N)ncnc23,pubchem_failed
O=C(NC1(CC1)C#N)[C@@H]2CCCC[C@H]2C(=O)N3CCc4[nH]c5ncccc5c4C3,pubchem_failed
CCCC1CCCCC(=N1)N,pubchem_failed
NNC1=Nc2ccccc2NC1=O,pubchem_failed
Clc1c(NCC2CCNCC2)nccc1C(=O)NCC34CC5CC(CC(C5)C3)C4,pubchem_failed
CC(C)n1c(C)ncc1c2ccnc(Nc3ccc(cc3)N4CCN(CC4)C(=O)CN(C)C)n2,pubchem_failed
COCC[C@H](Oc1ncnc2c1cnn2c3ccccc3Cl)C(=O)Nc4ccc(C)cn4,pubchem_failed
OC(=O)[C@H](N1CCC(CN2CCC(CC2)Oc3ccc(Cl)c(Cl)c3)CC1)c4ccccc4,pubchem_failed
Cn1c(CN2CCN(CC2)c3cccc(Cl)c3)nc4ccccc14,pubchem_failed
CCN1C(=O)C2=C(OC(=CC2=O)O)c3ccccc13,pubchem_failed
CN([C@@H]1CCN(Cc2ccc(cc2)C(F)(F)F)C[C@@H]1F)C(=O)Cc3ccc(cc3)S(=O)(=O)C,pubchem_failed
Cc1ccc(Oc2ccc(cc2)C(=O)NCc3ccncc3)cc1,pubchem_failed
O[C@H](CNC(=O)C1=CNC(=O)c2ccccc12)CN3CCC(CC3)Oc4ccc(C#N)c(Cl)c4,pubchem_failed
NC(=N)Nc1ccc(Cl)c(Cl)c1,pubchem_failed
Cc1ccc2c(c1)c(c(C)n2CC(=O)O)c3ccnc4c(cccc34)S(=O)(=O)C,pubchem_failed
CCOC(=O)[C@H](Cc1ccc(O)cc1)NC(=O)c2cccc3ccccc23,pubchem_failed
FC(F)(F)c1cccc(c1)S(=O)(=O)NCC(N2CCCCCC2)c3ccccc3,pubchem_failed
Oc1cccc(NC(=O)c2ccc(OCCCN3CCCC3)cc2OCc4cccc(F)c4)c1,pubchem_failed
NCCCCN(Cc1nc2ccccc2[nH]1)C3CCCc4cccnc34,pubchem_failed
CC(=O)NC[C@H]1CN(C(=O)O1)c2ccc(N3CCN(CC3)c4cnccn4)c(F)c2,pubchem_failed
Oc1cccc(NC(=O)c2ccc(OCCCN3CCCC3)cc2OCc4cccc(c4)C#N)c1,pubchem_failed
Fc1cccc(COc2ccc3C(=O)CCOc3c2)c1,pubchem_failed
Fc1ccc(cc1)N2CCN(CC2)C(=O)[C@@H]3CCCC[C@H]3C(=O)NCC#N,pubchem_failed
Fc1ccc(Nc2oc(nn2)C(=O)Nc3ccc(nc3)N4CCOCC4)cc1F,pubchem_failed
Cc1c(Sc2ccc(Cl)cc2)c3cc(ccc3n1CC(=O)O)c4ccccc4,pubchem_failed
FC(F)(F)c1cc(COCC(N2CCNCC2)c3ccccc3)cc(c1)C(F)(F)F,pubchem_failed
COc1cc2ncnc(Nc3cccc(C)c3)c2cc1OC,pubchem_failed
C[C@H](NC(=O)C1(N)CCN(CC1)c2ncnc3[nH]ccc23)c4ccc(Cl)cc4,pubchem_failed
C[C@H]1CN(Cc2cc(Cl)ccc2CC(=O)O)CCN1S(=O)(=O)Cc3ccccc3,pubchem_failed
C(Nc1nc2ccccc2[nH]1)c3ccccc3,pubchem_failed
CS(=O)(=O)N1CCOc2cc(COc3ccccc3)cnc12,pubchem_failed
OC(=O)c1ccc(CN2CCC(CN3CCC(CC3)Oc4ccc(Cl)c(Cl)c4)CC2)cc1,pubchem_failed
OC[C@H]1CCCN1CCCOc2ccc3c(Nc4cc(CC(=O)Nc5cccc(F)c5F)[nH]n4)ncnc3c2,pubchem_failed
FC1(CCN(CC1)C(=O)COCc2ccncc2)c3ccc(Cl)cc3,pubchem_failed
COc1cnccc1COc2cnc(nc2)N3CCN(CC3)C(=O)OC(C)(C)C,pubchem_failed
NC(=O)CN1C(=O)C(Cc2ccccc12)NC(=O)c3cc4cc(Cl)sc4[nH]3,pubchem_failed
CN(C)CCNC(=O)c1c(C)[nH]c(\C=C\2/C(=O)Nc3ccc(F)cc23)c1C,pubchem_failed
Fc1ccc(Nc2oc(nn2)C(=O)Nc3ccc(nc3)N4CCOCC4)cc1,pubchem_failed
Cc1[nH]c(C(=O)NC2CCN(CC2)c3cc(cc(Cl)n3)C(=O)O)c(Cl)c1Cl,pubchem_failed
COc1ccc(cc1)C(=O)Nc2cc(NC(=O)c3cccc(c3)N(C)C)ccc2C,pubchem_failed
Cc1cc(C)cc(c1)c2[nH]c3ccc(cc3c2CCNCCCCc4ccncc4)C(C)(C)C(=O)N5C6CCC5CC6,pubchem_failed
C[C@H]([C@H](O)c1ccc(O)cc1)N2CCC(O)(CC2)c3ccccc3,pubchem_failed
CCCSc1nc(ccc1C(=O)NC2CCCCC2)N3CCC[C@H](CC(=O)O)C3,pubchem_failed
NC(=O)Nc1sc(cc1C(=O)N[C@H]2CCCNC2)c3ccc(F)cc3,pubchem_failed
CCCSc1nc(ccc1C(=O)NC2CCCCC2)N3CCCCC3C(=O)O,pubchem_failed
CNc1c(Br)cnc2[nH]c(nc12)c3ccc(OCCCN4CCOCC4)cc3,pubchem_failed
CSc1ccc(OCc2ccccc2)c(\C=C\c3ccc(cn3)C(=O)O)c1,pubchem_failed
CNc1cccc(CCOc2ccc(C[C@H](NC(=O)c3c(C)cc(C)cc3C)C(=O)O)cc2)n1,pubchem_failed
CN1C(=O)N(CC2CC2)c3nn(Cc4ccnc5ccc(Cl)cc45)c(c6cc(cn6C)S(=O)(=O)C)c3C1=O,pubchem_failed
CCCc1c(O)c(ccc1OCc2ccc(\C=C\c3nn[nH]n3)cc2)C(=O)C,pubchem_failed
CCCNCc1cnc(s1)c2ccc(cc2)C(=O)Nc3ccccc3N,pubchem_failed
COC(=O)CCn1cc(c2cc(NC3CC3)n4ncc(C#N)c4n2)c5cc(NC(=O)C)ccc15,pubchem_failed
CC(C#Cc1ccccc1)N2NC(=O)C3=C(C2=O)C(=O)c4ccc(Cl)cc4N3,pubchem_failed
CC1=CC(=O)Oc2cc3NCCCc3cc12,pubchem_failed
OC(=O)COc1ccc(cc1c2cccc(c2)C#N)C(F)(F)F,pubchem_failed
CNc1nc(C)c(s1)c2nc(Nc3cccc(c3)N4CCCNCC4)ncc2C#N,pubchem_failed
O[C@@H](CNCCCSCCOCCc1ccccc1)c2ccc(O)c3NC(=O)Sc23,pubchem_failed
CCNC(=O)c1cc2c(c(cnc2[nH]1)c3cncc(c3)C(=O)N)n4ccc(n4)C(F)(F)F,pubchem_failed
C\N=C(/S)\n1nc(nc1N)c2ccc(Cl)cc2,pubchem_failed
CC1=C(CCC(=O)O)C(=O)Oc2c(C)c(O)ccc12,pubchem_failed
C[C@H](NC(=O)c1c(C)nn(C2CCOCC2)c1NS(=O)(=O)c3ccc(C)cc3)C(C)(C)C,pubchem_failed
CC(C)C(NC(=O)CN1C(=O)C(=CC=C1c2ccccc2)NS(=O)(=O)NCc3ccccc3)C(=O)C(F)(F)F,pubchem_failed
Cc1c(CC(=O)O)c2cc(F)ccc2n1S(=O)(=O)c3ccc(cc3)S(=O)(=O)C,pubchem_failed
CN[C@@H](C)C(=O)N[C@H](C(=O)N[C@H]1CCCN(C1)S(=O)(=O)c2ccccc2)C(C)(C)C,pubchem_failed
CC(NC(=O)C1(N)CCN(CC1)c2ncnc3[nH]ccc23)c4cccnc4,pubchem_failed
Clc1ccc(cc1C(=O)NCCc2ccccc2)N3N=CC(=O)NC3=O,pubchem_failed
Cc1ccc2c(c1)c([S+]([O-])c3ccc(Cl)cc3)c(C)n2CC(=O)O,pubchem_failed
CCN(CC)C(=O)c1ccc(cc1)C(=C2CCNCC2)c3ccc(Cl)c(Cl)c3,pubchem_failed
OC(=O)[C@H](Cc1cccc(c1)C#N)N2CCC(CN3CCC(CC3)Oc4ccc(Cl)c(Cl)c4)CC2,pubchem_failed
COc1ccccc1C(=O)Nc2nc3ccccc3[nH]2,pubchem_failed
CNc1ncc(s1)C(=O)c2ccccc2,pubchem_failed
COc1cc2ncnc(Nc3ccccc3)c2cc1OC,pubchem_failed
CN1CCN(CC1)c2ccc(Nc3ccnc4ccccc34)cc2,pubchem_failed
CNC[C@H](O)c1ccc(Cl)c(c1)C(=O)NCC23CC4CC(CC(C4)C2)C3,pubchem_failed
COc1ccc(CNC(=O)CSc2nc3cccnc3s2)cc1,pubchem_failed
C[C@@H](NC(=O)C)c1ccc(Nc2ncc3cc(ccc3n2)c4ccncc4)cc1,pubchem_failed
CC1=CN([C@H]2CCCN(Cc3ccc(C(=O)O)c(Oc4cccc(C)c4)c3)C2)C(=O)NC1=O,pubchem_failed
CCCc1c(O)c(O)c(C(=O)O)c2cc(Cc3ccccc3)c(C)cc12,pubchem_failed
CS(=O)(=O)Nc1cccc(NC(=O)CN2CCN([C@H](Cc3ccccc3)C2)C(=O)C[C@H](N)Cc4ccc(F)c(F)c4)c1,pubchem_failed
O=S1NC(=NO1)Cc2ccc3ccccc3c2,pubchem_failed
O=C(N1CCN(CC1)c2ccccn2)c3cccc(CC4=NNC(=O)c5ccccc45)c3,pubchem_failed
COc1cnc(nc1N(C)c2ccccc2)c3ccccn3,pubchem_failed
Cc1nc(cs1)C(=O)N2CCOC3(CCN(Cc4ccc(Cl)cc4)CC3)C2,pubchem_failed
CN(C(=O)N1CCC(CC1)N2CCC(CC2)Oc3ccc(Cl)c(Cl)c3)S(=O)(=O)c4ccc(C)cc4,pubchem_failed
Cc1ccnc(NCc2ccccc2)c1,pubchem_failed
COc1cc2ncnc(Nc3cccc(Cl)c3F)c2cc1CN4CCC[C@@H]4C(=O)N,pubchem_failed
CS(=O)(=O)c1cccc(Nc2nccc(Nc3c(Cl)ccc4ccoc34)n2)c1,pubchem_failed
CCN(C1CCN(CCC(C2CCN(Cc3ccccc3)CC2)c4ccccc4)CC1)C(=O)Cc5ccc(cc5)S(=O)(=O)C,pubchem_failed
CN(C)C(=O)CC(NC(=O)C1(N)CCN(CC1)c2ncnc3[nH]ccc23)c4ccc(Cl)cc4,pubchem_failed
Clc1cccc(c1)S(=O)(=O)NC(=O)N2CCC(CC2)N3CCC(CC3)Oc4ccc(Cl)c(Cl)c4,pubchem_failed
COc1cc(ccc1Nc2ncc(Cl)c(n2)c3cnc4c(C)cccn34)N5CCN(CC5)C(=O)C,pubchem_failed
CS(=O)(=O)c1ccc(nc1)c2nnc(\C=C\c3oc(nn3)c4ccc(cc4)C#N)n2c5ccccc5Cl,pubchem_failed
Oc1ccc(cc1)C2=Cc3cc(O)ccc3OC2=O,pubchem_failed
COc1ccc(CNCc2ccc(cc2)c3cc(C(=O)N)c(NC(=O)N)s3)cc1,pubchem_failed
CC(C)n1c(C)ncc1c2ccnc(Nc3ccc(F)cc3)n2,pubchem_failed
COc1ccc2C(=NC(=O)N(CCN3CCC(CC3)NCc4cc5OCCOc5cn4)c2c1)C,pubchem_failed
Cc1nc2ccc(NC(=O)CCNC(=O)N)cc2s1,pubchem_failed
O[C@H](CNC(=O)c1c[nH]c2ccccc12)CN3CCC(CC3)Oc4ccc(Cl)c(Cl)c4,pubchem_failed
C[C@H](CO)Nc1nc(SCc2occc2)nc3NC(=O)Sc13,pubchem_failed
Clc1ccc(CNc2nc(nc3ncccc23)N4CCN(CC4)C(=O)[C@@H]5CCCN5)c(Cl)c1,pubchem_failed
O=C(CN1CCN(CC1)c2ccccc2)Nc3c(cnn3c4ccccc4)C#N,pubchem_failed
COCCN1CCN(CC(=O)Nc2ccc(C3=CC=CN4C(=O)C=C(N=C34)N5CCOCC5)c6sc7ccccc7c26)CC1,pubchem_failed
CNS(=O)(=O)c1ccc2C(=CNC(=O)c2c1)C(=O)NC[C@@H](O)CN3CCC(CC3)Oc4ccc(Cl)c(Cl)c4,pubchem_failed
Oc1nnc(Cc2cccc(c2)C(=O)N3CCOCC3)c4ccccc14,pubchem_failed
CN(C1CCCCC1)C(=O)c2cnn(c2NS(=O)(=O)c3ccc(C)cc3)c4ccccc4,pubchem_failed
CSc1ncccc1C(=O)NCc2ccc(C)cc2,pubchem_failed
CNCC[C@@H](Oc1cc(ccc1C#N)C(F)(F)F)c2ccccc2,pubchem_failed
CCC(C)Nc1nc(nc(N2CCOCC2)c1N)C#N,pubchem_failed
C1Cc2ccccc2CN1c3ccncc3,pubchem_failed
CC(N)(COP(=O)(O)O)C(=O)O,pubchem_failed
Oc1ccc(Cl)cc1C(=O)Nc2ccc(F)cc2F,pubchem_failed
CN(C)C(=O)N[C@@H]1CC[C@@H](CCN2[C@@H]3CC[C@H]2C[C@H](C3)Oc4cccc(c4)C(=O)N)CC1,pubchem_failed
C[C@H](NC(=O)c1c(C)nn(c1NS(=O)(=O)C2CCCCC2)c3ccccc3)C(C)(C)C,pubchem_failed
NC(=O)c1cnc(N[C@H]2CCCNC2)c3cc(sc13)c4ccc(Cl)cc4,pubchem_failed
CCN(CC)C(=O)c1ccc(cc1)C(=C2CCN(Cc3ccc(F)cc3)CC2)c4ccc(NC(=O)OC)cc4,pubchem_failed
Cc1ccccc1CCOCCCS(=O)(=O)CCNCCc2ccc(O)c3nc(O)sc23,pubchem_failed
CCN(C)C(=O)c1ccc(cc1)[C@@H](N2CCN(Cc3cccnc3)CC2)c4cccc(NC(=O)C5CCC5)c4,pubchem_failed
CC(C)CN1C(=O)N(C)C(=O)c2cn(Cc3cccc4ccccc34)cc12,pubchem_failed
C[C@@H]1CN(CCN1c2ncc(OCc3ccncc3C#N)cn2)c4onc(n4)C(F)(F)F,pubchem_failed
Oc1ccc(cc1)C2=Cc3ccccc3OC2=O,pubchem_failed
COc1cc(OC)c2nc(C)c3CCN(c4ccc(O)cc4)c3c2c1,pubchem_failed
COc1ccccc1N2CCN(CC3=C(Br)C(=O)N(N3C)c4ccccc4)CC2,pubchem_failed
CN1CCN(CC1)c2ccc3N=CN(C(=O)c3c2)c4cc(ccc4C)C(=O)Nc5ccon5,pubchem_failed
O[C@@H](CNCCSCCCNCCc1cccc(Cl)c1)c2ccc(O)c3NC(=O)Sc23,pubchem_failed
CCc1[nH]c2nc(Sc3cnc4ccc[n+]([O-])c4c3)nc(N5CC[C@@H](N)C5)c2c1Cl,pubchem_failed
OC1(C(=O)Nc2ccccc12)c3ccccc3,pubchem_failed
OCC(CO)NC(=O)CN1C(=O)C(Cc2ccccc12)NC(=O)c3cc4cc(Cl)sc4[nH]3,pubchem_failed
CC(C)Oc1cc(OCCN2CCOCC2)cc3ncnc(Nc4c(Cl)ccc5OCOc45)c13,pubchem_failed
Brc1cccc2c3CN(CCc3[nH]c12)C(=O)[C@@H]4CCCC[C@H]4C(=O)NC5(CC5)C#N,pubchem_failed
NC(Cc1ccccc1)c2ccccc2,pubchem_failed
Cc1cc(ccc1O[C@H]2C[C@H]3CC[C@@H](C2)N3Cc4ccccc4)C(=O)N,pubchem_failed
Clc1cccc(NC(=O)N2CCN(C[C@@H]3CCCN(C3)C4CC4)CC2)c1,pubchem_failed
COc1ccccc1CNCCc2cccc(CCNC[C@H](O)c3ccc(O)c4NC(=O)Sc34)c2,pubchem_failed
Clc1ccc2C(=O)C3=C(Nc2c1)C(=O)NN(Cc4ccncc4)C3=O,pubchem_failed
CS(=O)(=O)c1cccc(Nc2nccc(Nc3cccc4CCOc34)n2)c1,pubchem_failed
CS(=O)(=O)c1ccc(s1)C(=O)NC[C@@H](O)CN2CCC(CC2)Oc3ccc(Cl)c(Cl)c3,pubchem_failed
COc1cccc(c1)S(=O)(=O)c2c(C)n(CC(=O)O)c3ccc(C)cc23,pubchem_failed
OC(=O)CCCCn1nnc(n1)c2ccc(cc2)C(=O)N3CCC(CC3)N4CCC(CC4)Oc5ccc(Cl)c(Cl)c5,pubchem_failed
O=C(NC1(CC1)C#N)[C@@H]2CCCC[C@H]2C(=O)N3CCN(CC3)c4nc5ccncc5s4,pubchem_failed
O=C(C1CCN(CC1)c2nnc(s2)n3cccc3)N4CCN(Cc5ccc6OCOc6c5)CC4,pubchem_failed
CCN1CCOC(C1)C(=O)N2CCN(CC2)C(=O)Nc3ccc(Cl)c(Cl)c3,pubchem_failed
O=C1COC2(CCN(CC2)S(=O)(=O)c3ccc(cc3)c4ccc5cccnc5c4)CN1C6CC6,pubchem_failed
COc1cc2c(Nc3ccc(Br)cc3F)ncnc2cc1OC[C@@H]4CCCN(C)C4,pubchem_failed
NC(=N)NC(=O)c1nc(Cl)c(NCc2ccncc2)nc1N,pubchem_failed
Oc1ccccc1OCC(=O)NC2CCCC2,pubchem_failed
Clc1ccc(cc1C(=O)NCC23CC4CC(CC(C4)C2)C3)C5CCNCC5,pubchem_failed
CCC[C@@H](CNC(=O)c1nc(Cl)c(N)nc1N)[N+](C)(C)CCCc2ccc(OC)cc2,pubchem_failed
Oc1ccc(cc1)c2oc3cc(O)ccc3n2,pubchem_failed
NC(=O)c1sc(cc1NS(=O)(=O)c2ccc(cc2)C(F)(F)F)c3ccsc3,pubchem_failed
Clc1ccc(N2CCN(CC2)C(=O)COCc3ccncc3)c(Cl)c1,pubchem_failed
CN1CCN(CC1)c2ccc3N=CN(C(=O)c3c2)c4cc(NC(=O)c5oncc5)ccc4C,pubchem_failed
CS(=O)(=O)c1ccc2OCC(=O)N(CCN3CCC(CC3)NCc4ccc5OCC(=O)Nc5n4)c2c1,pubchem_failed
CCOC(=O)N1CCN(CC1)C(=O)[C@H](Cc2cccc(c2)C(=N)N)NS(=O)(=O)c3c(cc(cc3C(C)C)C(C)C)C(C)C,pubchem_failed
CNC1=Nc2ncccc2C(=NC1c3cccs3)c4cc[nH]c4,pubchem_failed
CC1(C)CC(=O)c2c(N)c3ccccc3nc2C1,pubchem_failed
C[C@H]1O[C@H]([C@H](O)[C@H]1Cl)n2cnc3c(N)nc(OCC4CC45CC5)nc23,pubchem_failed
CC(C)Oc1cc(Nc2nc(N[C@@H](C)c3ccc(F)cn3)nc(OC(CO)CO)c2Cl)n[nH]1,pubchem_failed
CCS(=O)(=O)c1ccc(c(F)c1)c2cc(Cl)ccc2OCC(=O)O,pubchem_failed
C[S+]([O-])CCN1C(=O)C(Cc2ccccc12)NC(=O)c3cc4cc(Cl)sc4[nH]3,pubchem_failed
Clc1c(ccnc1N2CCNCC2)C(=O)NCC34CC5CC(CC(C5)C3)C4,pubchem_failed
COc1ccc(cc1OC)N2CCN([C@H](C)C2)C(=O)[C@@H]3CCCC[C@H]3C(=O)NC4(CC4)C#N,pubchem_failed
O[C@H](CNC(=O)C1=CNC(=O)c2ccccc12)CN3CCC(CC3)Oc4ccc(Cl)c(Cl)c4,pubchem_failed
Nc1cc(cc(c1)C(F)(F)F)C(=O)Nc2cccc(c2)c3nnn[nH]3,pubchem_failed
CCN(CC)C(=O)c1ccc(cc1)C(=C2CCNCC2)c3ccccc3,pubchem_failed
CC(C)n1c(C)ncc1c2ccnc(Nc3ccc(cc3)N(C)C)n2,pubchem_failed
Fc1ccc(cc1)C(=O)N2CCC[C@@H](C2)c3onc(n3)c4ccc(F)cc4,pubchem_failed
CN(CCCOCCOCCc1ccccc1)CCc2ccc(O)c3nc(O)sc23,pubchem_failed
CCn1cc(NC(=O)Cc2ccc(Oc3ccnc4ccc(F)cc34)cc2OC)cn1,pubchem_failed
CC(C)C(NC(=O)CN1C(=O)C(=CC=C1c2ccccc2)NC(=O)NCc3ccc[n+]([O-])c3)C(=O)C(F)(F)F,pubchem_failed
CCS(=O)(=O)c1ccc(Oc2cc3nc([nH]c3cc2CN4C(=O)CCC4=O)c5ccccn5)cc1,pubchem_failed
Oc1ccc(CCNCCCS(=O)(=O)NCCSCCc2ccccc2)c3sc(O)nc13,pubchem_failed
Clc1ccc(cc1C(=O)NCC23CC4CC(CC(C4)C2)C3)N5N=CC(=O)NC5=O,pubchem_failed
CCc1nc2c(N)nc3ccccc3c2n1CC(C)(C)O,pubchem_failed
Cc1ccccc1C[C@H](N2CCC(CN3CCC(CC3)Oc4ccc(Cl)c(Cl)c4)CC2)C(=O)O,pubchem_failed
CNC(=O)c1nc(cnc1N)c2ccc(Cl)c(c2)S(=O)(=O)Nc3cccc(F)c3F,pubchem_failed
O=C(Nc1nccs1)c2ccccc2,pubchem_failed
Fc1ccc(cc1Cl)C(=O)Nc2ccc(Cl)nc2,pubchem_failed
CC(C)CN1C(=O)N(C)C(=O)c2c(SC3CCCCC3)c(Cc4ccccc4C(F)(F)F)sc12,pubchem_failed
COc1cc(ccc1Nc2ncc(Cl)c(n2)c3cnc4ccccn34)N5CCNCC5,pubchem_failed
OC(=O)c1cncc(c1)c2cnc3[nH]c(cc3c2n4ccc(n4)C(F)(F)F)C(=O)NC5CC5,pubchem_failed
NC(=O)c1sc(cc1N)c2ccc(Cl)cc2,pubchem_failed
CN1C(=O)N(Cc2ccc(Br)cc2)c3ccccc13,pubchem_failed
Nc1nc2cc3CCN(Cc4cccc(F)c4)CCc3cc2s1,pubchem_failed
COc1ccc(Cl)cc1C(=O)Nc2nc3ccccc3[nH]2,pubchem_failed
CN1C(=O)N(CC2CC2)c3nn(Cc4ccnc5ccc(Cl)cc45)c(c3C1=O)c6nc(cn6C)S(=O)(=O)C,pubchem_failed
CN(CCN(C)C(=O)CCOCCc1ccccc1)CCc2ccc(O)c3nc(O)sc23,pubchem_failed
COc1cc2ncnc(Nc3cccc(Cl)c3F)c2cc1OC4CCN(CC4)S(=O)(=O)C,pubchem_failed
CC1(C)C(=O)Nc2ccccc12,pubchem_failed
Cc1ccc2c(c1)c(c(C)n2CC(=O)O)c3cc(C)nc4ccccc34,pubchem_failed
C1CN(CCO1)c2cc(Nc3nccc(Nc4cccc5[nH]ncc45)n3)cc(c2)N6CCOCC6,pubchem_failed
CC(C)(C)CNc1nc(nc(N2CCOCC2)c1N)C#N,pubchem_failed
Fc1ccc(cc1)C(=O)N2CCC(CC2)C(=O)c3ccc(Cl)cc3,pubchem_failed
OC(=O)COc1ccc(Cl)cc1CN2CCN(CC2)S(=O)(=O)c3ccccc3,pubchem_failed
C[C@H]1C[C@H](CN1C#N)NS(=O)(=O)c2cc(Br)ccc2Br,pubchem_failed
CC(C)(C)NC(=O)Nc1ccc(cc1)c2c(N)nc(N)nc2COCc3ccccc3,pubchem_failed
COc1ccc(N(C(C(=O)NC[C@@H](C)O)c2ccccc2F)C(=O)c3ccoc3Cl)c(OC)c1,pubchem_failed
C[C@H](Nc1nc(Nc2cc(C)[nH]n2)cnc1C#N)c3ccc(F)cn3,pubchem_failed
CC(=O)Nc1ccc2ccn(c3cc(NC4CC4)n5ncc(C#N)c5n3)c2c1,pubchem_failed
CCN1C(=O)N(CC2CC2)c3nn(Cc4ccnc5ccc(Cl)cc45)c(c6cncn6C)c3C1=O,pubchem_failed
Fc1ccc(Oc2cc(F)c(cc2F)S(=O)(=O)Nc3ncc(Cl)s3)c(c1)c4cn[nH]c4,pubchem_failed
CC1=CN([C@H]2CCCN(C2)[C@H](CC3CCOCC3)c4ccc(C(=O)O)c(Oc5cccc(Cl)c5)c4)C(=O)NC1=O,pubchem_failed
CC(=O)Nc1nc(cs1)c2cccs2,pubchem_failed
O=C1N(Cc2ccccc12)C3CCN(CCC(c4ccccc4)c5ccccc5)CC3,pubchem_failed
CCNC(=O)c1cc2c(c(cnc2[nH]1)c3cncc(c3)C(=O)O)n4nc(cc4C)C(F)(F)F,pubchem_failed
OC(=O)[C@H](Cc1ccccc1F)N2CCC(CN3CCC(CC3)Oc4ccc(Cl)c(Cl)c4)CC2,pubchem_failed
COc1cc2cc(nc(C)c2cc1OC)c3ccc(O)cc3O,pubchem_failed
Cc1cc(NC(=O)Nc2ccc(Cl)cc2)n(n1)c3ccccc3,pubchem_failed
[O-][N+](=O)c1cccc(c1)c2ccc(OCC(CCc3ccc(cc3)C(=O)N4CCCC4)N5C(=O)CCCC5=O)cc2,pubchem_failed
Oc1ccc(cc1)C2=Cc3cccc(O)c3OC2=O,pubchem_failed
OC(=O)Cc1cccc(c1)N2CCC(CN3CCC(CC3)Oc4ccc(Cl)c(Cl)c4)CC2,pubchem_failed
CC(C)n1c(C)ncc1c2nc(Nc3ccc(cc3)N4CCN(CC4)C(=O)CO)ncc2F,pubchem_failed
Cc1ccc(cc1)S(=O)(=O)Nc2c(cnn2c3ccccc3)C(=O)NC4CCCCC4,pubchem_failed
Cn1cncc1c2c3C(=O)N(C4CC4)C(=O)N(CC5CC5)c3nn2Cc6ccnc7ccc(Cl)cc67,pubchem_failed
CC1=CN([C@H]2CCCN(C2)S(=O)(=O)c3ccc(O)c(Oc4cccc(F)c4)c3)C(=O)NC1=O,pubchem_failed
CC(C)[C@H](NC(=O)CCc1ccccc1)C(=O)N2CCCC2,pubchem_failed
COc1ccccc1C(=O)Nc2nc3ccccc3s2,pubchem_failed
COc1ccc(cc1)c2csc(n2)N(CCCN3CCOCC3)C(=O)c4occc4,pubchem_failed
O=C1CCCc2nc(ccc12)C#Cc3ccccc3,pubchem_failed
C(CCNc1cc(nc2ccccc12)c3ccccc3)CNc4cc(nc5ccccc45)c6ccccc6,pubchem_failed
CCCSc1nc(N[C@@H]2C[C@H]2c3ccccc3)c4nnn([C@@H]5C[C@H](CO)[C@@H](O)[C@H]5O)c4n1,pubchem_failed
NC(=O)c1cccc(C[C@H]2C[C@H]3CC[C@@H](C2)N3Cc4ccccc4)c1,pubchem_failed
OC(CN1CCCCC1)(C(=O)c2ccccc2)c3ccccc3,pubchem_failed
CCc1ccc(CCNCCCSCCNC[C@H](O)c2ccc(O)c3NC(=O)Sc23)cc1,pubchem_failed
CN1CCN(CC1)S(=O)(=O)c2ccc(c(C)c2)c3cnc(N)c(n3)C(=O)Nc4cccnc4,pubchem_failed
C[C@H](O)C(=O)N1CCN(CC1)c2ccc(Nc3nccc(n3)c4cnc(C)n4C(C)C)cc2,pubchem_failed
COC(=O)c1ccc(NC(=O)c2cc(OC)c(OC)c(OC)c2)cc1,pubchem_failed
NC1(CCN(CC1)c2ncnc3[nH]ccc23)C(=O)NC(CCCN4CCCC4)c5ccc(Cl)cc5,pubchem_failed
O=C(CS(=O)(=O)c1ccccc1)c2ccccc2,pubchem_failed
Cc1ccc(cc1)S(=O)(=O)NC(=O)N2CCC(CC2)N3CCC(CC3)Oc4ccc(Cl)cc4C,pubchem_failed
COc1cccc(NC(=O)CC23CC4CC(CC(C4)C2)C3)c1C,pubchem_failed
O=C(Cc1ccccc1)Nc2nccs2,pubchem_failed
O=C(Nc1cccc2cccnc12)[C@@H]3CC[C@H](CC3)N4C(=O)[C@@H]5[C@@H]6CC[C@@H](C6)[C@@H]5C4=O,pubchem_failed
O=C(Cc1cccc2ccccc12)Nc3ccccc3,pubchem_failed
C[C@H](CO)Nc1nc(SCc2csc(C)n2)nc3nc(N)sc13,pubchem_failed
COc1cc(cc(OC)c1OC)C(=O)N2CC[C@@](CCN3CCC(CC3)(C(=O)N)c4ccccc4)(C2)c5ccc(Cl)c(Cl)c5,pubchem_failed
C[C@@H](Oc1cccc2ncnc(Nc3ccc4c(cnn4Cc5cscn5)c3)c12)C(=O)N6CCOCC6,pubchem_failed
O=S(=O)(Nc1cccnc1)c2cccs2,pubchem_failed
Brc1ccc(cc1)C(=O)Cn2cnc3ccccc23,pubchem_failed
CCCc1nc2c(N)nc3ccccc3c2s1,pubchem_failed
COc1cc(CNc2nc3ccccc3[nH]2)cc(OC)c1OC,pubchem_failed
CCn1c2ccccc2c3cc(NC(=O)C(C)C)ccc13,pubchem_failed
COc1ccc(CNC(=O)N(CC=C)C2CCN(CCC(c3ccccc3)c4ccccc4)CC2)cc1,pubchem_failed
COc1cc2c(Nc3ccc(Cl)cc3F)ncnc2cc1OC[C@@H]4CCCN(C)C4,pubchem_failed
CN(c1cccc(CO)c1)c2ccnc(Nc3cc(cc(c3)N4CCOCC4)N5CCOCC5)n2,pubchem_failed
C[C@H](CO)Nc1nc(SCc2csc(C)n2)nc3NC(=O)Sc13,pubchem_failed
Cn1nnc(n1)c2ccc(cn2)c3ccc(cc3F)N4C[C@H](COc5ccon5)OC4=O,pubchem_failed
CS(=O)(=O)c1cccc(Nc2nccc(Nc3cccc4OCOc34)n2)c1,pubchem_failed
NC(=O)c1cnc(N[C@H]2CCCNC2)c3cc(sc13)c4ccc(F)cc4F,pubchem_failed
CCN(C(=O)c1oc(cc1)c2ccc(Cl)cc2)c3ccc(cc3)N4CCNCC4,pubchem_failed
O=C(CCN1CCCCC1)Nc2ccc(C3=CC=CN4C(=O)C=C(N=C34)N5CCOCC5)c6sc7ccccc7c26,pubchem_failed
Cc1ccc(cc1)S(=O)(=O)N2CCN(CC2)C(=O)c3occc3,pubchem_failed
CC(C)(C)OC(=O)N1CCN(CC1)c2ncc(OCc3ccncc3F)cn2,pubchem_failed
Cc1ccc(CN2C(=O)CCSc3ccc(Cl)cc23)cc1,pubchem_failed
CC(C)C(NC(=O)CN1C(=O)c2nc(O)nc(O)c2C=C1c3ccccc3)C(=O)C(F)(F)F,pubchem_failed
NC(=O)c1cccc(C[C@@H]2C[C@H]3CC[C@@H](C2)N3Cc4ccccc4)c1,pubchem_failed
O=C1N(C(=Nc2c1cnn2c3ccccc3)c4occc4)c5ccccc5,pubchem_failed
Clc1ccc(OC2CCN(CC2)C3CCN(CC3)C(=O)C4=CNC(=O)c5ccccc45)cc1Cl,pubchem_failed
COc1ccc2OCC(=O)N(CCN3CCC(CC3)NCc4ccc5OCC(=O)Nc5n4)c2c1,pubchem_failed
Nc1ncnc2c1nc(Sc3nc4cccc(Cl)c4s3)n2CCO,pubchem_failed
COc1cc2ncnc(Nc3cc(NC(=O)c4cccc(c4)N5CCOCC5)ccc3C)c2cc1OC,pubchem_failed
Cc1ccccc1C(=O)N2CCN(CC2)c3ccccn3,pubchem_failed
OC(=O)[C@H](Cc1ccc(F)cc1)N2CCC(CN3CCC(CC3)Oc4ccc(Cl)cc4Cl)CC2,pubchem_failed
COc1ccc(c(OC)c1)c2cncc(CNC3CCCC3)n2,pubchem_failed
COC1CCN(CC1)C(=O)C2CCN(CCc3c([nH]c4sc(cc34)C(C)(C)C(=O)N5C6CCC5CC6)c7cc(C)cc(C)c7)CC2,pubchem_failed
C1NCC(CC=C1)c2oc3ccccc3c2,pubchem_failed
O[C@H](CNC(=O)C1=CC(=O)Nc2ccccc12)CN3CCC(CC3)Oc4ccc(Cl)c(Cl)c4,pubchem_failed
CC(C)C(NC(=O)CN1C(=O)C(=CN=C1C(C)C)NC(=O)OCc2ccccc2)C(=O)C(F)(F)F,pubchem_failed
CCN(CC)C(=O)c1ccc(cc1)[C@@H](N2CCN(CCOC)CC2)c3cccc(NC(=O)C4CC4)c3,pubchem_failed
CN(C)CCCNS(=O)(=O)c1ccc(Nc2nccc(n2)c3cnc4ccccn34)cc1,pubchem_failed
Cc1nc2ncnn2c(O)c1CCOC(=O)c3c(F)cccc3F,pubchem_failed
NC(=O)c1cccc(N[C@H]2C[C@H]3CC[C@@H](C2)N3Cc4ccccc4)c1,pubchem_failed
Clc1ccc(cc1)c2cn3ccccc3n2,pubchem_failed
CN1CCC(CC1)Oc2nccc(Nc3cc(NC(=O)c4ccnc(c4)N5CCOCC5)ccc3C)n2,pubchem_failed
Nc1nc(NCc2ccccc2)nc3c1nc(O)n3Cc4ccccc4,pubchem_failed
CCN(C1CCN(CC[C@H](C2CCN(CC2)S(=O)(=O)C)c3cccc(F)c3)CC1)C(=O)Cc4ccc(cc4)S(=O)(=O)C,pubchem_failed
Cc1nc(C)c(nc1C(=O)N)c2ccc([C@@H]3CC[C@H](CC(=O)O)CC3)c(Cl)c2,pubchem_failed
CN(CCOc1ccc(C[C@H](Nc2ccccc2C(=O)c3ccccc3)C(=O)O)cc1)c4oc5ccccc5n4,pubchem_failed
Cc1cccc(c1)C(=O)N2CCC(CC2)C(=O)c3ccc(F)cc3,pubchem_failed
Clc1ccc(cc1Cl)[C@@H]2CNCC=CC2,pubchem_failed
COC(=O)c1ccc(CN2NC(=O)C3=C(C2=O)C(=O)c4ccc(Cl)cc4N3)cc1,pubchem_failed
CCN(CC)c1ncnc2c1ncn2Cc3c(Cl)cccc3Cl,pubchem_failed
COc1cc(ccc1Nc2ncc(Cl)c(n2)c3cnc4ccccn34)N5CC6CNCC(C5)O6,pubchem_failed
CCCS(=O)(=O)N1N=Cc2cc(Cl)ccc2B1O,pubchem_failed
CNc1ccc2ncc(c3cccc(O)c3)n2n1,pubchem_failed
CC(=O)Nc1cccc(Nc2nc(NC3CC3)n4ncc(C#N)c4n2)c1,pubchem_failed
CN1CCN(CC1)C(=O)c2cc(CC3=NNC(=O)c4ccccc34)ccc2F,pubchem_failed
C[C@H](CO)Nc1nc(SCc2cccc(F)c2F)nc3nc(N)cnc13,pubchem_failed
Cc1cc(CN2Cc3ccccc3C2C(=O)Nc4ccc(Cl)cc4Cl)ccc1OCC(=O)O,pubchem_failed
CC(C)C(NC(=O)CN1C(=O)C(=CC=C1c2ccccc2)N)C(=O)C(F)(F)F,pubchem_failed
CCOc1ccc(cc1)N2C(=O)c3cccnc3N=C2[C@@H](C)N(Cc4cccnc4)C(=O)Cc5ccc(OC(F)(F)F)cc5,pubchem_failed
COc1cc2nc(Nc3ccc(cc3)[C@@H](C)NC(=O)C)ncc2cc1c4ccncc4,pubchem_failed
O=C(Nc1nccs1)[C@H](CC2CCOCC2)c3ccc(cc3)S(=O)(=O)C4CC4,pubchem_failed
Cc1cccc(NS(=O)(=O)c2cccc3nonc23)c1,pubchem_failed
CCOc1cc2nnc(C(=O)N)c(Nc3cc(C)ccc3F)c2cc1N4CCN(C)CC4,pubchem_failed
O=S(=O)(Nc1ccccc1c2ccccc2)c3ccccc3,pubchem_failed
Cc1c(Cl)ccc(OC2CCN(C[C@H](O)CNC(=O)C3=CNC(=O)C=C3C(F)(F)F)CC2)c1Cl,pubchem_failed
Cc1ccc(cc1NC(=O)c2ccc(OCc3ccccn3)cc2)c4ccc(N)nn4,pubchem_failed
CC[C@H](NC(=O)c1c([S+](C)[O-])c(nc2cc(Cl)ccc12)c3ccccc3)c4ccccc4,pubchem_failed
Fc1ccc(cc1)C(NC(=O)CC2CCN(Cc3ccn(c3)c4ccc(cc4)C(F)(F)F)CC2)C5=CNC(=O)C=C5,pubchem_failed
CCS(=O)(=O)c1ccc(c(C)c1)c2cc(ccc2OCC(=O)O)C(F)(F)F,pubchem_failed
CC(N1NC(=O)C2=C(C1=O)C(=O)c3ccc(Cl)cc3N2)c4oc5ccccc5c4,pubchem_failed
Cc1cc(CNc2nccc(Nc3cc(C)[nH]n3)n2)on1,pubchem_failed
CCCC(=O)Nc1ccc2c3ccccc3C(=O)C(=O)c2c1,pubchem_failed
Cc1nc(C)c(nc1C(=O)N)c2ccc(cc2)[C@@H]3CC[C@@H](CCC(=O)O)CC3,pubchem_failed
COc1cc2ncnc(Nc3cccc(Cl)c3F)c2cc1CN4CCC[C@H]4C(=O)N,pubchem_failed
NC(=O)Nc1sc(cc1C(=O)N)c2ccccc2,pubchem_failed
CCCSc1nc(NC)ccc1C(=O)N[C@@H]2C3CC4CC2C[C@@](O)(C4)C3,pubchem_failed
Oc1ccc(cc1)c2oc3c(cc(O)cc3n2)C#N,pubchem_failed
OC(=O)[C@H](Cc1ccc(cc1)C#CCCNc2ccccn2)NC(=O)c3c(Cl)cccc3Cl,pubchem_failed
O=C1CCOc2nc(ccc12)C#CC3CCCCC3,pubchem_failed
Cc1ccc(cc1)N2NC(=O)c3cccnc23,pubchem_failed
Clc1cccc2[nH]ncc12,pubchem_failed
Brc1ccccc1NC(=O)Nc2ccc(C#N)c3[nH]nnc23,pubchem_failed
Nc1ccc(Cl)c(c1)c2oc3cccnc3n2,pubchem_failed
CN(C1CCN(CCC(c2ccccc2)c3ccccc3)CC1)C(=O)c4ccncc4,pubchem_failed
CC(C)n1c(C)ncc1c2ccnc(Nc3ccc(cc3)C#N)n2,pubchem_failed
O[C@@H]1CCN(C1)c2ccc3c(NC(=O)CNc4cccc(c4)C#N)c(Cl)ccc3n2,pubchem_failed
O=C(NC1(CC1)C#N)[C@@H]2CCCC[C@H]2C(=O)N3CCN(CC3)c4nc5CCOCc5s4,pubchem_failed
Fc1ccc(CC2=NNC(=O)c3ccccc23)cc1C(=O)N4CCN(CC4)c5ccccn5,pubchem_failed
CCCCC(CC)CNC(=O)c1ccc2c(c1)c(Cc3ccc(cc3OC)C(=O)NS(=O)(=O)c4ccccc4C)cn2C,pubchem_failed
CCN(C1CCN(CCC(c2ccccc2)c3ccc(cc3)S(=O)(=O)C)CC1)C(=O)Cc4ccc(cc4)S(=O)(=O)C,pubchem_failed
C[C@H](NC(=O)c1c(C)nn(C2CCS(=O)(=O)CC2)c1NS(=O)(=O)c3ccc(C)cc3)C(C)(C)C,pubchem_failed
COCCOc1nc(N)c2NC(=O)N(Cc3ccccc3)c2n1,pubchem_failed
CC(C)N(c1ccnc(Nc2cc(cc(c2)N3CCOCC3)N4CCOCC4)n1)c5cc(CO)ccc5C,pubchem_failed
NC(=O)c1cc(C(=O)N)n(n1)c2cccc(c2)c3cc(ccc3C(F)(F)F)C(F)(F)F,pubchem_failed
CS(=O)(=O)Nc1cc(Nc2nccc(Nc3c(Cl)ccc4OCOc34)n2)cc(c1)C(=O)N,pubchem_failed
Oc1cc(cc(c1)C(F)(F)F)C(=O)Nc2cccc(c2)c3nnn[nH]3,pubchem_failed
N#Cc1cccc(c1)c2cccc(c2)c3nn[nH]n3,pubchem_failed
NC1(CCC1)c2ccc(cc2)c3ncc4cnccc4c3c5ccccc5,pubchem_failed
Fc1ccccc1C(=O)Nc2c(cnn2c3ccccc3)C#N,pubchem_failed
C[C@H](Cc1cccc(CC(=O)NC23CC4CC(CC(C4)C2)C3)c1)NC[C@H](O)c5ccc(O)c(CO)c5,pubchem_failed
Oc1ccc(cc1)c2ccc(cc2)C3(O)CN4CCC3CC4,pubchem_failed
CNC(=O)c1snnc1c2ccccc2,pubchem_failed
CC(C)(C)NC(=O)Nc1cccc(CN2NC(=O)C3=C(C2=O)C(=O)c4ccc(Cl)cc4N3)c1,pubchem_failed
CN1CCN(CC1)c2nc(NCCNc3ccc(cc3)[N+](=O)[O-])c4ccccc4n2,pubchem_failed
OC(=O)CSCC(=O)Nc1nc(cs1)c2ccc(F)cc2,pubchem_failed
OC(=O)[C@H](Cc1ccc(OCCNc2ccccn2)cc1)NC(=O)c3c(Cl)cccc3Cl,pubchem_failed
CC(C)(C)OC(=O)N1CCC(CC1)c2ncc(OCc3ccc(cc3)S(=O)(=O)C)cn2,pubchem_failed
CC(C)CN1C(=O)NC(=O)c2c1sc(Cc3ccccc3C(F)(F)F)c2C(=O)N4CCC4,pubchem_failed
O=C(COCc1ccccc1)Nc2ccc3c(c2)C(=O)C(=O)c4ccccc34,pubchem_failed
OCc1ccc2ccn(c3cc(NC4CC4)n5ncc(C#N)c5n3)c2c1,pubchem_failed
NC1(CCC1)c2ccc(cc2)c3c(ccc4ccnn34)c5ccccc5,pubchem_failed
CN(C1CCN(Cc2ccc(cc2)C(F)(F)F)CC1)C(=O)Cc3ccc(cc3)n4cnnn4,pubchem_failed
CCC(N(CCCN)C(=O)c1ccc(C)cc1)C2=Nc3ccoc3C(=O)N2Cc4ccccc4,pubchem_failed
COc1ccc(N(C(C(=O)NC[C@@H](C)O)c2ccccc2F)C(=O)c3occc3C)c(OC)c1,pubchem_failed
CCCc1c(O)c(ccc1OCc2cccc(NC(=O)Cc3ccccc3C(=O)O)c2)C(=O)C,pubchem_failed
CC(C)OC(=O)N1CC2COCC(C1)C2Oc3ncnc(Oc4cccnc4C)c3C,pubchem_failed
C[C@H](CO)Nc1nc(SCc2cccc(F)c2F)nc3nccnc13,pubchem_failed
NC(=O)c1cnc(c2ccc(cc2)C3(N)CCC3)c(c1)c4ccccc4,pubchem_failed
C[C@H](CO)Nc1nc(SCc2ccccc2)nc3NC(=O)Sc13,pubchem_failed
NCC[C@@H](Oc1cc(Cl)c(F)cc1C#N)c2ccccc2,pubchem_failed
CN(c1ccnc(Nc2cc(OC3CCOCC3)cc(c2)N4CCOCC4)n1)c5cc(CO)ccc5C,pubchem_failed
CC(C)(CO)Nc1nc(SCc2cccc(F)c2F)nc3nc(N)sc13,pubchem_failed
CC(C)(C)NS(=O)(=O)c1cncc(c1)c2ccc3nc(NC(=O)NCC(=O)N4CCCC4)nn3c2,pubchem_failed
O=C(Nc1ccccn1)c2ccccc2,pubchem_failed
ON1C(=O)N(CC2COc3ccccc3O2)c4ccsc4C1=O,pubchem_failed
S(c1ccccc1)c2ccc3ccccc3n2,pubchem_failed
FC(F)(F)c1cc(C(=O)Nc2cccc(c2)c3nnn[nH]3)c4nc[nH]c4c1,pubchem_failed
COC[C@H](C)Oc1cc(Oc2ccc(Cl)cc2)cc(c1)C(=O)Nc3ccc(cn3)C(=O)O,pubchem_failed
C[C@@H]1CN(CCN1C(=O)[C@@H]2CCCC[C@H]2C(=O)NC3(CC3)C#N)c4ccccc4,pubchem_failed
COc1ccc2N=CC(=O)N(CCN3CC[C@@H](NCc4cc5OCCOc5cn4)[C@H](O)C3)c2c1,pubchem_failed
COCCOCCOc1ccc(cc1)c2cc(C(=O)N)c(NC(=O)N)s2,pubchem_failed
C[C@@H](C(=O)NCCN1CCCC1)c2ccc(OS(=O)(=O)C(F)(F)F)cc2,pubchem_failed
Nc1ccc(OCCc2ccccc2)cc1,pubchem_failed
OC(=O)CCc1ccc(OCc2cccc(Br)c2)cc1,pubchem_failed
Fc1cnc(NC(=O)C(CC2CCOCC2)c3ccc(cc3)S(=O)(=O)C4CC4)s1,pubchem_failed
CC(C)n1c(C)ncc1c2nc(Nc3ccc(cc3)C(=O)NC4CCN(C)CC4)ncc2F,pubchem_failed
CC(C)C(NC(=O)CN1C(=O)C(=CN=C1c2cccs2)NC(=O)OCC(F)(F)F)C(=O)C(F)(F)F,pubchem_failed
ONC(=O)C1COC(=N1)c2ccc(F)c(c2)C(F)(F)F,pubchem_failed
CCCc1c(O)c(ccc1OCCCOc2ccc3C(=O)C=C(Oc3c2CCC)C(=O)O)C(=O)C,pubchem_failed
NS(=O)(=O)c1ccc(Nc2nccc(n2)c3ccccc3)cc1,pubchem_failed
CCN(CC)CCNc1ncnc2c1sc3nc(N4CCOCC4)c5CCCCc5c23,pubchem_failed
CC1CC(NC(=O)C)c2ccccc2N1C(=O)c3ccccc3,pubchem_failed
CCN(CCNCCc1ccc(O)c2NC(=O)Sc12)C(=O)CCOCCc3ccccc3,pubchem_failed
C[C@@H](CO)Oc1cc(Oc2ccc(cc2)S(=O)(=O)C)cc(c1)C(=O)Nc3nccs3,pubchem_failed
COc1cc(OC)c(cc1NC(=O)Cc2ccnc(F)c2)S(=O)(=O)N3C(C)CCc4ccccc34,pubchem_failed
Cc1sc2ncnc(N3CCN(CC3)c4ncccn4)c2c1C,pubchem_failed
OC[C@H](O)CN1C(=O)[C@@H](Cc2ccccc12)NC(=O)c3cc4cc(Cl)sc4[nH]3,pubchem_failed
O[C@@]1(CN2CCC1CC2)C#Cc3ccc(Oc4ccc(cc4)C(=O)NCc5ccncc5)cc3,pubchem_failed
Oc1ccc(N2C(=O)c3ccc(O)cc3C2=O)c(F)c1,pubchem_failed
C[C@H]1COCCN1c2cc(nc(n2)c3cccc4[nH]ccc34)C5(CC5)S(=O)(=O)C,pubchem_failed
Cc1ccc(C[C@H](N2CCC(CN3CCC(CC3)Oc4ccc(Cl)c(Cl)c4)CC2)C(=O)O)cc1,pubchem_failed
COc1ccc(CC(=O)NC(N\C(=N\C#N)\Nc2ccccc2C)C(C)(C)C)cc1OC,pubchem_failed
CN1CC(c2ccc(Cl)cc2)c3ccccc3C1,pubchem_failed
C[C@@H](Oc1ccc(cc1C(=O)N2CCN(CC2)c3ncc(cc3F)C(F)(F)F)S(=O)(=O)C)C(F)(F)F,pubchem_failed
O=C(NCC#N)[C@@H]1CCCC[C@H]1C(=O)N2CCCCC2,pubchem_failed
CNc1cccc(CCOc2ccc(C[C@H](NC(=O)c3ccccc3Cl)C(=O)O)cc2)n1,pubchem_failed
COCCC(=O)N[C@@H](C)c1ccc(Nc2ncc3cc(ccc3n2)c4ccncc4)cc1,pubchem_failed
CCOc1ccccc1c2ccc(cc2)c3nc4ccc(F)cc4c(C(=O)NCCOCCN)c3C,pubchem_failed
Cc1ccc(cc1c2cc(ccc2OCC(=O)O)C(F)(F)F)C#N,pubchem_failed
CS(=O)(=O)c1cccc(Nc2nccc(Nc3cccc4[nH]ncc34)n2)c1,pubchem_failed
COCCNS(=O)(=O)c1ccc(cc1)c2cnc(N)c(n2)C(=O)Nc3cccnc3,pubchem_failed
CN[C@@H](C)C(=O)N[C@@H](C1CCCCC1)C(=O)N[C@H]2CCCN(C2)C(=O)c3ccccc3,pubchem_failed
CS(=O)(=O)c1ccc(cc1)C(CCNC(=O)c2ccc(cc2)C#N)c3ccc(F)cc3,pubchem_failed
Cc1cccc2c(CCNCc3cccc(CCNC[C@H](O)c4ccc(O)c5NC(=O)Sc45)c3)c[nH]c12,pubchem_failed
CC1=CN([C@H]2CCCN(C2)S(=O)(=O)c3ccc(CO)c(Oc4cccc(Cl)c4)c3)C(=O)NC1=O,pubchem_failed
Nc1ncnc2c1ncn2[C@@H]3O[C@H](CSCCCNC(=O)Nc4ccccc4)[C@@H](O)[C@H]3O,pubchem_failed
CC12NC(Cc3ccccc13)c4ccccc24,pubchem_failed
COc1ccc(cc1)N2CCN(CC2)C(=O)[C@@H]3CCCC[C@H]3C(=O)NC4(CC4)C#N,pubchem_failed
C[C@@H]1CN([C@@H](CO1)c2ccccc2)c3ccc4OCC(=O)Nc4n3,pubchem_failed
CC(C)c1ccc2[nH]c3CCN(Cc3c2c1)C(=O)[C@@H]4CCCC[C@H]4C(=O)NC5(CC5)C#N,pubchem_failed
Cc1nc2ccccn2c1c3ccnc(Nc4cccc(Cl)c4)n3,pubchem_failed
OC(=O)COc1ccc(Cl)cc1CN2CCN(CC2)S(=O)(=O)c3ccc(F)cc3,pubchem_failed
Oc1ccc(CCNCCCS(=O)(=O)NCCOCCSc2ccccc2)c3sc(O)nc13,pubchem_failed
CCc1nc2ccc(cn2c1N(C)Cc3cccs3)C(=O)NCc4ccc5OCOc5c4,pubchem_failed
COCc1ccoc1C(=O)N(C(C(=O)NC[C@@H](C)O)c2ccccc2F)c3ccc(OC)cc3OC,pubchem_failed
COc1cc(F)ccc1c2cncc(CNC3CCC3)n2,pubchem_failed
Cc1cccc(Nc2ncnc3ccc(NC(=O)C=C)cc23)c1,pubchem_failed
CCN(CC)C(=O)c1ccc2[nH]c(c(CCNCCCCc3ccncc3)c2c1)c4cc(C)cc(C)c4,pubchem_failed
Nc1ncc(cc1c2oc3ccccc3n2)c4cnn(c4)C5CCNCC5,pubchem_failed
Nc1cc(nc2c(cnn12)C#N)c3ccc(F)cc3,pubchem_failed
NS(=O)(=O)c1cccc(Nc2nccc(Nc3cccc4[nH]ncc34)n2)c1,pubchem_failed
Cc1nc(CS(=O)(=O)c2ccccc2)cc(n1)N3CCOCC3,pubchem_failed
Nc1cc(nc2ccccc12)c3ccccc3,pubchem_failed
CN(C1CCN(Cc2ccc(nc2)C(F)(F)F)CC1)C(=O)Cc3ccc(cc3)n4cnnn4,pubchem_failed
COc1ccc(cc1)c2cc3c(N[C@H]4CCCNC4)ncc(C(=O)N)c3s2,pubchem_failed
NC(=N)c1cc2c(cccc2s1)c3ccccc3,pubchem_failed
Clc1ccc(CN2C(=O)C(=O)c3ccccc23)cc1,pubchem_failed
COc1ccccc1O[C@H]([C@@H]2CNCCO2)c3ccccc3,pubchem_failed
CCCNC(=O)c1nnc2c(cccc2c1N)c3ncccn3,pubchem_failed
O[C@@H](CNCCc1ccc(CNCCc2c(Cl)cccc2Cl)cc1)c3ccc(O)c4NC(=O)Sc34,pubchem_failed
CC1CN(CCN1Cc2cc(Cl)ccc2OCC(=O)O)S(=O)(=O)c3ccccc3,pubchem_failed
Clc1ccc(cc1)C2CCN(CC2)C(=O)COCc3ccncc3,pubchem_failed
CC(O)(C(=O)Nc1ccc(cc1)S(=O)(=O)c2ccncc2)C(F)(F)F,pubchem_failed
CCN(CC)CCN1C(=O)[C@@](O)(c2ccccc2Cl)c3c1cc(cc3C(F)(F)F)C(=O)N,pubchem_failed
OCCNS(=O)(=O)c1ccc2C(=CNC(=O)c2c1)C(=O)NC[C@@H](O)CN3CCC(CC3)Oc4ccc(Cl)c(Cl)c4,pubchem_failed
CN(c1ccnc(Nc2cc(nc(c2)N3CCOCC3)N4CCOCC4)n1)c5cc(CO)ccc5C,pubchem_failed
CC1=C(OCc2ccc(F)cc2)C(=O)C=CO1,pubchem_failed
Clc1ccc(cc1)C(=O)Cc2ccccn2,pubchem_failed
COc1nc(Br)cnc1NS(=O)(=O)c2cccc3c(cccc23)N(C)C,pubchem_failed
NC(=O)c1sc2nccc(Nc3ccccc3)c2c1N,pubchem_failed
Clc1ccc2C(=O)NC(=Nc2c1)c3ccccc3,pubchem_failed
CCC(Oc1ccc(cc1c2ccc(cc2C)S(=O)(=O)CC)C(F)(F)F)C(=O)O,pubchem_failed
COC(=O)N1CCN([C@@H](CN2CCCC2)C1)C(=O)Cc3ccc(Cl)c(Cl)c3,pubchem_failed
CC(C)n1c(C)ncc1c2ccnc(Nc3ccc(cc3)S(=O)(=O)CCCN(C)C)n2,pubchem_failed
Oc1ccc(Br)c2ccccc12,pubchem_failed
CNC(=O)c1ccc(cc1F)N2C(=S)N(C(=O)C23CCC3)c4ccc(C#N)c(c4)C(F)(F)F,pubchem_failed
CN[C@@H](C)C(=O)N[C@@H](C1CCCCC1)C(=O)N[C@H]2CCCN(CCc3cccc(F)c3)C2,pubchem_failed
CCCC1=CC(=CC(=O)N1Cc2ccc(cc2)c3ccccc3c4nn[nH]n4)OCc5ccccc5,pubchem_failed
O=C(NC1(CC1)C#N)[C@@H]2CCCC[C@H]2C(=O)N3CCN(CC3)c4nccs4,pubchem_failed
CCSc1ccc(cc1)c2cc(ccc2OCC(=O)O)C(F)(F)F,pubchem_failed
COc1ccc(CN2C(=O)CCC2(C)C(=O)NC3CCCCC3)c(OC)c1,pubchem_failed
O=C1C(=O)c2cc(ccc2c3ccccc13)c4ccsc4,pubchem_failed
CN(C)CC(O)COc1ccc(Nc2nccc(Nc3cc(Cl)ccc3Cl)n2)cc1,pubchem_failed
CN(C)CCCNC(=O)c1nc(Cl)c(N)nc1N,pubchem_failed
COc1cc(ccc1Nc2ncc(C#N)c(n2)c3cnc4ccccn34)N5CCN(CC5)C(=O)C,pubchem_failed
CCCCC(CC)CNC(=O)c1cc(ccc1Cl)N2N=CC(=O)NC2=O,pubchem_failed
CN(C)C(=O)N[C@@H]1CC[C@@H](CCN2CCN(CC2)c3ccc(Cl)c(Cl)c3)CC1,pubchem_failed
Oc1c2ncc3ccccc3c2nn1c4ccccc4,pubchem_failed
Cc1c(Sc2ccc(Cl)cc2)c3c(cccc3n1CC(=O)O)c4cnccn4,pubchem_failed
C(Oc1ccccc1)C2CNCCO2,pubchem_failed
COc1ncc(C)cc1c2cccc3c(N)c(nnc23)C(=O)NC4CC4,pubchem_failed
OC(=O)COc1ccc(Cl)cc1CN2CCCN(CC2)S(=O)(=O)c3ccccc3,pubchem_failed
O[C@@H](CNCCc1cccc(CNCCc2c(Cl)cccc2Cl)c1)c3ccc(O)c4NC(=O)Sc34,pubchem_failed
Clc1ccc(OC2CCN(CC2)C3CCN(CC3)C(=O)NS(=O)(=O)c4ccccc4)cc1Cl,pubchem_failed
O=C(N1CCOCC1)N2CCn3cc(C4=C(C(=O)NC4=O)c5cnc6ccccn56)c7cccc(C2)c37,pubchem_failed
CN1CCN(CCCOc2ccc(cc2)c3onc(c3)c4ccc(F)cc4)CC1,pubchem_failed
N#Cc1nc(nc(n1)N2CCOCC2)N3CCOCC3,pubchem_failed
CN1CCN(CC1)C(=O)c2cc3cc(F)ccc3[nH]2,pubchem_failed
Clc1ccc(cc1)C(=O)\C=C\Sc2nc[nH]n2,pubchem_failed
O=C1C2CCC(N2)C(=O)N1Cc3ccccc3,pubchem_failed
Fc1cc2[nH]cnc2cc1Cl,pubchem_failed
CC(=O)Nc1ccc(CNc2[nH]nc3cccc(Oc4ccc(F)cc4)c23)cc1,pubchem_failed
N[C@H](CNC(=O)c1cc2c(cccc2[nH]1)c3ccccc3Cc4ccccc4)C(=O)O,pubchem_failed
CCN(C1CCN(CCC(c2ccccc2)c3ccccc3)CC1)C(=O)NCc4ccc(cc4)S(=O)(=O)C,pubchem_failed
CCN(CC)C(=O)Cc1csc(NS(=O)(=O)c2cccc(Cl)c2C)n1,pubchem_failed
CCCN(CCO)CCCOc1ccc2c(Nc3cc(CC(=O)Nc4cccc(F)c4F)[nH]n3)ncnc2c1,pubchem_failed
CCCc1c(cnn1c2ccccc2)C(=O)Nc3cc(C)on3,pubchem_failed
O=C(CC1CCCCCC1)Nc2cccc3C(=O)N(C=Cc23)[C@H]4CCNC4,pubchem_failed
Cc1ccc(cc1NC(=O)c2ccc(OCc3ccccn3)cc2)c4ncc(CN5CCOCC5)s4,pubchem_failed
Cc1oc(cc1C(=O)Nc2cccc(c2)C(=O)O)c3ccccc3,pubchem_failed
CCN(CC)C(=O)c1ccc(cc1)C(=C2CCN(Cc3ccc(F)cc3)CC2)c4cccc5cccnc45,pubchem_failed
CCN(CC)S(=O)(=O)c1ccc(NC(=O)C(C)(O)C(F)(F)F)cc1,pubchem_failed
COc1ccc2NC(=O)C(NC(=O)c3ccccc3OC)N=C(c4ccccc4)c2c1,pubchem_failed
CC(CO)(CO)Nc1nc(SCc2cccc(F)c2F)nc3nc(N)sc13,pubchem_failed
C[C@@H](Oc1ccc(SCCCCCc2ccccc2)cc1)C(=O)c3nc(C)c(CCCC(=O)O)s3,pubchem_failed
COC(=O)COc1ccc(OCCNCC(O)COc2ccccc2)cc1,pubchem_failed
COc1ccnc(CSc2nc3ccccc3[nH]2)c1,pubchem_failed
Oc1cccc(O[C@H]2C[C@H]3CC[C@@H](C2)N3Cc4ccccc4)c1,pubchem_failed
Oc1c2C(=O)N(NC(=O)c2nc3cc(Cl)ccc13)C(C4CC4)c5ccccn5,pubchem_failed
CN(C1CCN(Cc2ccc(cc2)C(F)(F)F)CC1)C(=O)Cc3ccc(cc3F)S(=O)(=O)C,pubchem_failed
Fc1ncccc1OC[C@@H]2CCN2,pubchem_failed
Oc1cccc(NC(=O)c2ccc(OCCCN3CCCC3)cc2OCc4ccccc4C#N)c1,pubchem_failed
COc1ccc(cc1)c2nc3c(NCCCNC(=O)C)c(Br)cnc3[nH]2,pubchem_failed
COc1ccc(N(C(C(=O)NC2CCCC2)c3ccccc3F)C(=O)c4ccccc4)c(OC)c1,pubchem_failed
Cc1ccnc(NCc2ccc(Cl)cc2)c1,pubchem_failed
CCN(c1ccnc(Nc2cc(cc(c2)N3CCOCC3)N4CCOCC4)n1)c5cc(CO)ccc5C,pubchem_failed
CCN(CCO)CCCOc1cc2ncnc(Nc3cc(CC(=O)Nc4cccc(F)c4)[nH]n3)c2cc1OC,pubchem_failed
CCCc1c(O)c(ccc1OCc2ccc(cc2OC)c3nn[nH]n3)C(=O)C,pubchem_failed
Nc1nc(N)c(c(COCc2ccccc2)n1)c3ccc(NC(=O)C4CC4)cc3,pubchem_failed
O=C(N1CCOCC1)c2ccc(cc2)C(=C3CCN(Cc4cscn4)CC3)c5cccc6cccnc56,pubchem_failed
Clc1ccc(OC2CCN(CC2)C3CCN(CC3)C(=O)NS(=O)(=O)Cc4ccccc4)cc1Cl,pubchem_failed
C[C@@H](Oc1nc(Nc2cc(C)[nH]n2)c(C)nc1C#N)c3ccc(F)cn3,pubchem_failed
O[C@]1(CN2CCC1CC2)C#Cc3ccc(Oc4ccc(cc4)C(=O)NCc5ccncc5)cc3,pubchem_failed
COc1cc(Nc2cc(Oc3cc(C)c(C)nc3c4ccccn4)ccn2)cc(OC)c1OC,pubchem_failed
CSc1nc(C(=O)N)c(N)s1,pubchem_failed
COc1cccc(CNc2nc(NC(C)C)nc3ccsc23)c1OC,pubchem_failed
OCCN1C=Cc2c(NC(=O)Cc3ccc(Cl)c(c3)C(F)(F)F)cccc2C1=O,pubchem_failed
C[C@H](NC(=O)c1c(C)nn(C2CCOCC2)c1NS(=O)(=O)c3ccc(cc3)C4CC4)C(C)(C)C,pubchem_failed
CCC(NC(=O)c1ccc(C)cc1)C2=Nc3ccsc3C(=O)N2Cc4ccccc4,pubchem_failed
OC[C@@H](O)CN1C(=O)[C@H](Cc2ccccc12)NC(=O)c3cc4cc(Cl)sc4[nH]3,pubchem_failed
COc1ccc2N=CC(=O)N(CCN3CC[C@@H](NCc4ccc5OCC(=O)Nc5n4)[C@@H](O)C3)c2c1,pubchem_failed
C[C@H](NC1=NC(=O)[C@@](C)(S1)C(F)(F)F)c2ccccc2F,pubchem_failed
C[C@@H](N)COc1c(C)cccc1C,pubchem_failed
CC1N=C(N)N=C(N)N1c2ccc(Cl)cc2,pubchem_failed
COc1cc2ncnc(Nc3cc(Cl)ccc3F)c2cc1OCCCN4CCOCC4,pubchem_failed
COc1ccc2nc3ccccc3c(N)c2c1,pubchem_failed
Cc1ccc2c(c1)c(c(C)n2CC(=O)O)c3ccnc4c(cccc34)C(F)(F)F,pubchem_failed
CC[C@H](NC(=O)c1c([S+](C)[O-])c(nc2ccccc12)c3ccsc3)c4ccccc4,pubchem_failed
C[C@@H]1CN(C[C@H](C)O1)c2nc(N3CCOCC3)c4ccc(Nc5ccccc5)nc4n2,pubchem_failed
COc1ccc(cc1OC)C(=O)Nc2cc(NC(=O)c3cccc(c3)N(C)C)ccc2C,pubchem_failed
CNCc1cccc(c1)c2ccc3c(nc(nc3n2)N4C[C@@H](C)O[C@@H](C)C4)N5CCOCC5,pubchem_failed
COc1ccc(cc1)c2nc3c(OCC4CCNCC4)c(Br)cnc3[nH]2,pubchem_failed
COc1ccc(cc1)c2nc3c(NCCCNC(=O)c4ccccc4)c(Br)cnc3[nH]2,pubchem_failed
C[C@H]1O[C@H]([C@H](O)[C@@H]1O)n2cnc3c(N)nc(OCC4CC(F)(F)C4(F)F)nc23,pubchem_failed
Cc1ccc(cc1NC(=O)c2ccc(OCc3ccccn3)cc2)c4ncc[nH]4,pubchem_failed
Nc1cc(ncn1)c2ccccc2,pubchem_failed
Clc1ccc2C(=O)C3=C(Nc2c1)C(=O)NN(Cc4cc5ccccc5s4)C3=O,pubchem_failed
OC(=O)[C@H](Cc1ccc(OCCCNc2ccccn2)cc1)NC(=O)c3c(Cl)cccc3Cl,pubchem_failed
CC(C)(C)OC(=O)N1CCN(CC1)c2cnc(OCc3ccc(cc3)S(=O)(=O)C)cn2,pubchem_failed
Oc1ccc(CCNCCS(=O)(=O)CCCOCCNc2ccccc2)c3sc(O)nc13,pubchem_failed
C[C@H](Nc1ncc(F)c(Nc2cc(C)[nH]n2)n1)c3ncc(F)cn3,pubchem_failed
COc1cc2c(Nc3ccc(F)c(Cl)c3)c(cnc2cc1OCCN(C)CCO)C(=O)N,pubchem_failed
CC(N1C(=O)c2ccccc2C1=O)C(=O)N3CCc4ccccc4C3,pubchem_failed
Nc1ccc(cc1)C2(CCCCC2)c3ccc(N)cc3,pubchem_failed
C[C@@](O)(C(=O)Nc1ccc(cc1Cl)S(=O)(=O)C)C(F)(F)F,pubchem_failed
CCS(=O)(=O)Nc1cccc2c1c(Oc3ccc(Cl)cc3)c(C)n2CC(=O)O,pubchem_failed
CNc1cccc(CCOc2ccc(C[C@H](NC(=O)c3ccc(F)cc3Cl)C(=O)O)cc2)n1,pubchem_failed
CCCc1c(O)c(ccc1OCc2ccc(cc2)c3nn[nH]n3)C(=O)C,pubchem_failed
COc1cc(OC)c(cc1NC(=O)C)S(=O)(=O)N(C)c2ccccc2,pubchem_failed
OCCCN(Cc1ccc(F)cc1)C(=O)CC2CCN(Cc3ccn(c3)c4ccc(cc4)C(F)(F)F)CC2,pubchem_failed
CN(C1CCN(Cc2ccc(cc2)c3noc(C)n3)CC1)C(=O)Cc4ccc(cc4)n5cnnn5,pubchem_failed
CCCCNc1nc(SCCC)nc2c1nnn2[C@@H]3C[C@H](CO)[C@@H](O)[C@H]3O,pubchem_failed
CN[C@@H](C)C(=O)N[C@H](C(=O)N[C@H]1CCCN(CCc2ccccn2)C1)C(C)(C)C,pubchem_failed
CC1CN(Cc2cc(Cl)ccc2OCC(=O)O)CCN1S(=O)(=O)c3ccccc3,pubchem_failed
O[C@H](CNC(=O)C1=CNC(=O)c2ccc(F)cc12)CN3CCC(CC3)Oc4ccc(Cl)c(Cl)c4,pubchem_failed
CC(C)CN1C(=O)N(C)C(=O)c2c1sc(Cc3ccccc3C(F)(F)F)c2S(=O)(=O)N4CC[C@@H](O)C4,pubchem_failed
Cc1ccccc1S(=O)(=O)NC(=O)N2CCC(CC2)N3CCC(CC3)Oc4ccc(Cl)c(Cl)c4,pubchem_failed
COc1cccc(n1)N(C)c2ccnc(Nc3cc(cc(c3)N4CCOCC4)N5CCOCC5)n2,pubchem_failed
OC(=O)c1cn(Cc2ccccc2)c3ccccc13,pubchem_failed
CCN1CCN(Cc2cnc(c(Cl)c2)c3ccc(cc3)C(=O)Nc4ccccc4N)CC1,pubchem_failed
CNC(=O)Nc1cc(sc1C(=O)N)c2ccccc2,pubchem_failed
CCCSc1ncccc1C(=O)NC2CCC(F)(F)CC2,pubchem_failed
Cc1ccc(cc1)C(=O)C2CCN(CC2)C(=O)c3ccc(C)cc3,pubchem_failed
COc1cc(ccc1Nc2ncc(Cl)c(n2)c3cnc4cc(CO)ccn34)N5CCN(CC5)C(=O)C,pubchem_failed
Cc1ncc(c2ccnc(Nc3ccc(cc3)S(=O)(=O)N)n2)n1C,pubchem_failed
CNc1nc(C)c(s1)c2nc(Nc3cccc(c3)N4CCNCC4)ncc2C#N,pubchem_failed
Clc1ccc(NC(=O)N2CCN(C[C@H]3CN(CCO3)C4CC4)CC2)cc1Cl,pubchem_failed
CCC(N(CCCN)C(=O)c1ccccc1)C2=Nc3ccsc3C(=O)N2Cc4ccccc4,pubchem_failed
NC1=NC(Nc2cccc(F)c12)c3cccs3,pubchem_failed
Cn1cncc1c2c3C(=O)N(CC=C)C(=O)N(CC4CC4)c3nn2Cc5ccnc6ccc(Cl)cc56,pubchem_failed
c1ccc(cc1)c2c[nH]c(n2)c3ccccc3,pubchem_failed
O[C@H]1CN(CCN2C(=O)C=Cc3ccc(cc23)C#N)CC[C@H]1NCc4cc5OCCOc5cn4,pubchem_failed
Cc1c(CCC(=O)O)c[nH]c1\C=C\2/C(=O)Nc3ccccc23,pubchem_failed
COCCOc1cc2ncc(C(=O)N)c(Nc3ccc(C)cc3F)c2cc1N4CCN(C)CC4,pubchem_failed
COc1cc2ncnc(Nc3cccc(Cl)c3F)c2cc1OC4CCN(C)CC4,pubchem_failed
Clc1cccc(Cl)c1\C(=C\n2cncn2)\OC3CCCCCC3,pubchem_failed
Brc1oc(cc1)c2nc3cc(NS(=O)(=O)c4ccccc4)ccc3[nH]2,pubchem_failed
Nc1c2C(=O)N(Cc2nc3c(cccc13)c4ncccn4)C5CCC5,pubchem_failed
COc1ccc(cc1)c2c(C)[nH]nc2c3ccc(O)cc3O,pubchem_failed
CC(N1Cc2ccccc2C1=O)c3ccccc3,pubchem_failed
COc1ccc(N(C(C)C(=O)NC2CCCC2)C(=O)c3ccccc3)c(OC)c1,pubchem_failed
NC1=NC(=CC(=O)N1)CCc2ccccc2,pubchem_failed
COCCOc1ccc(Nc2ncc3cc(ccc3n2)c4ccncc4)cc1,pubchem_failed
C[C@H](Nc1nc(Nc2cc(C)[nH]n2)c(F)cc1C#N)c3ccc(F)cn3,pubchem_failed
OC(=O)CN1C(=O)C(Cc2ccccc12)NC(=O)c3cc4sc(Cl)c(Cl)c4[nH]3,pubchem_failed
Fc1ccccc1c2ccc3c(c2)C(=O)C(=O)c4ccccc34,pubchem_failed
Cc1cc(C)cc(CCOCCS(=O)(=O)NCCNCCc2ccc(O)c3nc(O)sc23)c1,pubchem_failed
Cc1ccc2c(N)c(C#N)sc2n1,pubchem_failed
O=S(=O)(Nc1ccc(cc1)S(=O)(=O)Nc2nccs2)c3ccc4OCCOc4c3,pubchem_failed
COc1ccc(cc1)C(CNC(=O)Nc2ccccc2)N3CCN(C)CC3,pubchem_failed
COc1ccc(Nc2cc(Oc3cc(C)c(C)nc3c4ccccn4)ccn2)cc1,pubchem_failed
COc1ccc(NC(=O)c2ccc(c(C)c2)c3ccncc3)cc1N4CCN(C)CC4,pubchem_failed
CCCSc1ncccc1C(=O)N(C)C2CCCCC2,pubchem_failed
CCOC(=O)C1=Cc2ccc(O)cc2OC1=O,pubchem_failed
COc1cc2ncnc(Nc3ccc(F)c(Cl)c3)c2cc1OC,pubchem_failed
OC(=O)COc1ccc(cc1c2ccccc2)[N+](=O)[O-],pubchem_failed
CCCSc1c(cnn1c2cccc(c2)C(=O)O)C(=O)NC3CCCCC3,pubchem_failed
NC(=O)Nc1sc(cc1C(=O)N[C@H]2CCCNC2)c3ccsc3,pubchem_failed
CCN1N(C2CCCC2)c3nc(Nc4ccc(cc4OC)C(=O)NC5CCN(C)CC5)ncc3N(C)C1=O,pubchem_failed
COc1ccccc1Oc2ccc(cc2)N(Cc3cccnc3)S(=O)(=O)CC(F)(F)F,pubchem_failed
O=C1C=C(C=CN1c2ccc3c(cnn3CCN4CCCC4)c2)c5ccccc5,pubchem_failed
CC1=NC(=C(NC1=O)c2ccccc2)c3ccc(CN4CCC(CC4)N5C(=O)Nc6ccccc56)cc3,pubchem_failed
Clc1ccc(N2CCN(CC2)C(=O)COCc3ccccn3)c(Cl)c1,pubchem_failed
CC(C)C[C@H](N1CCC[C@@H](C1)N2C=C(C)C(=O)NC2=O)c3ccc(C(=O)O)c(Oc4cccc(Cl)c4)c3,pubchem_failed
OC1CCN(CC1)C(=O)c2ccc(cc2)C(=C3CCN(Cc4cscn4)CC3)c5cccc6cccnc56,pubchem_failed
CCC(N(CC1CCNCC1)C(=O)c2ccc(C)cc2)C3=Nc4ccsc4C(=O)N3Cc5ccccc5,pubchem_failed
CC(C)n1c(C)ncc1c2nc(Nc3ccc(cc3)C(=O)N4CC[C@@H](C4)N(C)C)ncc2F,pubchem_failed
COc1ccc(NC(=O)c2oc(Nc3ccccc3F)nn2)cn1,pubchem_failed
Cc1ccc(CCCOCCS(=O)(=O)CCCNCCc2ccc(O)c3nc(O)sc23)s1,pubchem_failed
O[C@H](CNC(=O)c1cn2cc(F)ccc2n1)CN3CCC(CC3)Oc4ccc(Cl)c(Cl)c4,pubchem_failed
OC(=O)[C@H](Cc1ccc(CCCCNc2ccccn2)cc1)NC(=O)c3c(Cl)cccc3Cl,pubchem_failed
CCNC(=O)c1cc2c(c(cnc2[nH]1)c3cncc(c3)C(=O)NC)n4ccc(n4)C(F)(F)F,pubchem_failed
COc1cc(ccc1Cn2cnc3ccc(NC(=O)CC4CCCC4)cc23)C(=O)NS(=O)(=O)c5ccccc5,pubchem_failed
NC(=N)c1cc2c(I)cccc2s1,pubchem_failed
Oc1ccc(cc1)C2=CC(=O)c3ccccc3N2,pubchem_failed
Cc1ccc(CCOCCNS(=O)(=O)CCCNCCc2ccc(O)c3nc(O)sc23)cc1,pubchem_failed
CCn1c(SCC(=O)Nc2c(cnn2c3ccccc3)C#N)nnc1c4cccs4,pubchem_failed
Nc1ncnc2c1ncn2Cc3ccccc3,pubchem_failed
CC(C)C[C@@H](CO)NS(=O)(=O)c1ccc(Cl)s1,pubchem_failed
CC(C)OC(=O)N1CCC(CC1)Oc2ncnc(Oc3ccc(cc3F)S(=O)(=O)C)c2C,pubchem_failed
CCC(N(CCCN)C(=O)c1ccc(cc1)C(C)C)C2=Nc3ccsc3C(=O)N2Cc4ccccc4,pubchem_failed
CC(C)C(NC(=O)CN1C(=O)C(=CC=C1c2cccc(c2)C(=O)O)NC(=O)OCc3ccccc3)C(=O)C(F)(F)F,pubchem_failed
COc1cc(ccc1Cc2c[nH]c3ccc(NC(=O)CC4CCCC4)cc23)C(=O)NS(=O)(=O)c5ccccc5C,pubchem_failed
CC(=O)Nc1ccc(Nc2ncc3cc(ccc3n2)c4ccncc4)cc1,pubchem_failed
COCCNc1nc(N)c2nc(O)n(Cc3ccccc3)c2n1,pubchem_failed
OC(=O)C1=CN(C2CC2)c3cc(N4CCN(CC4)C(=O)CC[N+](=O)[O-])c(F)cc3C1=O,pubchem_failed
Cc1ccc(CN2[C@@H]3CC[C@H]2C[C@@H](C3)Oc4cccc(c4)C(=O)N)s1,pubchem_failed
C[C@H](CO)Nc1nc(SCc2cccc(F)c2F)nc3NC(=O)C=Cc13,pubchem_failed
COc1cc2ncnc(Nc3ccc(F)cc3)c2cc1OC,pubchem_failed
C[C@H](Nc1nc(Nc2ncc(C#N)s2)cc(n1)N3CCOCC3)c4ccc(F)cn4,pubchem_failed
COc1cc(OC)c(cc1NC(=S)NCC(=O)O)S(=O)(=O)N2C(C)CCc3ccccc23,pubchem_failed
COc1ccccc1CNC(=O)c2ccc3cnccc3n2,pubchem_failed
CC(=O)Nc1ccc2c(c1)c(cn2C)c3cc(NC4CC4)n5ncc(C#N)c5n3,pubchem_failed
CCOc1cc(Nc2nc3c(cc2F)ncn3[C@@H](CO)c4ccc(F)cn4)n[nH]1,pubchem_failed
CC1=CN([C@H]2CCCN(C2)S(=O)(=O)c3ccc(C(=O)N)c(Oc4cccc(Cl)c4)c3)C(=O)NC1=O,pubchem_failed
NC1=CC2=NNC(=O)N2c3cc(ccc13)c4occc4,pubchem_failed
Clc1ccccc1C(=O)NCC23CC4CC(CC(C4)C2)C3,pubchem_failed
Nc1nccc(n1)c2cccs2,pubchem_failed
CN1CCC(CC1)(C#N)c2cccc3ccccc23,pubchem_failed
COc1cc2ncc(C(=O)N)c(Nc3cccc(Cl)c3Cl)c2cc1OC,pubchem_failed
CC[C@H](NC(=O)c1c(CS(=O)(=O)C)c(nc2ccccc12)c3ccccc3)c4ccccc4,pubchem_failed
COc1ccc2c(c1)c(c(C)n2CC(=O)O)c3ccnc4cc(Cl)ccc34,pubchem_failed
Nc1nc(OC2CCCC2)nc3c1ncn3[C@@H]4O[C@H](CO)[C@H](Cl)[C@H]4O,pubchem_failed
COc1cc2N(CCN3CCC(CC3)NCc4cc5OCCOc5cn4)C(=O)C=Cc2cn1,pubchem_failed
O=C(NCC12CC3CC(CC(C3)C1)C2)c4ccccc4,pubchem_failed
Cc1ccn2c(NC(=O)c3ccccc3)c(nc2c1)c4cccs4,pubchem_failed
Fc1cc(ccc1C2=CCOCC2)N3C[C@H](COc4ccon4)OC3=O,pubchem_failed
OC(=O)COc1cccc(c1)N2CCC(CN3CCC(CC3)Oc4ccc(Cl)c(Cl)c4)CC2,pubchem_failed
Oc1cccc(NC(=O)c2ccc(OCCCN3CCCC3)cc2OCc4ccc(F)cc4)c1,pubchem_failed
Cc1cc(NCc2ccccc2)nc3ccccc13,pubchem_failed
Cc1c(cnn1c2ccc(cc2)C(=O)O)C(=O)NC3C4CC5CC(CC3C5)C4,pubchem_failed
NC(=O)Nc1sc(cc1C(=O)N[C@H]2CCCNC2)c3cc(F)cc(F)c3,pubchem_failed
COc1ccc(cc1)c2cc(ccc2OCC(=O)O)C(F)(F)F,pubchem_failed
Nc1ccccc1NC(=O)c2ccccn2,pubchem_failed
O=C(Nc1nccs1)c2cccnc2,pubchem_failed
Nc1nc(nc(N)c1Cc2ccccc2F)c3ccccn3,pubchem_failed
COc1ccc2C(=CC(=O)N(CCN3CCC(CC3)NCc4cc5OCCOc5cn4)c2c1)C,pubchem_failed
N#Cc1cnn2c(NC3CC3)cc(nc12)c4cccs4,pubchem_failed
OC(=O)COc1ccc(Cl)cc1c2cccc(c2)C#N,pubchem_failed
CCC(CC)NC(=O)c1cn(nc1NS(=O)(=O)c2ccc(C)cc2)c3ccccc3,pubchem_failed
FC(F)(F)c1nnc2ccc(nn12)N3CCCC3,pubchem_failed
COc1cc2c(Nc3cc(CC(=O)Nc4cccc(F)c4F)[nH]n3)ncnc2cc1OCCCN5CCC[C@@H]5CO,pubchem_failed
CC(NC(=O)C1(N)CCN(CC1)c2ncnc3[nH]ccc23)c4ccccc4,pubchem_failed
O=C1COc2ccc(CNC3CCN(CCN4C(=O)COc5ccc(cc45)c6occc6)CC3)nc2N1,pubchem_failed
CCC(N(CCCN)C(=O)c1ccc(C)cc1)C2=Nc3sccc3C(=O)N2Cc4ccccc4,pubchem_failed
O=C(CN1CCOCC1)Nc2ccc(cc2c3ccccc3)c4cccc5C(=O)C=C(Oc45)N6CCOCC6,pubchem_failed
Cc1onc(CO)c1C(=O)Nc2nccs2,pubchem_failed
Cc1ccnc(NCc2c(O)ccc3ccccc23)c1,pubchem_failed
COc1ccc(C(CN2CCCC2)N(C)C(=O)Cc3ccc(Cl)c(Cl)c3)c(OC)c1,pubchem_failed
CNC(=O)c1ccc(Nc2ncc(F)c(n2)c3cnc(C)n3C(C)C)cc1F,pubchem_failed
COc1cc2ncnc(Nc3ccc(F)c(Cl)c3)c2cc1OCCCN4CCCCC4,pubchem_failed
CN[C@H]1CCN(C1)C(=O)c2ccc(Nc3nccc(n3)c4cnc(C)n4C(C)C)cc2,pubchem_failed
Fc1cccc2c3CN(CCc3[nH]c12)C(=O)[C@@H]4CCCC[C@H]4C(=O)NC5(CC5)C#N,pubchem_failed
Oc1nc2ccccc2nc1NCc3ccccc3,pubchem_failed
CN[C@@H](C)C(=O)N[C@H](C(=O)N[C@H]1CCCN(CCc2ccc(Br)cc2)C1)C(C)(C)C,pubchem_failed
CCCCCCN1CC[C@@]2(C)[C@@H](C)C1Cc3ccc(O)cc23,pubchem_failed
CC(C)C(NC(=O)CN1C(=O)C(=CC=C1c2ccccc2)NC(=O)OCc3ccc(cc3)C(=O)O)C(=O)C(F)(F)F,pubchem_failed
Cc1nc(CSc2ccc(Cl)cc2)cc(n1)N3CCOCC3,pubchem_failed
Cc1nc(C)c(nc1C(=O)N)c2ccc3c(CC[C@@]34CC[C@H](CC4)C(=O)O)c2,pubchem_failed
C[C@H]1COCCN1c2nc(N3CCOC[C@@H]3C)c4ccc(nc4n2)c5cccc(c5)C(=O)NCCO,pubchem_failed
CN1CCN(CC1)c2ccc3N=CN(C(=O)c3c2)c4cc(NC(=O)C5CC5)ccc4C,pubchem_failed
O=C1C=C(OCc2ccccc2)C=CN1c3ccc4c(cnn4CCN5CCCC5)c3,pubchem_failed
Fc1ccc(cc1)C(=O)C2CCN(CC2)C(=O)NCc3ccccc3,pubchem_failed
CN(C)S(=O)(=O)c1ccc2OCC(=O)N(CCN3CCC(CC3)NCc4ccc5OCC(=O)Nc5n4)c2c1,pubchem_failed
O\N=C\1/C(=O)N(Cc2ccccc2[N+](=O)[O-])c3ccccc13,pubchem_failed
Cc1ccc(NC(=O)[C@H]2CCCN2S(=O)(=O)c3cccc4cccnc34)c(C)c1,pubchem_failed
Cc1cccc(C[C@H](N2CCC(CN3CCC(CC3)Oc4ccc(Cl)c(Cl)c4)CC2)C(=O)O)c1,pubchem_failed
Cc1cc(nn1C[C@H](O)CN)c2ccc(Cl)c(c2)C(=O)NCC3(O)CCCCCC3,pubchem_failed
CCCSc1nc(ccc1C(=O)N[C@@H]2C3CC4CC2C[C@@](O)(C4)C3)N5CCOCC5,pubchem_failed
COc1cc(OC)c(cc1NC(=O)CCC(=O)O)S(=O)(=O)N(c2ccccc2)c3ccccc3,pubchem_failed
OC1(CCN(CC1)c2ccc3nnc(n3n2)C(F)(F)F)c4ccc(F)cc4,pubchem_failed
Cc1cc(Cl)ccc1OC2CCN(C[C@H](O)CNC(=O)C3=CNC(=O)c4cc(ccc34)S(=O)(=O)C)CC2,pubchem_failed
CC(=O)Nc1cc2c(ccn2c3cc(NC4CC4)n5ncc(C#N)c5n3)cc1C,pubchem_failed
CN(C1CCN(CCC(c2ccccc2)c3ccccc3)CC1)C(=O)NCc4ccccc4,pubchem_failed
OC(=O)\C=C\c1cccc(c1)c2cnc3[nH]ccc3c2,pubchem_failed
Clc1ccccc1N2CCN(CC2)C(=O)NC3CCCCC3,pubchem_failed
COc1cc(OC)c(cc1NC(=O)C)S(=O)(=O)N2C(C)Cc3ccccc23,pubchem_failed
CC(=O)NC[C@H]1CN(C(=O)O1)c2ccc(N3CCN(CC3)c4ccc(cn4)C#N)c(F)c2,pubchem_failed
O=C1Nc2ccc(cc2C1=O)S(=O)(=O)N3CCC[C@H]3COc4ccccc4,pubchem_failed
Clc1cc(Cl)cc(NC(=O)NCC2(CCN(CC3CC3)CC2)c4ccc(cc4)c5cccc(c5)C#N)c1,pubchem_failed
CC(C)c1ccc(NC(=O)NCCCSC[C@H]2O[C@H]([C@H](O)[C@@H]2O)n3cnc4c(N)ncnc34)cc1,pubchem_failed
CCCSc1ncccc1C(=O)N[C@@H]2[C@@H]3CC4C[C@H]2C[C@@](O)(C4)C3,pubchem_failed
CCCC(C)(C)C[C@@H](N1CCC[C@@H](C1)N2C=C(C)C(=O)NC2=O)c3ccc(C(=O)O)c(Oc4cccc(Cl)c4)c3,pubchem_failed
CN(C(CN1CCCC1)c2ccccc2)C(=O)Cc3ccc(Cl)c(Cl)c3,pubchem_failed
CN(CCCc1ccccc1)S(=O)(=O)c2cc(C(=O)N3CCc4ccc(cc4C3)S(=O)(=O)NCCc5ccccc5)c(O)c(O)c2O,pubchem_failed
COc1ccc(N(C(C(=O)NC[C@@H](C)O)c2ccccc2F)C(=O)c3ccccc3)c(OC)c1,pubchem_failed
CN[C@@H](C)C(=O)N[C@@H](C1CCCCC1)C(=O)N[C@H]2CCCN(CCc3ccccc3F)C2,pubchem_failed
COc1cc(Nc2ncnc(Nc3c(Cl)ccc4OCOc34)n2)cc(OC)c1OC,pubchem_failed
CCCNC(=O)c1nnc2c(cccc2c1N)c3cnc(OC)nc3OC,pubchem_failed
CN(Cc1ccc(Cl)cc1)C(=O)C2(N)CCN(CC2)c3ncnc4[nH]ccc34,pubchem_failed
Fc1ccc(cc1)S(=O)(=O)Cc2cc(nc(n2)c3ccccn3)N4CCOCC4,pubchem_failed
OC(=O)[C@H](Cc1ccc(NC(=O)Cc2ccc3CCCNc3n2)cc1)NC(=O)c4c(Cl)cccc4Cl,pubchem_failed
OC(=O)C(N1CCO[C@@H](CN2CCC(CC2)Oc3ccc(Cl)c(Cl)c3)C1)c4ccccc4,pubchem_failed
NC(=O)c1cc(sc1N)c2ccccc2,pubchem_failed
OC1=CC(=O)C2=C(O1)c3ccccc3N(C2=O)c4ccccc4,pubchem_failed
Clc1ccc(NCCNCC(=O)N2CCC[C@H]2C#N)nc1,pubchem_failed
Clc1ccc(OC2CCN(CC2)C3CCN(CC3)C(=O)c4ccc(cc4)c5nn[nH]n5)cc1Cl,pubchem_failed
CCc1[nH]c2nc(Sc3cnc4ccc[n+]([O-])c4c3)nc(N5C[C@@H]6[C@@H](N)[C@@H]6C5)c2c1Cl,pubchem_failed
O=C1NC(=O)c2cc(OCc3ccccc3)ccc12,pubchem_failed
Fc1cc(c(F)cc1Oc2ccc(Cl)cc2c3ccnn3C4CNC4)S(=O)(=O)Nc5ncns5,pubchem_failed
Clc1cccc(c1)c2cnc3ccc(NC4CCOCC4)nn23,pubchem_failed
CC(C)(C)OC(=O)N1CCN(CC1)c2ccc(OCc3ccc(cc3)S(=O)(=O)C)nn2,pubchem_failed
CCOC(=O)\C=C\[C@H](C[C@@H]1CCNC1=O)NC(=O)[C@H](CC#C)N2C=CC=C(NC(=O)c3cc(C)on3)C2=O,pubchem_failed
CC[C@@H]1COCCN1c2cc(nc(n2)c3cccc4[nH]ccc34)C5(CC5)S(=O)(=O)C,pubchem_failed
CC(C)n1c(C)ncc1c2nc(Nc3ccc(cc3)C(=O)N4CC[C@H](C4)N(C)C)ncc2F,pubchem_failed
CC1=C(C(=O)N(C[C@H](N)c2ccccc2)C(=O)N1Cc3c(F)cccc3F)c4ccc5OCOc5c4,pubchem_failed
CN(C1CCN(Cc2nc3cc(F)ccc3s2)CC1)C(=O)Cc4ccc(cc4)n5cnnn5,pubchem_failed
ONC(=O)CN1C(=O)C(Cc2ccccc12)NC(=O)c3cc4cc(Cl)sc4[nH]3,pubchem_failed
CS(=O)(=O)N1CC[C@@H](C1)N(Cc2ccccc2Cl)c3ccc(C#N)c(Cl)c3,pubchem_failed
Oc1ccccc1NC(=O)c2cc(ccc2Cl)[N+](=O)[O-],pubchem_failed
CS(=O)(=O)c1cccc(Nc2nccc(Nc3cccc4ocnc34)n2)c1,pubchem_failed
ONC(=O)Cc1ccc(Oc2ccccc2)cc1,pubchem_failed
Cc1cn(C[C@H]2CN(C(=O)O2)c3ccc(C4=CCS(=O)(=O)CC4)c(F)c3)nn1,pubchem_failed
C[C@H](CNCCc1ccncc1)c2c([nH]c3ccc(cc23)C(C)(C)C(=O)N4C5CCC4CC5)c6cc(C)cc(C)c6,pubchem_failed
CC(C)n1c(C)ncc1c2ccnc(Nc3ccc(cc3)N4CCN(CC4)C(=O)CO)n2,pubchem_failed
CCN1CCC[C@H](C1)C(=O)N2CCN(CC2)C(=O)Nc3ccc(Cl)c(Cl)c3,pubchem_failed
C(Oc1cccc2ccccc12)C3=NCCN3,pubchem_failed
CC(C)n1nc(C)c(C(=O)N[C@@H](C)C(C)(C)C)c1NS(=O)(=O)c2ccc(C)cc2,pubchem_failed
CCNC(=O)OC[C@@H](C)N(c1cc(Cl)ccc1CO)S(=O)(=O)c2ccc(Cl)cc2,pubchem_failed
C1Oc2ccc(Oc3cc(Oc4ccc(cc4)n5ccnc5)ncn3)cc2O1,pubchem_failed
O=C1NN=C(Cc2ccccc2)c3ccccc13,pubchem_failed
COc1ccc(NC(=O)CCc2c(C)nc3nc(C)nn3c2C)cc1,pubchem_failed
Cc1nc(C)c(nc1C(=O)N)c2ccc3c(CC[C@@]34CC[C@H](Cc5nnn[nH]5)CC4)c2,pubchem_failed
CO[C@H]1CN(Cc2ccc(cc2)C(F)(F)F)CC[C@H]1N(C)C(=O)Cc3ccc(cc3)n4cnnn4,pubchem_failed
CN(C)CCOc1ccc(cc1)c2cc(C(=O)N)c(NC(=O)N)s2,pubchem_failed
Fc1cccc(COc2ccc(Nc3ncnc4ccc(cc34)c5cccc(c5)N6CCOCC6)cc2Cl)c1,pubchem_failed
Clc1ccc(OC2CCN(CC2)C3CCN(CC3)C(=O)NS(=O)(=O)c4cccc(c4)C#N)cc1Cl,pubchem_failed
Cc1ccc(cc1)c2cc(C(=O)N3CCOCC3)c4cc(C)ccc4n2,pubchem_failed
N[C@@H](Cc1cccs1)C(=O)N[C@@]2(C[C@@H]2c3ccccc3)C#N,pubchem_failed
CCCSc1nc(ccc1C(=O)NC2CCCCC2)N3CCC(CC3)C(=O)O,pubchem_failed
Fc1ccc(cc1)C(COCc2cc(cc(c2)C(F)(F)F)C(F)(F)F)N3CCNCC3,pubchem_failed
C[C@@H]1C2CCCC1(CCN2C)c3cccc(O)c3,pubchem_failed
Fc1cc2N=CNC(=O)c2cc1F,pubchem_failed
COc1cc2c(Nc3cnc(NC(=O)c4ccccc4)nc3)ncnc2cc1OCCCN5CCOCC5,pubchem_failed
CCCS(=O)(=O)c1ccc(Nc2nccc(n2)c3cnc(C)n3C(C)C)cc1,pubchem_failed
COc1cc(ccc1Cn2ccc3ccc(NC(=O)OC4CCCC4)cc23)C(=O)O,pubchem_failed
Brc1cnc(Nc2cccc(NC(=O)N3CCCC3)c2)nc1NCCCNC(=O)c4cccs4,pubchem_failed
CCOc1ccc(CCNCCCSCCNC[C@H](O)c2ccc(O)c3NC(=O)Sc23)cc1,pubchem_failed
CC(C)n1c(C)ncc1c2ccnc(Nc3ccc(cc3)N4CCN(CC4)S(=O)(=O)C)n2,pubchem_failed
C[C@@H](Oc1cccc2ncnc(Nc3ccc(Oc4ccc(C)nc4)c(C)c3)c12)C(=O)N5CCOCC5,pubchem_failed
COc1ccc(nc1OC)N2CCN([C@H](C)C2)C(=O)[C@@H]3CCCC[C@H]3C(=O)NC4(CC4)C#N,pubchem_failed
COc1cc2ncnc(Nc3cccc(Cl)c3F)c2cc1CN(C)[C@H](C)C(=O)N,pubchem_failed
N(c1cccnc1)c2ncnc3ccccc23,pubchem_failed
CCOc1ccc2oc(C(=O)NC(CCSC)c3nc4cnccc4[nH]3)c(C)c2c1,pubchem_failed
COCCOc1ccc(cc1)C(=O)Nc2cc(NC(=O)c3cccc(c3)N(C)C)ccc2C,pubchem_failed
O=C(CSC1=NC2=C(SCC2)C(=O)N1c3ccccc3)Nc4ncc(s4)c5ccccc5,pubchem_failed
CC(C)(C)OC(=O)N1CCN(CC1)c2ncc(OCc3ccncc3C#N)cn2,pubchem_failed
NC(=O)Nc1cc(sc1C(=O)N[C@H]2CCCNC2)c3ccc(cc3)C#N,pubchem_failed
Cc1ccc(cc1NC(=O)c2ccc(OCc3ccccn3)cc2)c4ncc(C)n4C,pubchem_failed
CN(CCNC[C@H](O)c1ccc(O)c2NC(=O)Sc12)C(=O)CCOCCc3ccccc3,pubchem_failed
CCN1C(=O)N(CC2CC2)c3nn(Cc4ccnc5ccc(Cl)cc45)c(c3C1=O)c6cc(cn6C)C#N,pubchem_failed
CN(C)c1ccnc2sc(C(=O)N)c(N)c12,pubchem_failed
CC1=C(C(=O)c2cc(O)c(O)c(Cc3ccccc3)c2C1=O)C4=C(C)C(=O)c5c(Cc6ccccc6)c(O)c(O)cc5C4=O,pubchem_failed
CN(C)CCCOc1ccc(cc1)c2cc(C(=O)N)c(NC(=O)N)s2,pubchem_failed
COc1cccc(c1)c2cc3c(N[C@H]4CCCNC4)ncc(C(=O)N)c3s2,pubchem_failed
Cc1cc(CN2CCC2)cnc1c3ccc(cc3)C(=O)Nc4ccccc4N,pubchem_failed
Cc1oc2C=NN(B(O)c2c1)S(=O)(=O)c3ccc(C)cc3,pubchem_failed
CC(C)n1c(C)ncc1c2ccnc(Nc3ccc(cc3)C(=O)N4CCN(C)CC4)n2,pubchem_failed
Oc1ccc(CCNCCNS(=O)(=O)CCOCCCc2ccccc2)c3sc(O)nc13,pubchem_failed
COc1cc(ccc1Nc2ncc(Cl)c(n2)c3cnc4cc(ccn34)C#N)N5CCN(CC5)C(=O)C,pubchem_failed
COC(=O)c1ccc(cc1)C(C)N2NC(=O)C3=C(C2=O)C(=O)c4ccc(Cl)cc4N3,pubchem_failed
CCC(N(CCCN)C(=O)c1ccc(C)cc1)C2=Nc3ccsc3C(=O)N2Cc4ccc(C)cc4,pubchem_failed
NCC[C@@H](Oc1nc(ccc1C#N)C(F)(F)F)c2oncc2,pubchem_failed
Cc1ccc2c(c1)c(c(C)n2CC(=O)O)c3ccnc4cc(ccc34)C(F)(F)F,pubchem_failed
Clc1ccc(OC2CCN(CC2)C3CCN(CC3)C(=O)NS(=O)(=O)c4ccccc4Cl)cc1Cl,pubchem_failed
CC(C)C(NC(=O)CN1C(=O)C(=CC=C1c2ccccc2)NC(=O)NCc3ccccn3)C(=O)C(F)(F)F,pubchem_failed
COc1ccccc1CCNCc2ccc(CCNC[C@H](O)c3ccc(O)c4NC(=O)Sc34)cc2,pubchem_failed
NC(=O)C1=CN(Cc2ccc(Cl)cc2Cl)C(=O)C=C1,pubchem_failed
COc1cccc(NC(=O)c2cccc(Cc3c(C)nn(CCO)c3c4ccccc4)c2)c1,pubchem_failed
COc1ccc(CC(=O)Nc2nc3ccccc3[nH]2)cc1,pubchem_failed
COc1cc(OC)cc(c1)c2cc3cnc(N)nc3nc2N,pubchem_failed
CC(=O)N1CCN(CCOc2ccc(cc2)C3(O)CCN(CC3)c4ccc5nnc(n5n4)C(F)(F)F)CC1,pubchem_failed
Clc1ccc2nc(ccc2c1C(=O)NCC34CC5CC(CC(C5)C3)C4)N6CCC[C@@H](C6)NCCc7nnn[nH]7,pubchem_failed
Cc1c(Sc2ccc(Cl)cc2)c3ccc(Cl)cc3n1CC(=O)O,pubchem_failed
Cc1nc2c(cnn2c(O)c1Cc3ccccc3)C#N,pubchem_failed
CNC(=O)c1ccc(Nc2nccc(n2)c3cnc(C)n3C(C)C)cc1F,pubchem_failed
CC(C)CN1C(=O)N(C)C(=O)c2c1sc(Cc3ccccc3C(F)(F)F)c2C(=O)N4CCCC4,pubchem_failed
O=C1N2CCS(=O)(=O)C2=Nc3ccccc13,pubchem_failed
CCOC(=O)c1c(C)n(Cc2occc2)c3ccc(O)cc13,pubchem_failed
Cc1cccc(NC(=O)c2ccc(c3ccccc3)c(c2)C#N)n1,pubchem_failed
CONC(=O)c1cnc(s1)N2CCC(CC2)NC(=O)c3[nH]c(C)c(Cl)c3Cl,pubchem_failed
NC(=O)c1ccc(cc1)c2cc3c(N[C@H]4CCCNC4)ncc(C(=O)N)c3s2,pubchem_failed
[O-][N+](=O)c1ccc2C(=O)C(=O)c3ccccc3c2c1,pubchem_failed
CCC[C@H](CO)Nc1nc(SCc2ccccc2)nc3nc(N)sc13,pubchem_failed
CC(C)n1c(C)ncc1c2nc(Nc3ccc(C(=O)N(C)C)c(C)c3)ncc2F,pubchem_failed
CNC(=O)C1(CCN(CC[C@H](CN(C)C(=O)c2c(OC)c(cc3ccccc23)C#N)c4ccc(Cl)c(Cl)c4)CC1)N5CCCNC5=O,pubchem_failed
Oc1cccc(NC(=O)c2ccc(OCCCN3CCCC3)cc2OCc4cccnc4)c1,pubchem_failed
CO[C@H]1CN(CCN2C(=O)C=Nc3ccc(OC)cc23)CC[C@@H]1NCc4cc5OCCOc5cn4,pubchem_failed
Brc1ccc(s1)S(=O)(=O)NCC(N2CCCCCC2)c3ccccc3,pubchem_failed
Cc1cc(Nc2ccc(F)cc2)nc(N)n1,pubchem_failed
CC(=O)Nc1ccccn1,pubchem_failed
Clc1ccc(cc1)c2oc(cc2)C(=O)Nc3ccc(cc3)N4CCNCC4,pubchem_failed
NC1(CCC1)c2ccc(cc2)c3c(ccn4ccnc34)c5ccccc5,pubchem_failed
Oc1ccc(CCNCCS(=O)(=O)CCCOCCc2nccc3ccccc23)c4sc(O)nc14,pubchem_failed
CCOC(=O)c1ccccc1c2csc(NS(=O)(=O)c3ccc(Cl)cc3)n2,pubchem_failed
CN1CCN(CC1)C(=O)c2cc(sc2NC(=O)N)c3ccccc3,pubchem_failed
Oc1ccc(cc1)N2C(=O)c3ccccc3C2=O,pubchem_failed
COCCNc1nc(NCc2ccccc2F)c3sccc3n1,pubchem_failed
Cn1cc(cc1C=O)C(=O)CCCCOc2ccc(cc2)C(=O)O,pubchem_failed
Cc1ccc(cc1)S(=O)(=O)NC(=O)N2CCC(CC2)N3CCC(CC3)Oc4ccc(Cl)c(C)c4Cl,pubchem_failed
CN1CCC(CC1)n2cc(cn2)c3cnc(N)c(c3)c4oc5cc(F)ccc5n4,pubchem_failed
C[C@H](Nc1nc(Nc2cc(C)[nH]n2)cnc1C#N)c3ncc(F)cn3,pubchem_failed
CN[C@@H](C)C(=O)N[C@H](C(=O)N[C@H]1CCCN(CCc2ccc(C)cc2)C1)C(C)(C)C,pubchem_failed
CC(C)[C@@H](CN1CCCCC1)N(C)C(=O)Cc2ccc(Cl)c(Cl)c2,pubchem_failed
COc1ccc(cc1OC)C(=O)Nc2cccc(NC(=O)c3ccc(OC)c(OC)c3)n2,pubchem_failed
COc1cc2ncnc(Nc3ccc(F)c(Cl)c3)c2cc1OCCN4CCCC4,pubchem_failed
CC(=O)NC[C@H]1CN(C(=O)O1)c2ccc(c(F)c2)n3ccnc3,pubchem_failed
CN1SC(=O)c2cc(ccc12)S(=O)(=O)N,pubchem_failed
Nc1nc(OC2CCCC2)nc3c1ncn3[C@@H]4O[C@H](CO)[C@@H](O)[C@H]4O,pubchem_failed
Cc1ncsc1CCOCCCS(=O)(=O)CCNCCc2ccc(O)c3nc(O)sc23,pubchem_failed
COc1ccccc1CN(C)Cc2cccc(CCNC[C@H](O)c3ccc(O)c4NC(=O)Sc34)c2,pubchem_failed
OC1CCN(CC1)C(=O)CN2C(=O)C(Cc3ccccc23)NC(=O)c4cc5cc(Cl)sc5[nH]4,pubchem_failed
C(Cc1nc2ccccc2[nH]1)Cc3nc4ccccc4[nH]3,pubchem_failed
Cc1ccc2c(c1)c(Sc3ccccc3Cl)c(C)n2CC(=O)O,pubchem_failed
Oc1ccc(cc1)c2ccc3cc(O)ccc3n2,pubchem_failed
CN1C(=O)N(CC2CC2)c3nn(Cc4ccnc5ccc(Cl)cc45)c(c6oc(cc6C)C#N)c3C1=O,pubchem_failed
CCN(C1CCN(CC[C@H](N2CCN(CC2)S(=O)(=O)C(F)(F)F)c3ccccc3)CC1)C(=O)Cc4ccc(cc4)S(=O)(=O)C,pubchem_failed
NC(=O)c1cccc(O[C@H]2C[C@H]3CC[C@@H](C2)N3Cc4ccccc4)n1,pubchem_failed
NC1=NC(=CC(=O)N1)CCc2cccc(Br)c2,pubchem_failed
OC[C@H](O)CN1C(=O)C(Cc2ccccc12)NC(=O)c3cc4cc(Cl)ccc4[nH]3,pubchem_failed
CC[C@H](NC(=O)c1c([S+](C)[O-])c(nc2ccccc12)c3cccc(F)c3)c4ccccc4,pubchem_failed
CC(C)C[C@H](CO)Nc1nc(SCc2ccccc2)nc3NC(=O)Sc13,pubchem_failed
CC(=O)N1CCN(CC1)c2ccc(NC(=O)c3oc(Nc4ccccc4F)nn3)cc2,pubchem_failed
CC1=C(C(=O)N(C[C@H](N)c2ccccc2)C(=O)N1Cc3c(F)cccc3F)c4ccccc4F,pubchem_failed
CN(C)C(=O)[C@H](Cc1ccccc1)NC(=O)c2cc3cc(F)ccc3[nH]2,pubchem_failed
CN(C)C(=O)N[C@@H]1CC[C@@H](CCN2CCN(CC2)c3ccc(Cl)cc3)CC1,pubchem_failed
Clc1ccc(cc1)S(=O)(=O)NC(=O)N2CCC(CC2)N3CCC(CC3)Oc4ccc(Cl)c(Cl)c4,pubchem_failed
COc1cc(Nc2nccc(Oc3cnc4ccccc4c3)n2)cc(OC)c1OC,pubchem_failed
CC1=C(C(=O)Oc2cc(O)ccc12)c3ccc(O)cc3,pubchem_failed
COc1cc(OC)c(cc1NC(=O)C)S(=O)(=O)N(C(C)C)c2ccccc2,pubchem_failed
Nc1nccc(n1)c2c[nH]c3ccccc23,pubchem_failed
Fc1ccc(cc1)c2ncn(C3CCNCC3)c2c4ccncc4,pubchem_failed
CCC(N(CCCN)C(=O)c1ccc(C)cc1)C2=Nc3ccsc3C(=O)N2Cc4ccc(OC)cc4,pubchem_failed
Cc1cc(nc(n1)n2ccnc2)N3CCC[C@@H]3C(=O)NCCc4ccc5OCOc5c4,pubchem_failed
CC(C)c1c(cnn1c2ccc(cc2)C(=O)O)C(=O)NC3C4CC5CC(CC3C5)C4,pubchem_failed
CCn1cnc2cnc(c3ccc(cc3)C4(N)CCC4)c(c5ccccc5)c12,pubchem_failed
CC(C)n1c(C)ncc1c2ccnc(Nc3ccc(cc3)C(=O)N(C)C)n2,pubchem_failed
CC(C)CN1C(=O)N(C)C(=O)c2c1sc(Cc3cncc4ccccc34)c2C(=O)N5CC[C@@H](O)C5,pubchem_failed
OCCNC(=O)COc1ccc(OCCNCC(O)COc2ccccc2)cc1,pubchem_failed
CCc1cc(C(=O)N[C@@H](Cc2cccc(Cl)c2)C(=O)NCC#N)n(C)n1,pubchem_failed
CC(C)n1c(C)ncc1c2ccnc(Nc3ccc(cc3)C(=O)NC4CC4)n2,pubchem_failed
Cc1cnccc1COc2cnc(nc2)N3CCN(CC3)C(=O)OC(C)(C)C,pubchem_failed
C=CCCCCCCCCC(=O)N[C@H]1CCC(=O)NC1=O,pubchem_failed
COc1cc2nnc(C(=O)N)c(Nc3cc(C)ccc3F)c2cc1N4CCN(C)CC4,pubchem_failed
O[C@H](CNC(=O)c1cnnc2ccccc12)CN3CCC(CC3)Oc4ccc(Cl)c(Cl)c4,pubchem_failed
CCCCc1nc2c(N)nc3ccccc3c2n1Cc4ccccc4,pubchem_failed
COc1ccccc1CNC(=O)NS(=O)(=O)c2ccc(Cl)cc2,pubchem_failed
Oc1cccc(NC(=O)c2ccc(OCCCN3CCCC3)cc2OCc4cscn4)c1,pubchem_failed
CC(C)(C)OC(=O)N1CCN(CC1)c2ncc(OCc3c(F)cncc3F)cn2,pubchem_failed
Clc1ccc(cc1)C(=O)CN2C3=NCCN3c4ccccc24,pubchem_failed
COc1cc(C)c(c(C)c1)S(=O)(=O)N(C)CCOCC(=O)N2CCC(CC2)C3CCN(C)CC3,pubchem_failed
CCC(CC)NC(=O)c1cnn(c1NS(=O)(=O)c2ccc(cc2)c3ocnc3)c4ccccc4,pubchem_failed
CC1=CN([C@H]2CCCN(C2)S(=O)(=O)c3cccc(Oc4ccccc4)c3)C(=O)NC1=O,pubchem_failed
NC(=O)c1cnc(N[C@H]2CCCNC2)c3cc(sc13)c4ccc(Cl)c(F)c4,pubchem_failed
CC(=O)Nc1cccc2c1c(c(C)n2CC(=O)O)S(=O)(=O)c3ccc(Cl)cc3,pubchem_failed
CCCNc1nc(ccc1C(=O)NC2CCCCC2)N3CCC[C@@H](CC(=O)O)C3,pubchem_failed
CC(C)C(=O)Nc1ccc2C(=O)NC(=O)c2c1,pubchem_failed
COc1cc(F)ccc1c2cncc(CNC(C)C)c2,pubchem_failed
Cc1c(Oc2ccc(Cl)cc2)c3cc(F)ccc3n1CC(=O)O,pubchem_failed
CC(=O)Nc1cc(CN2C(=O)N(C(=O)C2(C)C)c3ccc(SC(F)(F)F)cc3)ccn1,pubchem_failed
COc1ccc2SCC(=O)N(CCN3CCC(CC3)NCc4cc5OCCOc5cn4)c2c1,pubchem_failed
COc1cc(ccc1Nc2ncc(Cl)c(n2)c3cnc4c(CO)cccn34)N5CCN(CC5)C(=O)C,pubchem_failed
CCOc1ccc(cc1)N2C(=O)c3ccccc3N=C2[C@@H](C)N(Cc4cccnc4)C(=O)Cc5ccc(cc5)C(F)(F)F,pubchem_failed
Brc1ccccc1C(=O)NCC23CC4CC(CC(C4)C2)C3,pubchem_failed
COc1ccc(cc1)c2nc3c(NCCCNC(=O)C4CCCC4)c(cnc3[nH]2)C(=O)N,pubchem_failed
[O-][N+](=O)c1ccc2[nH]c(nc2c1)c3ccccn3,pubchem_failed
c1ccc(cc1)C#Cc2n[nH]c3ccccc23,pubchem_failed
CCN1C(=O)C=Cc2cnc(Nc3ccc(OC)c(OC)c3)nc12,pubchem_failed
CCN1CCC[C@@H](CN2CCN(CC2)C(=O)Nc3ccc(Cl)c(Cl)c3)C1,pubchem_failed
CC(C)N1C(=O)N(C)C(=O)c2c1sc(Cc3ccccc3C(F)(F)F)c2C(=O)N4CCS(=O)(=O)C4,pubchem_failed
COc1cc(OC)cc(c1)C2=CC=C(NC(=O)OCc3ccccc3)C(=O)N2CC(=O)NC(C(C)C)C(=O)C(F)(F)F,pubchem_failed
COc1cc2c(Nc3ncc(NC(=O)c4ccccc4)cn3)ncnc2cc1OCCCN5CCOCC5,pubchem_failed
CCNC(=O)c1cc2c(c(cnc2[nH]1)c3cncc(c3)C#N)n4ccc(n4)C(F)(F)F,pubchem_failed
CCS(=O)(=O)c1ccc(c(Cl)c1)c2cc(Cl)ccc2OCC(=O)O,pubchem_failed
CCCOc1nc(ccc1C(=O)NC2CCCCC2)N3CCC[C@@H](CC(=O)O)C3,pubchem_failed
CNC(=O)c1ccc(cc1)c2cc(C(=O)N[C@H]3CCCNC3)c(NC(=O)N)s2,pubchem_failed
CC(C)(C)OC(=O)N1CCN(CC1)c2ccc(OCc3ccc(cc3)S(=O)(=O)C)nc2,pubchem_failed
COc1cnc(nc1Oc2ccc(F)cc2F)c3ccccn3,pubchem_failed
CN(C(=O)C)c1ccc2ccn(c3cc(NC4CC4)n5ncc(C#N)c5n3)c2c1,pubchem_failed
COc1cc2ncnc(Nc3cc(NC(=O)c4ccnc(c4)N5CCOCC5)ccc3C)c2cc1OCCN(C(C)C)C(C)C,pubchem_failed
Cc1cc(O)nc(n1)n2nc(C)c(Oc3ccccc3O)c2C,pubchem_failed
NC(=O)c1c(N)sc2CCCCc12,pubchem_failed
Fc1ccc(C2CCN(CC2)C(=O)COCc3ccncc3)c(Cl)c1,pubchem_failed
FC(F)(F)c1nnc2ccc(nn12)N3CCCCCC3,pubchem_failed
OCCN(C(=O)CNC(=O)c1cc2cc(Cl)ccc2[nH]1)c3ccccc3,pubchem_failed
Cc1ccc(NC(=O)c2ccnc(c2)N3CCOCC3)cc1NC(=O)c4ccc(OCc5ccccn5)cc4,pubchem_failed
COc1ccc(OC)c(CNc2[nH]nc3cccc(Oc4ccc(cc4)S(=O)(=O)C)c23)c1,pubchem_failed
Nc1cccc(CCc2ccc3cc[nH]c3c2)n1,pubchem_failed
CNc1nc2ccccc2n1Cc3sc4N(CC(C)C)C(=O)N(C)C(=O)c4c3C(=O)N5C[C@H](O)CO5,pubchem_failed
Cc1cc(Oc2ccnc(Nc3ccc(cc3)S(=O)(=O)N)c2)c(nc1C)c4ccccn4,pubchem_failed
CN(C)CCOc1ccc(cc1)c2oc3ncnc(NC[C@@H]4CCCO4)c3c2c5ccccc5,pubchem_failed
CCN(CCCOCCOCCc1ccccc1)CCc2ccc(O)c3nc(O)sc23,pubchem_failed
Fc1ccccc1Nc2oc(nn2)C(=O)Nc3ccc(N4CCOCC4)c(F)c3,pubchem_failed
COc1ccc(cc1Oc2cccc(Cl)c2)S(=O)(=O)N3CCC[C@@H](C3)N4C=C(C)C(=O)NC4=O,pubchem_failed
Nc1nc2OC(COc3ccccc3)Cc2c(N)c1C#N,pubchem_failed
COc1ncc(cn1)c2cccc3OC[C@H](Cc23)NC(=O)c4ccc(OCC(F)(F)F)nc4,pubchem_failed
Fc1ccc(F)c(NS(=O)(=O)c2ccc(Cl)cc2)c1,pubchem_failed
COC(=O)N1CCN([C@H](CN2CCCC2)C1)C(=O)Cc3ccc(Cl)c(Cl)c3,pubchem_failed
CCN(C(=O)Nc1ccccc1)c2ccccc2,pubchem_failed
Clc1ccc2[nH]c(cc2c1)C(=O)N3CCNCC3,pubchem_failed
O=C(Nc1cccnc1C(=O)NCC2CCOCC2)c3cccc4ccccc34,pubchem_failed
COc1cnc(nc1NC(C)C)c2ccccn2,pubchem_failed
CCCCN(CCNCCc1ccc(O)c2NC(=O)Sc12)C(=O)CCOCCc3ccccc3,pubchem_failed
CC(C)(CS(=O)(=O)N1CCN(CC1)c2ccc(F)cc2)N(O)C=O,pubchem_failed
CC(C)N1CCC[C@H](CN2C(=O)c3cc(ccc3N=C2C(C)C)c4ccc(F)cc4)C1,pubchem_failed
COCCN1CCC(Cc2ccc(cc2)C(=O)NCc3cnc(nc3NCC(C)(C)C)C#N)CC1,pubchem_failed
CC(C)CN1C(=O)N(C)C(=O)c2c1sc(Cn3c(C)nc4ccccc34)c2C(=O)N5CC[C@@H](O)C5,pubchem_failed
COc1cc(OC)c(cc1NC(=O)C)S(=O)(=O)N2C(C)CCc3ccccc23,pubchem_failed
Brc1ccc(s1)N2C[C@@]3(CN4CCC3CC4)OC2=O,pubchem_failed
OC(=O)c1[nH]c2cc(Cl)cc(Cl)c2c1\C=C\3/CCN(C3=O)c4ccccc4,pubchem_failed
CCN(C1CCN(CC[C@H](c2ccc(cc2)S(=O)(=O)C)c3cc(F)cc(Cl)c3)CC1)C(=O)Cc4ccc(cc4)S(=O)(=O)C,pubchem_failed
CO[C@@H]1CN(CCN2C(=O)C=Cc3ccc(cc23)C#N)CC[C@H]1NCc4ccc5OCC(=O)Nc5n4,pubchem_failed
CNC1CCN(C1)c2ccc(NC(=O)c3ccc(cc3)c4ccccc4)cn2,pubchem_failed
C[C@H](NC(=O)C)c1ccc(Nc2ncc3cc(ccc3n2)c4ccncc4)cc1,pubchem_failed
OC(=O)COc1ccc(cc1c2ccccc2)c3nccs3,pubchem_failed
O[C@H](CNC(=O)C1=NNC(=O)c2ccccc12)CN3CCC(CC3)Oc4ccc(Cl)c(Cl)c4,pubchem_failed
CC(C)C(NC(=O)CN1C(=O)C(=CC=C1c2ccccc2)NC(=O)NCc3cc[n+]([O-])cc3)C(=O)C(F)(F)F,pubchem_failed
CC(=N)NCc1ccccc1,pubchem_failed
OC1CS(=O)(=O)CC1N2CCC(CC2)c3ccccc3,pubchem_failed
COc1ccc2[nH]c(cc2c1)C(=O)N3CCN(C)CC3,pubchem_failed
CC(C)C1NCCc2c1sc3ccccc23,pubchem_failed
CCCCCc1ccc(cc1)c2nnc(N)s2,pubchem_failed
Cc1sc2ncnc(SCC(=O)N3CCCC3)c2c1C,pubchem_failed
OC(=O)[C@H](Cc1cccc(OCCCNc2ccccn2)c1)NC(=O)c3c(Cl)cccc3Cl,pubchem_failed
Cc1ccc(cc1)S(=O)(=O)Nc2c(C(=O)NC3CCOCC3)c(C)nn2c4ccccc4,pubchem_failed
COc1cc(ccc1Nc2ncc(Cl)c(n2)c3cnc4cc(Cl)ccn34)N5CCN(CC5)C(=O)C,pubchem_failed
Cc1cc(F)ccc1OC2CCN(CC3CCN(CC3)[C@@H](Cc4ccc(F)cc4)C(=O)O)CC2,pubchem_failed
FC(F)(F)c1nnc2ccc(NCn3nnc4ccccc34)nn12,pubchem_failed
C[C@@H]1N[S@@](=O)(=NC1=O)c2cccc(c2)c3cccc(c3)C#N,pubchem_failed
CCCSc1ncccc1C(=O)N(C)C2CCOCC2,pubchem_failed
CC(C)C(NC(=O)CN1C(=O)C(=CC=C1c2ccccc2)NC(=O)C)C(=O)C(F)(F)F,pubchem_failed
COc1ccc(N(C(C(=O)NC[C@@H](C)O)c2ccccc2F)C(=O)c3occc3Cl)c(OC)c1,pubchem_failed
Oc1nc2ccccc2c(O)c1c3ccccc3,pubchem_failed
CN1CCN(CC1)c2ccc3N=CN(C(=O)c3c2)c4cc(NC(=O)c5cccnc5)ccc4C,pubchem_failed
COc1ccc(cc1CO)c2ccc3c(nc(nc3n2)n4ccnc4)N5CCOC[C@@H]5C,pubchem_failed
CN1CCN(CC1)c2ccc3N=CN(C(=O)c3c2)c4cc(NC(=O)c5cncs5)ccc4C,pubchem_failed
CC(C)n1c(C)ncc1c2nc(Nc3ccc(C(=O)N(C)C)c(F)c3)ncc2F,pubchem_failed
COC(=O)CCC(=O)Nc1ccc2c(c1)C(=O)C(=O)c3cc(NC(=O)CCC(=O)OC)ccc23,pubchem_failed
CCS(=O)(=O)c1ccc(Oc2c(C)n(CC(=O)O)c3ccc(cc23)C(F)(F)F)cc1,pubchem_failed
O=C(NC1CCCCC1)C2CCCN(C2)S(=O)(=O)c3cccs3,pubchem_failed
NC1(CCN(CC1)c2ncnc3[nH]ccc23)C(=O)NC(CS(=O)(=O)N)c4ccc(Cl)cc4,pubchem_failed
CCC(N1NC(=O)C2=C(C1=O)C(=O)c3ccc(Cl)cc3N2)c4ccncc4,pubchem_failed
O=C(Nc1ccc(nc1)N2CCOCC2)c3oc(Nc4cccc(OCc5cccnc5)c4)nn3,pubchem_failed
CCOC(=O)c1ccc(OCCC2CN(CCO2)c3ccc(C)nn3)cc1,pubchem_failed
Cc1nc(C)c(nc1C(=O)N)c2ccc3c(CC[C@@]34CC[C@H](CC(=O)O)CC4)c2,pubchem_failed
COC[C@@H](O)CN1C(=O)C=NN(C1=O)c2ccc(Cl)c(c2)C(=O)NCC3(O)CCCCCC3,pubchem_failed
Nc1nc2nc(SCc3ccccc3)nc(N)c2s1,pubchem_failed
CCN(C1CCN(Cc2ccc(cc2)C(F)(F)F)CC1)C(=O)Cc3ccc(cc3)S(=O)(=O)C,pubchem_failed
COc1cc(O)c(C(CC(=O)N2CC(C)CC(C)C2)c3ccc4OCOc4c3)c(OC)c1,pubchem_failed
CCNc1nc(N)c(s1)C(=O)c2ccc(Cl)s2,pubchem_failed
CS(=O)(=O)c1ccc(c(Cl)c1)c2cc(ccc2OCC(=O)O)C(F)(F)F,pubchem_failed
Oc1ccc(cc1)N2C(=O)c3ccc(O)cc3C2=O,pubchem_failed
CN1CC=CCC(C1)c2ccc(Cl)c(Cl)c2,pubchem_failed
CNc1c(cnc2[nH]c(nc12)c3ccc(OCCN4CCOCC4)cc3)C(=O)N,pubchem_failed
CC[C@H](CO)Nc1nc(SCc2ccccc2)nc3nc(N)sc13,pubchem_failed
C[C@H](NC(=O)c1c(C)nn(c1NS(=O)(=O)c2ccc(cc2)C(F)(F)F)c3ccc(F)cc3)C(C)(C)C,pubchem_failed
Nc1nc2nc(SCc3cccc(F)c3F)nc(O)c2s1,pubchem_failed
CCCCC(O)c1[nH]c2cc(C)c(cc2c1CCc3ccccc3)C(=O)O,pubchem_failed
CC(C(=O)Nc1ccc(Cl)cc1)c2ncc(cc2Cl)C(F)(F)F,pubchem_failed
CN(C)CC(O)COc1ccc(Nc2nccc(Nc3ccccc3)n2)cc1,pubchem_failed
C(CN1CCCC1)Oc2ccc(Nc3ncc4cc(ccc4n3)c5ccncc5)cc2,pubchem_failed
CO[C@H]1CN(CCN2C(=O)C=Cc3ccc(cc23)C#N)CC[C@@H]1NCc4cc5OCCOc5cn4,pubchem_failed
CN[C@@H](C)C(=O)N[C@H](C(=O)N[C@H]1CCCN(CCc2ccc(cc2)[N+](=O)[O-])C1)C(C)(C)C,pubchem_failed
CCc1nc2c(N)nc3ccccc3c2n1CC(C)C,pubchem_failed
COc1ccc(cc1)c2nc3c(NCCCNC(=O)C4CC4)c(Br)cnc3[nH]2,pubchem_failed
CCCNC(=O)c1nnc2c(cccc2c1N)c3cnccc3OC,pubchem_failed
COc1cc(ccc1Nc2ncc(Br)c(n2)c3cnc4ccccn34)N5CCN(CC5)C(=O)C,pubchem_failed
CCN(C1CCN(CC[C@@H](c2ccccc2)c3ccc(cc3)S(=O)(=O)C)CC1)C(=O)Cc4ccc(cc4)S(=O)(=O)C,pubchem_failed
COc1cc(O)c(cc1NC(=O)CCC(=O)O)S(=O)(=O)N2C(C)CCc3ccccc23,pubchem_failed
Cn1ncc2C(=O)NC(=Nc12)c3ccccc3,pubchem_failed
NC(=O)c1cccnc1Oc2ccccc2,pubchem_failed
N(c1ccccc1)c2ccnc(Nc3ccccc3)n2,pubchem_failed
CC(O)c1ccc2OCC(=O)N(CCN3CCC(CC3)NCc4ccc5OCC(=O)Nc5n4)c2c1,pubchem_failed
CN(C)CC(O)COc1ccc(Nc2nccc(Nc3cccc(Cl)c3)n2)cc1,pubchem_failed
Clc1ccc(OC2CCNCC2)cc1C(=O)NCC34CC5CC(CC(C5)C3)C4,pubchem_failed
COc1cccc(\C=C\2/SC(=O)NC2=O)c1N3CCC[C@@H](N)C3,pubchem_failed
COc1ccccc1CN2C(C(=O)NC3CCC(C)CC3)c4ccccc4C2=O,pubchem_failed
C[C@@H](Oc1cccc2ncnc(Nc3ccc4c(cnn4Cc5ccccn5)c3)c12)C(=O)N(C)C,pubchem_failed
COCCNC(=O)c1cccc(CN2NC(=O)C3=C(C2=O)C(=O)c4ccc(Cl)cc4N3)c1,pubchem_failed
Cc1ccc(cc1NC(=O)c2ccc(OCc3ccccn3)cc2)c4[nH]cnc4C,pubchem_failed
CCn1c2ccccc2c3cc(NC(=O)C)ccc13,pubchem_failed
CNc1c(Br)cnc2[nH]c(nc12)c3ccc(OCCN4CCCCC4)cc3,pubchem_failed
Cc1c(Sc2ccc(Cl)cc2)c3c(Cl)cccc3n1CC(=O)O,pubchem_failed
Oc1cccc(c1)c2nc3ccc(O)cc3s2,pubchem_failed
CN(C)C(=O)C1(CCN(CC[C@H](CN(C)C(=O)c2cc(cc3ccccc23)C#N)c4ccc(Cl)c(Cl)c4)CC1)N5CCCCC5=O,pubchem_failed
Cc1c(O[C@H]2C[C@H]3CC[C@@H](C2)N3Cc4ccccc4)cccc1C(=O)N,pubchem_failed
Cc1ccc2c(c1)c(Sc3ccc(cc3)S(=O)(=O)C)c(C)n2CC(=O)O,pubchem_failed
Cc1ccc(cc1S(=O)(=O)n2ccc(n2)c3c(C)nc4ccc(Br)cn34)[N+](=O)[O-],pubchem_failed
OC1(CCc2ccc(Oc3ccc(cc3)C(=O)NCc4ccncn4)cc2)CN5CCC1CC5,pubchem_failed
CC(C)CN1C(=O)N(C)C(=O)c2c(SC(C)C)c(Cc3ccccc3C(F)(F)F)sc12,pubchem_failed
C[C@](N)(Cc1ccccc1)c2ccccc2,pubchem_failed
CN[C@@H](C)C(=O)N[C@H](C(=O)N[C@H]1CCCN(C1)S(=O)(=O)Cc2ccccc2)C(C)(C)C,pubchem_failed
COc1cc(ccc1Nc2ncc(Cl)c(n2)c3cnc4ccccn34)C(=O)N5CCOCC5,pubchem_failed
O=C(NCCN1CCCC1)c2ccc(Nc3ncc4cc(ccc4n3)c5ccncc5)cc2,pubchem_failed
CC(C)n1c(C)ncc1c2nc(Nc3ccc(C(=O)NC4CCN(C)CC4)c(F)c3)ncc2F,pubchem_failed
Cc1nc(C)c(nc1C(=O)N)c2ccc([C@@H]3CC[C@@H](CC(=O)O)CC3)c(Cl)c2,pubchem_failed
CC(C)n1c(C)ncc1c2nc(Nc3ccc(cc3)C(=O)N4CCCN(C)CC4)ncc2F,pubchem_failed
C[C@H](CO)Nc1nc(SCc2ccccc2)nc3nc(N)sc13,pubchem_failed
O=C(CCc1ccncc1)Nc2ccc(cc2)C(=O)c3ccccc3,pubchem_failed
C[C@@H]1CN(CCN1c2ncc(OCc3ccncc3C#N)cn2)c4noc(n4)C(F)F,pubchem_failed
CCN(C1CCN(CCC(c2ccccc2)c3ccc(NC(=O)C(C)(C)C)cc3)CC1)C(=O)Cc4ccc(cc4)S(=O)(=O)C,pubchem_failed
COc1cc2c(Nc3ccc(Cl)cc3F)ncnc2cc1OCCCN4CCOCC4,pubchem_failed
Cc1c(Cl)ccc(OC2CCN(CC2)C3CCN(CC3)C(=O)c4cccc(c4)S(=O)(=O)C)c1Cl,pubchem_failed
CCCCc1nc2c(N)nc3ccccc3c2n1CC(C)C,pubchem_failed
OC(=O)Cc1ccc(cc1)c2ccc(NC(=O)c3oc(Nc4ccccc4F)nn3)cc2,pubchem_failed
O=S(=O)(N1CCCC1)c2ccccc2c3ccc(CNC4CCOCC4)cc3,pubchem_failed
Cc1ccc(NC(=O)C=C)cc1,pubchem_failed
C[C@@H](Oc1cccc2ncnc(Nc3ccc(Oc4ccc(C)nc4)c(C)c3)c12)C(=O)N(C)CCO,pubchem_failed
COc1cc(ccc1N)C(=O)NC[C@@H](O)CN2CCC(CC2)Oc3ccc(Cl)c(Cl)c3,pubchem_failed
CNc1c(Br)cnc2[nH]c(nc12)c3ccc(OCCN4CCN(C)CC4)cc3,pubchem_failed
Cc1c(sc2ncnc(O)c12)C(=O)Nc3ccccc3,pubchem_failed
COCC(=O)N1CCC(CC1)n2cc(cn2)c3cnc(N)c(c3)c4oc5ccccc5n4,pubchem_failed
CCN(C1CCN(CC[C@H](N2CCN(CC2)S(=O)(=O)CC(F)(F)F)c3ccccc3)CC1)C(=O)Cc4ccc(cc4)S(=O)(=O)C,pubchem_failed
CC(=O)OCCn1c(Sc2nc3cccc(Cl)c3s2)nc4c(N)ncnc14,pubchem_failed
CCNC(=O)c1cc2c(c(cnc2[nH]1)c3cncc(c3)C4=NNC(=O)O4)n5ccc(n5)C(F)(F)F,pubchem_failed
Cc1cc(Cl)ccc1OC2CCN(CC3CCN(CC3)[C@@H](Cc4ccc(F)cc4)C(=O)O)CC2,pubchem_failed
Nc1ncc(cc1c2oc3ccccc3n2)c4cnn(c4)C5CCN(CC5)C(=O)CO,pubchem_failed
C[C@@H]1CN(Cc2oc(nn2)c3cc(cc4[nH]ncc34)c5cccc6[nH]ccc56)C[C@H](C)O1,pubchem_failed
NC(=O)Nc1sc(cc1C(=O)N2CCOCC2)c3ccccc3,pubchem_failed
O=C(NCCCN1CCCCC1)C(c2ccccc2)c3ccccc3,pubchem_failed
Nc1c(Nc2ccccc2)nc(nc1N3CCOCC3)C#N,pubchem_failed
COc1cc(N2CCN(C)CC2)c3NC(=CC(=O)c3c1)C(=O)Nc4ccc(cc4)N5CCOCC5,pubchem_failed
O=C(NCc1occc1)c2ccc3[nH]c(COc4ccc(cc4)C56CC7CC(CC(C7)C5)C6)nc3c2,pubchem_failed
NC(=O)Nc1cc(sc1C(=O)N)c2ccccc2,pubchem_failed
CC(C)C(NC(=O)CN1C(=O)C(=CC=C1c2ccccc2)NS(=O)(=O)c3cccc(NC(=O)C)c3)C(=O)C(F)(F)F,pubchem_failed
CCC(N(CCCN)C(=O)c1ccc(C)cc1)C2=Nc3ncccc3C(=O)N2Cc4ccccc4,pubchem_failed
Cc1cnc(Oc2ccc(cc2)n3ccnc3)nc1Oc4ccc5OCOc5c4,pubchem_failed
Cc1csc(NC(=O)c2cc(Sc3nncn3C)ccc2N)n1,pubchem_failed
C[C@@](CCc1ccc(cc1)c2ccc(Cl)cc2)(C(=O)NO)S(=O)(=O)C,pubchem_failed
O=C(NCC#N)[C@@H]1CCCC[C@H]1C(=O)N2CCN(CC2)c3ccc(cc3)C#N,pubchem_failed
Nc1ccc2nc(sc2c1)c3ccc(O)cc3,pubchem_failed
COCCC(Oc1ncnc2c1cnn2c3ccccc3C(F)(F)F)C(=O)Nc4ccc(C)cn4,pubchem_failed
CCN(C)C(=O)c1ccc(cc1)C(=C2CCN(Cc3cscn3)CC2)c4cccc5cccnc45,pubchem_failed
C[C@H]1O[C@H]([C@H](O)[C@@H]1O)n2cnc3c(N)nc(OC4CC5CC5C4)nc23,pubchem_failed
CCC(CC)NC(=O)c1cnn(c1NS(=O)(=O)C2CCCC2)c3ccccc3,pubchem_failed
CC[C@@H](CO)Nc1nc(SCc2ccccc2)nc3nc(N)sc13,pubchem_failed
Nc1nc(N)c2cc(Br)ccc2n1,pubchem_failed
Oc1c2C(=O)N(NC(=O)c2nc3cc(Cl)ccc13)C(c4ccccc4)c5ccncc5,pubchem_failed
C[C@H]1O[C@H]([C@H](O)[C@@H]1O)n2cnc3c(N)nc(OC4CCOC4)nc23,pubchem_failed
COc1cc(Nc2cc(Nc3c(Cl)ccc4OCOc34)ncn2)cc(OC)c1OC,pubchem_failed
CC1=CN(C2CCCN(Cc3cccc(Oc4ccc(Cl)cc4)c3)C2)C(=O)NC1=O,pubchem_failed
CC(C)n1c(C)ncc1c2nc(Nc3ccc(cc3)N4CC[C@H](C4)NC(=O)C)ncc2F,pubchem_failed
CC[C@@H](N1CCC[C@@H](C1)N2C=C(C)C(=O)NC2=O)c3ccc(C(=O)O)c(Oc4cccc(Cl)c4)c3,pubchem_failed
COc1ccc(cc1OC)c2csc(NC(=O)c3c(C)onc3C)n2,pubchem_failed
CS(=O)(=O)Cc1cc(nc(n1)c2ccccc2)N3CCOCC3,pubchem_failed
CN([C@@H]1CCN(Cc2nc3cc(F)ccc3s2)C[C@@H]1F)C(=O)Cc4ccc(cc4)S(=O)(=O)C,pubchem_failed
CC(C)N1CCN[C@@H](CN2CCN(CC2)C(=O)Nc3ccc(Cl)c(Cl)c3)C1,pubchem_failed
Cn1cnc(c2ccccc2)c1c3nc4c(N)ncnc4s3,pubchem_failed
CCCN(CCO)CCCOc1cc2ncnc(Nc3cc(CC(=O)Nc4cccc(F)c4F)[nH]n3)c2cc1OC,pubchem_failed
CN(C1CCN(CCC(c2ccccc2)c3ccccc3)CC1)C(=O)Cc4ccc(cc4)S(=O)(=O)N,pubchem_failed
C[C@@H]1CN(CCN1c2ncc(OCc3ccc(cc3)S(=O)(=O)C)cn2)C(=O)OC(C)(C)C,pubchem_failed
CC1=CC2=NNC(=O)N2c3cc(ccc13)c4cn[nH]c4,pubchem_failed
CNc1cccc(CCOc2ccc(C[C@H](NC(=O)c3c(Cl)cccc3Cl)C(=O)O)cc2)n1,pubchem_failed
CCC(N(CCCN)C(=O)c1ccc(C)cc1)C2=Nc3nccnc3C(=O)N2Cc4ccccc4,pubchem_failed
CC(C)C(NC(=O)CN1C(=O)C(=CN=C1c2cccnc2)NC(=O)OCc3ccccc3)C(=O)C(F)(F)F,pubchem_failed
OC(=O)CCn1c2ccccc2c3ccccc13,pubchem_failed
CSc1ncccc1C(=O)NCCc2ccc(Cl)cc2,pubchem_failed
COc1nc(Cl)cnc1NS(=O)(=O)c2cccc3c(cccc23)N(C)C,pubchem_failed
O[C@@H](CNCCc1cccc(CNCCCc2ccccc2)c1)c3ccc(O)c4NC(=O)Sc34,pubchem_failed
CCCN(CCCOCCOCCc1ccccc1)CCc2ccc(O)c3nc(O)sc23,pubchem_failed
C[C@H](CO)Nc1nc(SCc2cccc(Cl)c2F)nc3NC(=O)Sc13,pubchem_failed
Nc1cccc(NS(=O)(=O)c2ccc(cc2)c3ccc(cc3)C#N)n1,pubchem_failed
CS(=O)(=O)c1ccc(CC(=O)N(CC=C)C2CCN(CCC(c3ccccc3)c4ccccc4)CC2)cc1,pubchem_failed
COc1cc2c(Nc3c(Cl)ccc4OCOc34)ncnc2cc1OCCCN5CCCC5,pubchem_failed
Cc1ccc(cc1NC(=O)c2ccc(OCc3ccccn3)cc2)c4c[nH]cn4,pubchem_failed
COc1cc(\C=C/2\SC(=O)NC2=O)cc(OC)c1O,pubchem_failed
CC(C)CNc1nc(nc(N2CCOCC2)c1N)C#N,pubchem_failed
CC1=CC2=NNC(=O)N2c3cc(ccc13)c4ccc(CO)cc4,pubchem_failed
Fc1ccc(cc1F)S(=O)(=O)NCC(N2CCCCCC2)c3ccccc3,pubchem_failed
Clc1ccc(OC2CCN(CC2)C3CCN(CC3)S(=O)(=O)NC(=O)c4ccccc4)cc1Cl,pubchem_failed
OC(=O)c1cc2cc(ccc2n1Cc3ccc(Cl)c(Cl)c3)C(F)(F)F,pubchem_failed
C[C@H](CO)N1C=Cc2c(NC(=O)Cc3ccc(Cl)c(c3)C(F)(F)F)cccc2C1=O,pubchem_failed
COc1ccc2COC(=O)N(CCN3CCC(CC3)NCc4ccc5OCC(=O)Nc5n4)c2c1,pubchem_failed
CCNC(=O)c1cc2c(c(cnc2[nH]1)c3cc(cnc3OC)C4=NNC(=O)O4)n5ccc(n5)C(F)(F)F,pubchem_failed
C[C@H](CO)Nc1nc(SCc2cccc(F)c2F)nc3[nH]c(N)nc13,pubchem_failed
CCN(CC)CCn1c2ccccc2c3cnc(N)c(C#N)c13,pubchem_failed
C[C@H](N)COc1c(C)cccc1C,pubchem_failed
Cn1c(CN2CCC(CC2)c3ccccc3)nc4ccccc14,pubchem_failed
COc1cccc(c1OC)c2ccc(\C=C\3/SC(=S)N([C@@H](Cc4ccccc4)C(=O)O)C3=O)cn2,pubchem_failed
Cc1cnc([nH]1)c2cc(NC(=O)c3ccc(nc3C)C(F)(F)F)ccc2Cl,pubchem_failed
Nc1cccc(C(=O)NCC23CC4CC(CC(C4)C2)C3)c1Cl,pubchem_failed
Nc1c(nc(nc1N2CCOCC2)C#N)N3CCCC3,pubchem_failed
COCCNCc1cncc(n1)c2ccc(F)cc2OC,pubchem_failed
CCN1CCN(Cc2cnc(c3ccc(cc3)C(=O)Nc4ccccc4N)c(c2)C#N)CC1,pubchem_failed
CSc1nc(N)nc(n1)c2ccccc2,pubchem_failed
COc1ccc(OC)c(c1)c2c(F)ccc3c(N)c(nnc23)C(=O)NC(C)C,pubchem_failed
Oc1c2ncc3ccccc3c2nn1c4ccc(Cl)cc4,pubchem_failed
CC(NC(=O)C)c1ccc(Nc2ncc3cc(ccc3n2)c4ccncc4)cc1,pubchem_failed
CCN(C1CCN(CC[C@@H](c2ccc(F)cc2)c3ccc(cc3)S(=O)(=O)C)CC1)C(=O)Cc4ccc(cc4)S(=O)(=O)C,pubchem_failed
O=C(Nc1ccc(nc1)N2CCOCC2)c3oc(Nc4ccccc4)nn3,pubchem_failed
CC1(C)CNC(=O)c2sc(nc2C1)N3CCOCC3,pubchem_failed
Clc1ccc2OCOc2c1Nc3ccnc(Nc4cc(cc(c4)N5CCOCC5)N6CCOCC6)n3,pubchem_failed
CC(C)Cn1cnc(c2ccccc2)c1c3nc4c(N)ncnc4s3,pubchem_failed
NC(=O)Nc1sc(cc1C(=O)N[C@H]2CCCNC2)c3ccccc3,pubchem_failed
CCN(CC)C(=O)c1ccc(cc1)C(=C2CCNCC2)c3ccccc3OC,pubchem_failed
CC(C)(C(=O)N)C(=O)NCCCNc1nc(Nc2cccc(NC(=O)N3CCCC3)c2)ncc1Br,pubchem_failed
CN[C@@H](C)C(=O)N[C@@H](C1CCCCC1)C(=O)N(C)[C@H]2CCCN(CCc3ccccc3)C2,pubchem_failed
CC1=CC2=NNC(=O)N2c3cc(ccc13)c4ccncc4,pubchem_failed
C[C@H](NC(=O)c1c(C)nn(c1NS(=O)(=O)c2cccnc2)c3ccc(F)cc3)C(C)(C)C,pubchem_failed
Cc1c(Oc2ccc(Cl)cc2)c3c(NS(=O)(=O)C)cccc3n1CC(=O)O,pubchem_failed
CCC(N(CCCN)C(=O)c1ccc(C)cc1)C2=Nc3ccsc3C(=O)N2Cc4ccccc4,pubchem_failed
Fc1ccc(CN2CCN(CC2)c3ccc4nnc(n4n3)C(F)(F)F)cc1,pubchem_failed
Oc1c2C(=O)NNC(=O)c2nc3cc(Cl)cc(Cl)c13,pubchem_failed
CCN(CC)C(=O)c1ccc(cc1)C(=C2CCNCC2)c3cccc(c3)C(F)(F)F,pubchem_failed
CC[C@H](C)[C@@H](CO)NS(=O)(=O)c1ccc(Cl)s1,pubchem_failed
NS(=O)(=O)c1ccc2C(=CNC(=O)c2c1)C(=O)NC[C@@H](O)CN3CCC(CC3)Oc4ccc(Cl)c(Cl)c4,pubchem_failed
O=C1OC(=Cc2ccccc12)c3ccccc3,pubchem_failed
CC(C)[C@@H]1N(C)c2ccccc2C[C@@H](CO)NC1=O,pubchem_failed
CC(=O)NCc1ccc(CN2CCN(CC2)c3ccccc3)cc1,pubchem_failed
COc1ccc(CN2C(=O)NC3=C(C=C(N(CC(=O)NC(C(C)C)C(=O)C(F)(F)F)C3=O)c4ccccc4)C2=O)cc1,pubchem_failed
COc1cc2ncnc(Nc3ccc(F)c(Cl)c3)c2cc1OCCCN(C)C,pubchem_failed
CCOC(=O)c1ccc(COC2CN(C2)c3ccc(C)nn3)cc1,pubchem_failed
CC(C)N1CCC[C@@H](CN2CCN(CC2)C(=O)Nc3ccc(Cl)c(Cl)c3)C1,pubchem_failed
CS(=O)(=O)N1CCC(CC1)NC(=O)NC23CC4CC(CC(C4)C2)C3,pubchem_failed
Oc1ncnc2onc(c3ccc(F)cc3)c12,pubchem_failed
Cc1c(Sc2ccc(Cl)cc2)c3c(cccc3n1CC(=O)O)S(=O)(=O)C,pubchem_failed
NC1(CCN(CC1)c2ncnc3[nH]ccc23)C(=O)NC(CCO)c4ccc(Cl)cc4,pubchem_failed
OC(=O)c1ccc2[nH]c(nc2c1)C(F)(F)F,pubchem_failed
C[C@H]1NC(C)(C)CO[C@]1(O)c2cccc(Cl)c2,pubchem_failed
CS(=O)(=O)C1(CC1)c2cc(nc(n2)c3cccc4[nH]ccc34)N5CCOCC5,pubchem_failed
Cc1nc(C)c(nc1C(=O)N)c2ccc(cc2)[C@@H]3CC[C@@H](Cc4nnn[nH]4)CC3,pubchem_failed
COc1cc2c(Nc3ccc(F)cc3F)c(cnc2cc1NCCN(C)C)C(=O)N,pubchem_failed
O=C1C=C(N=C2N1C=Cc3ccccc23)N4CCOCC4,pubchem_failed
O=S(=O)(N1CCOCC1)c2cccc(c2)c3cn4cccnc4n3,pubchem_failed
CC(C)Oc1cc(ccc1NC(=O)CN2CCOCC2)c3cccc4C(=O)C=C(Oc34)N5CCOCC5,pubchem_failed
COc1ccnc(NC2CCN(CC2)C(=O)c3ccc(Cl)cc3)c1,pubchem_failed
CN1CCN(CC1)C(=O)c2cccc(CC3=NNC(=O)c4ccccc34)c2,pubchem_failed
CN[C@@H](C)C(=O)N[C@@H](C1CCCCC1)C(=O)N[C@H]2CCCCN(Cc3ccccc3)C2,pubchem_failed
CC(=O)N1CCOc2nc(OCc3ccccc3)ccc12,pubchem_failed
CN1CCN(CC1)c2ccc3N=CN(C(=O)c3c2)c4cc(ccc4C)C(=O)NC5CCC5,pubchem_failed
NC1(CCC1)c2ccc(cc2)c3nc4ccccn4c3c5ccccc5,pubchem_failed
Cc1cc(Nc2nc(NCc3ccccn3)ncc2Br)n[nH]1,pubchem_failed
CCOC(=O)C1=COc2ccccc2C1=O,pubchem_failed
CN(C(=O)C)c1ccc(Nc2ncc3cc(ccc3n2)c4ccncc4)cc1,pubchem_failed
CC1CCCCC1NC(=O)c2c(C)nn(c2NS(=O)(=O)c3ccc(C)cc3)c4ccccc4,pubchem_failed
CC(C)CN1C(=O)N(C)C(=O)c2c1sc(Cc3ccnc4ccc(F)cc34)c2C(=O)N5CC[C@@H](O)C5,pubchem_failed
COc1ccccc1CNCc2ccc(CCNC[C@H](O)c3ccc(O)c4NC(=O)Sc34)cc2,pubchem_failed
C[C@@](O)(C(=O)Nc1ccc(cc1Cl)S(=O)(=O)NCCCO)C(F)(F)F,pubchem_failed
COc1ccc(\C=C\2/SC(=S)NC2=O)cc1OC,pubchem_failed
CS(=O)(=O)c1ccc2[nH]c3CCN(Cc3c2c1)C(=O)[C@@H]4CCCC[C@H]4C(=O)NC5(CC5)C#N,pubchem_failed
COc1cc2ncc(C(=O)N)c(Nc3cc(F)ccc3F)c2cc1OC,pubchem_failed
Cc1cc(C)cc(c1)c2oc(SCC(=O)N3CCN(CC3)C(=O)c4occc4)nn2,pubchem_failed
COc1cc(ccc1Nc2ncc(OC)c(n2)c3cnc4ccccn34)N5CCN(CC5)C(=O)C,pubchem_failed
OC(=O)[C@H](Cc1ccc(OCCc2ccc3CCCNc3n2)cc1)NC(=O)c4c(Cl)cccc4Cl,pubchem_failed
COc1cc(CCc2cc(Nc3ccnc(NCc4onc(C)c4)n3)n[nH]2)cc(OC)c1,pubchem_failed
CS(=O)(=O)Cc1cc(nc(n1)c2ccc(NS(=O)(=O)C)cc2)N3CCOCC3,pubchem_failed
COc1ccc(COc2ccc(Cc3cnc(N)nc3N)cc2OC)cc1,pubchem_failed
CNC(=O)c1cccc2c1c(Sc3ccc(Cl)cc3)c(C)n2CC(=O)O,pubchem_failed
O=C1C=C(Oc2c1cccc2c3cccc4c5CCCCc5sc34)N6CCOCC6,pubchem_failed
CN1CCCC1CCNC(=O)c2ccc(Nc3ncc4cc(ccc4n3)c5ccncc5)cc2,pubchem_failed
CC(=O)c1noc(C)c1C(=O)Nc2nccs2,pubchem_failed
COc1cc(ccc1Nc2ncc(Cl)c(n2)c3cnc4c(N)cccn34)N5CCN(CC5)C(=O)C,pubchem_failed
O=C(N[C@@H]1CN2CCC1CC2)c3ccc(s3)c4ccccc4,pubchem_failed
Cc1c(c2ccc(O)cc2)n(C)c3ccc(O)cc13,pubchem_failed
CNC(=O)c1ccc(Nc2ncc(F)c(n2)c3cnc(C)n3C(C)C)cc1,pubchem_failed
COC(=O)C1=C(C)NC(=C([C@@H]1c2cccc3nonc23)C(=O)OC(C)C)C,pubchem_failed
COc1cc(F)ccc1c2cncc(CNC(=O)C3CCC3)c2,pubchem_failed
CSc1ccc(cc1)c2nc(c3ccc(F)cc3)c([nH]2)c4ccncc4,pubchem_failed
CCOc1cc2nnc(C(=O)N)c(Nc3ccc(F)cc3F)c2cc1N4CCN(C)CC4,pubchem_failed
CC(=O)Nc1ccc(cc1)S(=O)(=O)Nc2ccc(Cc3ccncc3)cc2,pubchem_failed
NC(=O)c1cccc(OC2CCN(Cc3ccccc3)CC2)c1,pubchem_failed
C[C@H](Nc1nc(Nc2cc(C)[nH]n2)c(Cl)c(n1)N3CCOCC3)c4ncc(F)cn4,pubchem_failed
CN(C)C(=O)c1ccc(CN2CCC(CC2)c3ccc(cc3)C(=O)Nc4ccccc4N)cc1,pubchem_failed
CC(C)(C)c1ccc(cc1)c2n[nH]c(NC(=O)c3ccccc3Cl)c2Br,pubchem_failed
CC(C)[C@@H]1N=C(c2ccccc2)c3ccccc3NC1=O,pubchem_failed
OC(=O)COc1cccc(c1)C(=O)N2CCC(CC2)N3CCC(CC3)Oc4ccc(Cl)c(Cl)c4,pubchem_failed
O=C1COc2ccccc2N1CCN3CCC(CC3)NCc4cc5OCCOc5cn4,pubchem_failed
O=C(Nc1ccccc1)N2CCOCC2,pubchem_failed
CCn1c2ccccc2c3cc(NC(=O)N4CCOCC4)ccc13,pubchem_failed
Cc1ccc(NC(=O)c2cccc(c2)N3CCOCC3)cc1NC(=O)c4ccc(OCc5ccncc5)cc4,pubchem_failed
CN(C)CC(O)COc1ccc(Nc2nccc(Nc3cc(C)ccc3Cl)n2)cc1,pubchem_failed
CC(=O)Nc1cccc(OCc2cnc(Cl)s2)c1,pubchem_failed
OCC(=O)N1CCC[C@H]1COc2cccc3ncnc(Nc4ccc(OCc5ccccn5)c(Cl)c4)c23,pubchem_failed
COc1ccc(cc1)c2nc(nc(O)c2C#N)N3CCOCC3,pubchem_failed
CN1CCC(COc2cc(OC3CCOCC3)c4c(Nc5c(Cl)ccc6OCOc56)ncnc4c2)CC1,pubchem_failed
COc1cc2ncnc(NCc3ccccc3)c2cc1OC,pubchem_failed
CC(C)CN1C(=O)N(C)C(=O)c2c1sc(Cc3ccccc3C(F)(F)F)c2C(=O)N4CC=CC4,pubchem_failed
Cc1ccc(Oc2ccc(OCC(=O)Nc3ccncc3)cc2)cc1,pubchem_failed
Cn1cnc2cc(OC(=O)c3ccccc3)cnc12,pubchem_failed
Brc1cc(Br)cc(COC[C@@H](N2CCNCC2)c3ccccc3)c1,pubchem_failed
Nc1c(c(CN2CCOCC2)nn1c3ccc(F)cc3)c4ccccc4,pubchem_failed
C[C@H](CO)Nc1nc(SCc2cccc(F)c2F)nc3NC(=O)C(=Cc13)C#N,pubchem_failed
COc1ccc2ncc(F)c(CCN3CCC(CC3)NCc4ccc5OCC(=O)Nc5n4)c2n1,pubchem_failed
NC1(CCC1)c2ccc(cc2)c3ncc4ccccc4c3c5ccccc5,pubchem_failed
CS(=O)(=O)c1ccc(cc1Cl)[C@@H](CC2CCCC2)C(=O)Nc3cnc(cn3)[C@H](O)CO,pubchem_failed
CCN(C(=O)C)c1cccc2c1c(Sc3ccc(Cl)cc3)c(C)n2CC(=O)O,pubchem_failed
COc1ccc(COC(=O)N2CCC(CNc3ncccn3)CC2)cc1,pubchem_failed
O[C@H](CNC(=O)c1cccc(c1)C#N)CN2CCC(CC2)Oc3ccc(Cl)c(Cl)c3,pubchem_failed
CN(C)C(=O)Nc1ccc(CN2NC(=O)C3=C(C2=O)C(=O)c4ccc(Cl)cc4N3)cc1,pubchem_failed
COc1cc(Nc2cc(Oc3cccnc3C)ccn2)cc(OC)c1OC,pubchem_failed
CCOc1ccccc1c2ccc3c(c2)C(=O)C(=O)c4ccccc34,pubchem_failed
Cc1cccc(NC(=O)NCC(N2CCOCC2)c3cccnc3)c1,pubchem_failed
Fc1ccc2c3CN(CCc3[nH]c2c1)C(=O)[C@@H]4CCCC[C@H]4C(=O)NC5(CC5)C#N,pubchem_failed
CNC1=Nc2ncccc2C(=NC1c3cccs3)c4ccns4,pubchem_failed
CCC(N(CCCN)C(=O)c1ccc(C)nc1)C2=Nc3ccsc3C(=O)N2Cc4ccccc4,pubchem_failed
C[C@@H]1CN(CCN1c2ncc(OCc3ccc(cc3F)S(=O)(=O)C)cn2)C(=O)OC(C)(C)C,pubchem_failed
NC1(CCN(CC1)c2ncnc3[nH]ccc23)C(=O)NC(c4ccccc4)c5ccc(Cl)cc5,pubchem_failed
O=C1C=C(Nc2cc(Cc3ccccc3)ccc12)c4cccnc4,pubchem_failed
COc1cc(O)ccc1\C=C\2/CCCN=C2c3cccnc3,pubchem_failed
CCCNC(=O)c1nnc2c(cccc2c1N)c3ccccc3,pubchem_failed
COc1cc(ccc1Cn2ncc3ccc(NC(=O)CC4CCCC4)cc23)C(=O)NS(=O)(=O)c5ccccc5,pubchem_failed
CC1=CC(=O)Nc2sc(C(=O)c3ccc(Br)cc3)c(N)c12,pubchem_failed
COC(=O)CCCCCCC(=O)Nc1ccc2c(c1)C(=O)C(=O)c3ccccc23,pubchem_failed
Cc1cc(Cl)ccc1OC2CCN(C[C@H](O)CNC(=O)C3=CNC(=O)C=C3C(F)(F)F)CC2,pubchem_failed
CCCSc1c(cnn1C)C(=O)NC2CCCCC2,pubchem_failed
CS(=O)(=O)c1ccc(cc1)c2cc(ccc2OCC(=O)O)C(F)(F)F,pubchem_failed
OC(=O)COc1ccc(cc1c2ccccc2)C#N,pubchem_failed
CS(=O)(=O)Cc1cc(nc(n1)c2ccc3[nH]ccc3c2)N4CCOCC4,pubchem_failed
FC(F)(F)c1nn(cc1C(=O)NCCNC(=O)c2ccc(Cl)cn2)c3ccccc3,pubchem_failed
CNC(=O)c1cccc(NC(=O)Nc2cccc(c2)C#N)c1CN3CCC(Cc4ccc(F)cc4)CC3,pubchem_failed
NC1(CCN(CC1)c2ncnc3[nH]ccc23)C(=O)NC(Cc4ccccc4)c5ccc(Cl)cc5,pubchem_failed
Cc1oc(cc1C(=O)O)c2ccc(Cl)cc2,pubchem_failed
CSc1nc2cc(Cl)ccc2[nH]1,pubchem_failed
CC(C)C[C@H](CO)Nc1nc(SCc2cccc(c2)C#N)nc3nc(N)sc13,pubchem_failed
CN(C)C(=O)N[C@@H]1CC[C@@H](CN2[C@@H]3CC[C@H]2C[C@H](C3)Oc4cccc(c4)C(=O)N)CC1,pubchem_failed
O[C@@H](CNCCc1cccc(CNCCc2ccccc2F)c1)c3ccc(O)c4NC(=O)Sc34,pubchem_failed
Cc1ccc(CNC(=O)C2CCCN2S(=O)(=O)c3ccc(F)cc3)cc1,pubchem_failed
CC(NC(=O)C1(N)CCN(CC1)c2ncnc3[nH]ccc23)c4ccc(cc4)S(=O)(=O)C,pubchem_failed
C[C@@H]1CN(CCN1c2ncc(OCc3ccncc3C#N)cn2)C(=O)OC(C)(C)C#N,pubchem_failed
CN(C1CCN(Cc2ccc(cc2)C(F)(F)F)CC1)C(=O)Cc3ccc(c(F)c3)S(=O)(=O)C,pubchem_failed
CCOc1cccc2c3CN(CCc3[nH]c12)C(=O)[C@@H]4CCCC[C@H]4C(=O)NC5(CC5)C#N,pubchem_failed
Oc1cc(nc2ncnn12)c3ccccc3,pubchem_failed
NC(=O)c1nnn(c1N)c2ccccc2,pubchem_failed
OC(c1ccccc1)c2cccnc2,pubchem_failed
CN1CCN(CC1)c2ccc3N=CN(C(=O)c3c2)c4cc(ccc4C)C(=O)Nc5nccs5,pubchem_failed
CN1C(=O)N(CC2CC2)c3nn(Cc4cn(C)c5ccc(Cl)cc45)c(c6cc(oc6C)S(=O)(=O)C)c3C1=O,pubchem_failed
CCc1nc2c(N)nc3ccccc3c2n1Cc4ccccc4,pubchem_failed
NCC[C@@H](Oc1ccc(Cl)cc1C#N)c2ccccc2,pubchem_failed
Cc1cc(Oc2ccnc(Nc3cccc(c3)N4CCOCC4)c2)c(nc1C)c5ccccn5,pubchem_failed
Cc1c(Cl)c(ccc1OC2CCN(CC3CCN(CC3)[C@@H](Cc4ccc(F)cc4)C(=O)O)CC2)C#N,pubchem_failed
CCN(C1CCN(CC[C@H](C2CCN(CC2)S(=O)(=O)C)c3cc(Cl)cc(Cl)c3)CC1)C(=O)Cc4ccc(cc4)S(=O)(=O)C,pubchem_failed
C[C@H](CO)Nc1nc(SCc2cccc(F)c2F)nc3nc(C)cnc13,pubchem_failed
Oc1nc(nc2ccccc12)c3ccccc3,pubchem_failed
CN1C(=O)N(CC2CC2)c3nn(Cc4ccnc5ccc(Cl)cc45)c(c6cc(oc6C)S(=O)(=O)C)c3C1=O,pubchem_failed
COc1cc2ncnc(Nc3ccc(F)c(Cl)c3)c2cc1OCCN(C)C,pubchem_failed
NC(=N)Nc1ccc(cc1)C(=O)Oc2ccc(Cl)cc2,pubchem_failed
C[C@@](O)(C(=O)Nc1ccc(cc1Cl)C(=O)N2CCCCC2)C(F)(F)F,pubchem_failed
CC1(CC(=O)NC(=N1)N)c2ccc(Cl)c(Cl)c2,pubchem_failed
CC(C)[C@H](NC(=O)C[C@H](NC(=O)\C=C\c1ccccc1)c2ccccc2)C(=O)[C@H]3[C@H](C)C(=O)NC3=O,pubchem_failed
O=C1O[C@]2(CN3CCC2CC3)CN1c4cccs4,pubchem_failed
CCN(CCO)CCCOc1cc2ncnc(Nc3cc(CC(=O)Nc4cccc(F)c4F)[nH]n3)c2cc1OC,pubchem_failed
OC[C@H](O)CN1C(=O)[C@H](Cc2ccccc12)NC(=O)c3cc4cc(Cl)sc4[nH]3,pubchem_failed
CC(O)C(C)OC(=O)[C@@H]1CC2C(Cc3cn(C(C)C)c4cccc2c34)N(C)C1,pubchem_failed
COc1cc(ccc1Nc2ncc(Cl)c(n2)c3cnc4ccccn34)N5CC6COCC(C5)N6,pubchem_failed
Cc1c(Cl)c(Cl)ccc1OC2CCN(CC3CCN(CC3)[C@@](C)(Cc4ccc(F)cc4)C(=O)O)CC2,pubchem_failed
O=C(Nc1ccc(nc1)N2CCOCC2)c3oc(Nc4cccc(OCc5ccccn5)c4)nn3,pubchem_failed
CC(O)(C(=O)Nc1ccc(cc1)S(=O)(=O)Nc2ccccc2)C(F)(F)F,pubchem_failed
CNc1nc2nc(SCc3cccc(F)c3F)nc(N[C@H](C)CO)c2s1,pubchem_failed
CC(C)CN1C(=O)N(C)C(=O)c2c(SCCCO)n(Cc3cccc4ccccc34)cc12,pubchem_failed
CC(C)C(NC(=O)CN1C(=O)C(=CC=C1c2ccccc2)NC(=O)CN3C(=O)CCC3=O)C(=O)C(F)(F)F,pubchem_failed
CN1CCC(CC1)NC(=O)c2ccc(Oc3ccc(cc3)C#C[C@]4(O)CN5CCC4CC5)cc2,pubchem_failed
CN1CCN(CC1)c2ccc3ncc(C(=O)N)c(Nc4ccc(Cl)cc4Cl)c3c2,pubchem_failed
COc1ccc(CNCc2cccc(CCNC[C@H](O)c3ccc(O)c4NC(=O)Sc34)c2)cc1,pubchem_failed
CN[C@@H](C)C(=O)N[C@@H](C1CCCCC1)C(=O)N[C@H]2CCCN(CCc3ccc(F)cc3)C2,pubchem_failed
COc1cc2c(Nc3ccc(Cl)cc3F)ncnc2cc1OCC4CCNCC4,pubchem_failed
Nc1nc2cc3CCN(Cc4cnc[nH]4)CCc3cc2s1,pubchem_failed
CCN(C1CCN(CCC(c2ccccc2)c3ccc(NC(=O)Cc4ccccc4)cc3)CC1)C(=O)Cc5ccc(cc5)S(=O)(=O)C,pubchem_failed
FC(F)(F)CCS(=O)(=O)Oc1ccc(NC(=O)c2ccc(Cn3ccnn3)c4ccccc24)c(n1)C(=O)NCC5CCOCC5,pubchem_failed
CC(CC(=O)NCc1ccccc1)C2CCCO2,pubchem_failed
CN[C@@H](C)C(=O)N[C@@H](C1CCCCC1)C(=O)N[C@H]2CCN(CCCc3ccccc3)C2,pubchem_failed
CNc1cc(nc2c(cc(OC)cc12)N3CCN(C)CC3)C(=O)Nc4ccc(cc4)N5CCOCC5,pubchem_failed
CS(=O)(=O)Cc1ccc2ccn(c3cc(NC4CC4)n5ncc(C#N)c5n3)c2c1,pubchem_failed
CCn1c2ccccc2c3cc(NC(=O)CN(C)C)ccc13,pubchem_failed
OC(=O)COc1ccc(Cl)cc1C2CCCCC2,pubchem_failed
Oc1ccc2[nH]c(CN3CCC(Cc4ccc(F)cc4)CC3)nc2c1,pubchem_failed
Cn1cc(cc1c2c3C(=O)N(CC#N)C(=O)N(CC4CC4)c3nn2Cc5ccnc6ccc(Cl)cc56)C#N,pubchem_failed
Clc1ccccc1NC(=O)c2cc[nH]n2,pubchem_failed
CN(C)S(=O)(=O)c1ccc(CC(=O)N(C)C2CCN(CCC(c3ccccc3)c4ccccc4)CC2)cc1,pubchem_failed
C[C@@H](NC1=CC(=O)CCC1)c2ccc(Nc3ncc4cc(ccc4n3)c5ccncc5)cc2,pubchem_failed
O=C1C=C(Nc2ccccc12)c3occc3,pubchem_failed
Nc1nc2cc3CCN(Cc4ccccc4)CCc3cc2s1,pubchem_failed
Cc1onc(C)c1CCC2CCN(CC2)S(=O)(=O)CC3(CCC(F)(F)CC3)N(O)C=O,pubchem_failed
Oc1ccc(CCNCCCNS(=O)(=O)CCOCc2cccc3ccccc23)c4sc(O)nc14,pubchem_failed
O=C(NCC#N)[C@@H]1CCCC[C@H]1C(=O)N2CCC=CC2,pubchem_failed
CNS(=O)(=O)NC1=CC=C(N(CC(=O)NC(C(C)C)C(=O)C(F)(F)F)C1=O)c2ccccc2,pubchem_failed
O=S(=O)(NCCNc1ncccn1)c2cccc3cnccc23,pubchem_failed
COc1ccc2nc(C)cc(c2c1)n3cc(CNC(=O)C)nn3,pubchem_failed
CCCCc1nc2c(N)nc3ccccc3c2n1CC(C)(C)O,pubchem_failed
C[C@H](CO)Nc1nc(SCc2cccc(F)c2F)nc3nc(N)sc13,pubchem_failed
CCCS(=O)(=O)c1ccc(cc1)C(CNS(=O)(=O)c2ccc(cc2)C(F)(F)F)N3CCCCCC3,pubchem_failed
NC(=N)c1cc2c(\C=C\c3ccc4OCOc4c3)cccc2s1,pubchem_failed
OC(=O)C(N1CCCC(CN2CCC(CC2)Oc3ccc(Cl)c(Cl)c3)C1)c4ccccc4,pubchem_failed
CCOC(=O)c1cc(O)c(nn1)c2ccccc2,pubchem_failed
c1ccc2c(c1)nnn2c3ccncc3,pubchem_failed
Cc1cccc(CN2C=CN3C(=O)C=C(N=C23)N4CCOCC4)c1,pubchem_failed
Nc1nc(O)cc(n1)c2ccc(O)cc2,pubchem_failed
O=C(NCc1ccccc1)c2cccnc2Oc3ccccc3,pubchem_failed
CC(C)CNc1nc(nc(N2CC(O)C2)c1N)C#N,pubchem_failed
CN(C)C(=O)N1CCC(CC1)C(=O)NCc2cccs2,pubchem_failed
CN(c1ccnc(Nc2cc(cc(c2)C(=O)N3CCOCC3)N4CCOCC4)n1)c5cc(CO)ccc5C,pubchem_failed
Fc1ccc(cc1Cl)S(=O)(=O)NCC(N2CCCCCC2)c3ccccc3,pubchem_failed
CCN(C1CCN(CCC(c2ccccc2)c3ccccc3)CC1)C(=O)Cc4ccc(cc4)[N+](=O)[O-],pubchem_failed
Clc1ccc(cc1)c2c[nH]nn2,pubchem_failed
COc1cc(cc2cnc(Nc3ccc(cc3)[C@@H](C)NC(=O)C)nc12)c4ccncc4,pubchem_failed
CC(C)N1C(=O)N(C)C(=O)c2cn(Cc3cccc4ccccc34)cc12,pubchem_failed
C[C@H](Nc1nc(Nc2ncc(C)s2)cc(n1)N3CCOCC3)c4ncc(F)cn4,pubchem_failed
CC(C)N1CCN(Cc2cnc(c(C)c2)c3ccc(cc3)C(=O)Nc4ccccc4N)CC1,pubchem_failed
NC1(CCC1)c2ccc(cc2)c3nc4ccccc4cc3c5ccccc5,pubchem_failed
OC(=O)c1ccc(cc1)n2ncc(C(=O)NC3C4CC5CC(CC3C5)C4)c2C6CCC6,pubchem_failed
O=C1Nc2cc(ccc2C1c3ncnc4cc(OCCCN5CCOCC5)ccc34)C#N,pubchem_failed
CC(C)(C)C(=O)NCc1ccc(NC(=O)N2CCCC(O)(C2)c3ccc(Cl)c(Cl)c3)cc1,pubchem_failed
CCCCn1c(Cc2cc(OC)c(OC)c(OC)c2)nc3c(N)ncnc13,pubchem_failed
NC(=N)c1cc2c(OCc3ccccc3)cccc2s1,pubchem_failed
CCCSc1nc(N[C@@H]2C[C@H]2c3ccccc3)c4nnn([C@@H]5C[C@H](OCCO)[C@@H](O)[C@H]5O)c4n1,pubchem_failed
Cc1ccc(NC(=O)c2ccnc(c2)N3CCOCC3)cc1Nc4ccnc(Cl)n4,pubchem_failed
OC(=O)C[C@H]1[C@@H](Cc2ccccc12)NC(=O)c3cc4cc(Cl)ccc4[nH]3,pubchem_failed
COc1ccc(cc1Cl)C(=O)NCCN2CCN(Cc3ccc(Cl)c(Cl)c3)CC2,pubchem_failed
O[C@@H](CNCCc1cccc(CNCc2ccccc2Cl)c1)c3ccc(O)c4NC(=O)Sc34,pubchem_failed
Cc1cc(CNc2nccc(Nc3cc(CCc4ccccc4)[nH]n3)n2)on1,pubchem_failed
NC(=O)c1cccc(O[C@@H]2C[C@H]3CC[C@@H](C2)N3Cc4ccccc4)c1,pubchem_failed
COc1cc(Nc2c(cnc3cc(OC)c(OC)cc23)C#N)cc(OC)c1,pubchem_failed
Cc1cc(CNc2ncc(Br)c(Nc3cc([nH]n3)C4CC4)n2)on1,pubchem_failed
COc1cc2ncnc(Nc3cccc(Cl)c3F)c2cc1CN4CCC[C@H]4CC(=O)N,pubchem_failed
COc1cc2ncnc(NCc3cccc(C)c3)c2cc1OC,pubchem_failed
COc1ccc(cc1)c2cc(O)nc(N)n2,pubchem_failed
OC(=O)c1ccc(NC(=O)c2cc(OCc3ccccc3)cc(OCc4ccccc4)c2)nc1,pubchem_failed
OCC(CO)CN1C(=O)C(Cc2ccccc12)NC(=O)c3cc4cc(Cl)ccc4[nH]3,pubchem_failed
CCN(C1CCN(CC[C@H](N2CCN(CC2)S(=O)(=O)C)c3cc(F)cc(F)c3)CC1)C(=O)Cc4ccc(cc4)S(=O)(=O)C,pubchem_failed
Cc1ccc(cc1)S(=O)(=O)Nc2ccc(\C=C\C(=O)Nc3ccccc3N)cc2,pubchem_failed
Clc1ccc(C2CCN(CC2)C(=O)COCc3ccncc3)c(Cl)c1,pubchem_failed
CC(C)N(CCNCCc1ccc(O)c2NC(=O)Sc12)C(=O)CCOCCc3ccccc3,pubchem_failed
CCOc1ccc(cc1)c2cnc3CCCn23,pubchem_failed
C[C@@H](NC(=O)[C@@H]1CCCC[C@H]1C(=O)N2CCc3[nH]c4ccc(F)cc4c3C2)C#N,pubchem_failed
COc1ccc2nc(C)cc(OCC(=O)NCc3ccccc3)c2c1,pubchem_failed
CNC1=CN=C(N(CC(=O)NC(C(C)C)C(=O)C(F)(F)F)C1=O)c2ccc(F)cc2,pubchem_failed
CC(=O)Nc1ccc2c(c1)c(cn2CCC(=O)O)c3cc(NC4CC4)n5ncc(C#N)c5n3,pubchem_failed
CCN(C1CCN(CCC(c2ccccc2)c3ccccc3)CC1)C(=O)Cc4ccc(cc4)S(=O)(=O)N(C)C,pubchem_failed
CN1CCN(CC1)c2nc3ccccc3cc2Cn4nc(c5ccc6nc(N)sc6c5)c7c(N)ncnc47,pubchem_failed
Oc1cccc2ccc(nc12)C#N,pubchem_failed
COCCNC(=O)c1ccc(Nc2ncc3cc(ccc3n2)c4ccncc4OC)cc1,pubchem_failed
NCCCCCc1c[nH]c2ccc(F)cc12,pubchem_failed
CN1C(=O)N(Cc2ccc(cc2)C(=O)O)C(=O)c3cc(ccc13)C#CCc4ccccc4,pubchem_failed
COc1c(cc2ccccc2c1C(=O)N(C)C[C@@H](CCN3CCC(CC3)c4ccc(O)cc4[S+](C)[O-])c5ccc(Cl)c(Cl)c5)C#N,pubchem_failed
Cn1c(ccc1c2cc(F)c3NC(=O)C(C)(C)c3c2)C#N,pubchem_failed
CN(C)CC(O)COc1ccc(Nc2cc(ncn2)N(CCC#N)c3cc(Cl)ccc3Cl)cc1,pubchem_failed
OC1(CNC(=O)c2cc(ccc2Cl)N3N=CC(=O)NC3=O)CCCCCC1,pubchem_failed
CCC[C@@H](N1CCC[C@@H](C1)N2C=C(C)C(=O)NC2=O)c3ccc(C(=O)O)c(Oc4cccc(Cl)c4)c3,pubchem_failed
CN(C)C(=O)[C@H](Cc1ccccc1)NC(=O)c2cc3sccc3[nH]2,pubchem_failed
Cc1cccc(Br)c1C(=O)N[C@@H](Cc2ccc(NC(=O)c3c(Cl)cccc3Cl)cc2)C(=O)O,pubchem_failed
C[C@H](CO)Nc1nc(SCc2cccc(F)c2F)nc3nc(NS(=O)(=O)C)sc13,pubchem_failed
Cc1nc(C)c(nc1C(=O)N)c2ccc3c(CC[C@@]34CC[C@@H](CC4)c5nnn[nH]5)c2,pubchem_failed
Brc1cnc(NCc2ccccc2)nc1Nc3cc([nH]n3)C4CC4,pubchem_failed
Cc1ccc(cc1NC(=O)CC23CC4CC(CC(C4)C2)C3)C(=O)N5CC6CNCC(C5)O6,pubchem_failed
C[C@H](Nc1nc(Nc2ncc(C)s2)cc(n1)N3CCN(C)CC3)c4ccc(F)cn4,pubchem_failed
CN(c1ccnc(Nc2cc(cc(c2)N3CCOCC3)N4CCOCC4)n1)c5cccc6[nH]ncc56,pubchem_failed
Fc1ccccc1NC(=O)NC2N=C(c3ccccc3)c4ccccc4NC2=O,pubchem_failed
CN1C(=O)C=C(CCc2ccc3cc[nH]c3c2)N=C1N,pubchem_failed
CC1=C(Cc2ccccc2)C(=O)n3nc(NCc4cccc(Cl)c4)nc3N1,pubchem_failed
Clc1ccc(Cl)c(c1)S(=O)(=O)Nc2nc(cs2)c3sccc3Cl,pubchem_failed
COc1cc2ncc(C(=O)N)c(Nc3ccccc3C)c2cc1OC,pubchem_failed
N[C@@H](Cc1cccs1)C(=O)N[C@]2(C[C@H]2c3ccccc3)C#N,pubchem_failed
COc1ccc(C)c(NC(=O)CC23CC4CC(CC(C4)C2)C3)c1,pubchem_failed
CC1=CN(C2CCCN(Cc3cccc(Oc4ccccc4)c3)C2)C(=O)NC1=O,pubchem_failed
Oc1cccc(NC(=O)c2ccc(OCCCN3CCCC3)cc2OCc4ccccc4)c1,pubchem_failed
C[C@@H](NC1=CC(=O)CNC1)c2ccc(Nc3ncc4cc(ccc4n3)c5ccncc5)cc2,pubchem_failed
CN1CCOc2cc(COc3ccccc3)cnc12,pubchem_failed
O[C@H](CNC(=O)c1c[nH]nc1C2CC2)CN3CCC(CC3)Oc4ccc(Cl)c(Cl)c4,pubchem_failed
CCC(N(CCCN)C(=O)c1ccc(C)cc1)C2=Nc3ccsc3C(=O)N2Cc4cscn4,pubchem_failed
C[C@H]1O[C@H]([C@H](O)[C@@H]1O)n2cnc3c(N)nc(OC4CCC(F)(F)CC4)nc23,pubchem_failed
O[C@@H](CNCCc1cccc(CNCCc2ccccc2Cl)c1)c3ccc(O)c4NC(=O)Sc34,pubchem_failed
CC(C)n1c2ccccc2c3cc(NC(=O)N4CCOCC4)ccc13,pubchem_failed
CC(C)Oc1ccc(cc1C(=O)N2CCN(CC2)c3ccc(cc3)C(F)(F)F)S(=O)(=O)C,pubchem_failed
CN[C@@H](C)C(=O)N[C@@H](C1CCCCC1)C(=O)N[C@H]2CCCN(Cc3ccccc3)C2,pubchem_failed
CN1CCN(CC1)C(=O)Cc2csc(NS(=O)(=O)c3cccc(Cl)c3C)n2,pubchem_failed
CCOC(=O)c1cnc2c(N)cccc2c1O,pubchem_failed
CN(c1ccnc(Nc2cc(cc(c2)N3CCOCC3)N4CCCOCC4)n1)c5cc(CO)ccc5C,pubchem_failed
NS(=O)(=O)c1ccc(Nc2nccc(n2)c3cnc4ccccn34)cc1,pubchem_failed
COc1cc(OC)c(cc1NC(=O)CCC(=O)O)S(=O)(=O)N2C(C)CCc3ccccc23,pubchem_failed
Cc1cc(CN2Cc3cccnc3CC2C(=O)Nc4ccc(Cl)cc4Cl)ccc1OCC(=O)O,pubchem_failed
C1CN2CCC1C(C2)c3oc(nn3)c4oc(cc4)c5cccnc5,pubchem_failed
O=C(NC1(CC1)C#N)[C@@H]2CCCC[C@H]2C(=O)N3CCN(CC3)c4nc(cs4)c5ccccc5,pubchem_failed
NC1=CC2=NNC(=O)N2c3cc(ccc13)c4ccsc4,pubchem_failed
CC(C)n1c(C)ncc1c2nc(Nc3ccc(C(=O)N)c(F)c3)ncc2F,pubchem_failed
c1ccc(cc1)c2cn3ccccc3n2,pubchem_failed
NC(=O)c1cccc(O[C@H]2C[C@H]3CC[C@@H](C2)N3CC4CCCCC4)c1,pubchem_failed
OC(=O)c1ccccc1N2CCC(CN3CCC(CC3)Oc4ccc(Cl)c(Cl)c4)CC2,pubchem_failed
COc1ccc(CC(=O)N(C)C2CCN(CCC(c3ccccc3)c4ccccc4)CC2)cc1OC,pubchem_failed
CCN1CCN(Cc2cnc(c(C)c2)c3ccc(cc3)C(=O)Nc4ccccc4N)CC1,pubchem_failed
CCC(N(CCCN)C(=O)c1ccc(C)cc1)C2=Nc3snc(C)c3C(=O)N2Cc4ccccc4,pubchem_failed
CCOC(=O)Cc1csc(NS(=O)(=O)c2ccc(Cl)cc2)n1,pubchem_failed
Cc1nc(C)c(s1)C(=O)N[C@@H](Cc2cccc(Cl)c2)C(=O)NCC#N,pubchem_failed
COc1ccc(cc1)c2nc3CCCn3c2Br,pubchem_failed
OC(=O)[C@H](Cc1ccc(cc1)C#N)N2CCC(CN3CCC(CC3)Oc4ccc(Cl)c(Cl)c4)CC2,pubchem_failed
Cn1c(ccc1c2ccc3NC(=O)OC(C)(C)c3c2)C#N,pubchem_failed
Cn1c2ccccc2c3cc(NC(=O)CCc4ccncc4)ccc13,pubchem_failed
OC(c1ccccc1)c2ccc3C(=O)C=C(Nc3c2)c4cccnc4,pubchem_failed
O[C@@H](CNCCc1cccc(CNCc2ccccc2F)c1)c3ccc(O)c4NC(=O)Sc34,pubchem_failed
CN1C(=O)C=C(CCc2cccc(c2)c3cccnc3)N=C1N,pubchem_failed
NS(=O)(=O)c1cccc(Nc2nccc(Nc3c(Cl)ccc4OCOc34)n2)c1,pubchem_failed
CC(=O)NC[C@H]1CN(C(=O)O1)c2ccc(N3Cc4ccncc4C3)c(F)c2,pubchem_failed
CC1=C(Cc2ccccc2)C(=O)n3nc(NCc4cccc(Br)c4)nc3N1,pubchem_failed
CC(C)n1nc(c2ccc(C)cc2)c3c(N)ncnc13,pubchem_failed
O=C1CCOc2nc(OCc3ccccc3)ccc12,pubchem_failed
COc1ccc(OC)c(c1)c2c(F)ccc3c(N)c(nnc23)C(=O)NC4CC4,pubchem_failed
CC(C)N1CCO[C@@H](CN2CCN(CC2)C(=O)Nc3ccc(Cl)c(Cl)c3)C1,pubchem_failed
CN[C@@H](C)C(=O)N[C@H](C(=O)N[C@H]1CCCN(CCc2cccc(OC)c2)C1)C(C)(C)C,pubchem_failed
CC(C)n1c(C)ncc1c2ccnc(Nc3ccc(C(=O)N(C)C)c(F)c3)n2,pubchem_failed
OC(=O)[C@H](Cc1ccc(Cl)cc1)N2CCC(CN3CCC(CC3)Oc4ccc(Cl)c(Cl)c4)CC2,pubchem_failed
Cc1cc(C)nc(N)c1,pubchem_failed
Fc1cccc(CN2CCN(CC2)c3ccc4nnc(n4n3)C(F)(F)F)c1F,pubchem_failed
CCCCCCCN(CCc1ccc(OC(C)(C)C(=O)O)cc1)C(=O)Nc2ccc(F)cc2F,pubchem_failed
COc1ccc(cn1)[C@@]2(O)CC[C@H](CC2)N3CC[C@H](C3)NC(=O)CNC(=O)c4cccc(c4)C(F)(F)F,pubchem_failed
NC1(CCN(CC1)c2ncnc3[nH]ccc23)C(=O)N[C@@H](CCN4CCCCC4)c5ccc(Cl)cc5,pubchem_failed
CN(C)CCNc1cc(nc2cc(nn12)c3ccc(F)cc3)c4ccccc4,pubchem_failed
O=S(=O)(Nc1cccnc1)c2ccc3OCCOc3c2,pubchem_failed
OC[C@H]1C[C@H]([C@H](O)[C@@H]1O)n2nnc3c(N[C@@H]4C[C@H]4c5ccccc5)nc(SCCC(F)(F)F)nc23,pubchem_failed
CC(=O)NCc1ccc(CN2CCN(CC2)c3ccc(F)cc3F)cc1,pubchem_failed
O=C(N1CCC1)c2ccc(cc2)C(=C3CCN(Cc4cscn4)CC3)c5cccc6cccnc56,pubchem_failed
Clc1ccc(cc1C(=O)NCC23CC4CC(CC(C4)C2)C3)N5CCNCC5,pubchem_failed
Fc1ccccc1Nc2oc(nn2)C(=O)Nc3ccc(cn3)N4CCOCC4,pubchem_failed
NCC(O)(c1ccccc1)c2ccccc2,pubchem_failed
[O-][N+](=O)c1cccc(c1)c2ccc(OCC(CCc3ccncc3)N4C(=O)CCC4=O)cc2,pubchem_failed
Cc1cc(N)c2cc(NC(=O)CC(=O)Nc3ccc4nc(C)cc(N)c4c3)ccc2n1,pubchem_failed
Nc1ccc2ncnc(Nc3ccc(F)c(Cl)c3)c2c1,pubchem_failed
Fc1ccc(cc1F)C(=O)Nc2ccc(Cl)nc2,pubchem_failed
CCN(CC)S(=O)(=O)c1ccc(NC(=O)[C@@](C)(O)C(F)(F)F)c(Cl)c1,pubchem_failed
COc1cc(F)ccc1c2cncc(c2)C3CCCN3,pubchem_failed
COc1ccc(Nc2ccccc2C(=O)O)cc1,pubchem_failed
CN(C)CCCC(NC(=O)C1(N)CCN(CC1)c2ncnc3[nH]ccc23)c4ccc(Cl)cc4,pubchem_failed
C[C@H](CO)Nc1nc(SCc2cccc(F)c2F)nc3ncc(C)nc13,pubchem_failed
COc1ccc2c(Oc3ccc(CC(=O)Nc4n[nH]c(C)c4C)c(OC)c3)ccnc2c1,pubchem_failed
C[C@H](Nc1nc(NC[C@@H](O)CO)c(Cl)c(Nc2cc([nH]n2)C3CC3)n1)c4ccc(F)cc4,pubchem_failed
CCCSc1c(cnn1[C@@H]2CC[C@H](CC2)C(=O)O)C(=O)NC3CCCCC3,pubchem_failed
Oc1c(C#N)c(nc2ccncc12)c3ccc(cc3)c4ccccc4CN5CCOCC5,pubchem_failed
CS(=O)(=O)C1(CCNCC1)c2cc(nc(n2)c3cccc4[nH]ccc34)N5CCOCC5,pubchem_failed
CN(C)Cc1ccccc1Sc2ccc(C)cc2N,pubchem_failed
Cc1cc(CN2CCc3ccccc3C2C(=O)Nc4ccc(Cl)cc4Cl)ccc1OCC(=O)O,pubchem_failed
CN(C1CCN(Cc2ccc(cc2)C(F)(F)F)CC1)C(=O)Cc3ccc(cc3)S(=O)(=O)C,pubchem_failed
O=C(N1CCCCC1)c2csc3CCCCc23,pubchem_failed
SC1=Nc2[nH]cnc2C(=O)N1,pubchem_failed
Nc1ncnc2c1ncn2[C@@H]3O[C@H](CSCCCNC(=O)Nc4ccc(Cl)cc4)[C@@H](O)[C@H]3O,pubchem_failed
N#Cc1cccc(c1)c2onc(n2)c3ccccn3,pubchem_failed
COc1ccc2nccc(C(O)C3CC4(CCN3CC4)C=C)c2c1,pubchem_failed
Cn1cc(cn1)c2cccc(C[C@H](NC(=O)c3cc(nn3C)C(C)(C)C)C(=O)NCC#N)c2,pubchem_failed
C[C@H](Nc1ncc(F)c(Nc2cc([nH]n2)C3CC3)n1)c4ccc(F)cn4,pubchem_failed
CCC[C@@H](CN1CCCC1)N(C)C(=O)Cc2ccc(Cl)c(Cl)c2,pubchem_failed
COc1ccc2N=CC(=O)N(CCN3CCC(CC3)NCc4cc5OCCOc5cn4)c2c1,pubchem_failed
CC1=C2C(=CC(=O)N1Cc3ccccn3)NN(C2=O)c4ccccc4Cl,pubchem_failed
COc1ccc2N=NC(=O)N(CCN3CCC(CC3)NCc4ccc5OCC(=O)Nc5n4)c2c1,pubchem_failed
Cc1ccccc1CN2CCC(CC2)N3CCC(CC3)N4C(=O)Nc5ccccc45,pubchem_failed
O=C(CSc1ccccc1)N2CCN(CC2)c3ccccc3,pubchem_failed
O[C@@H](CNCCc1ccc(CNCCc2ccccn2)cc1)c3ccc(O)c4NC(=O)Sc34,pubchem_failed
Clc1ccc2OCOc2c1Nc3ncnc4cc(OCCN5CCCC5)cc(OC6CCOCC6)c34,pubchem_failed
CSc1ncccc1C(=O)NCC2CCCCC2,pubchem_failed
COc1ccccc1C(=O)Nc2ccc(C)c(c2)N3C=Nc4ccc(cc4C3=O)N5CCN(C)CC5,pubchem_failed
COc1ccc(cc1)c2cc(N)n3ncc(C#N)c3n2,pubchem_failed
COCCCCC(=NOCCN)c1ccc(cc1)C(F)(F)F,pubchem_failed
CNC1=Nc2ncccc2C(=NC1c3cccs3)c4ccccc4,pubchem_failed
CCN1C2=NC(=O)N(C)C(=O)C2=Cc3ccccc13,pubchem_failed
CN(C)c1cccc(c1)C(=O)Nc2ccc(C)c(c2)C(=O)Nc3cccnc3,pubchem_failed
NC(=O)c1ccc(O[C@H]2C[C@H]3CC[C@@H](C2)N3Cc4ccccc4)cn1,pubchem_failed
CCCN1CCC(CC1)Oc2nccc(Nc3cc(NC(=O)c4cccc(c4)N5CCOCC5)ccc3C)n2,pubchem_failed
COc1cc(ccc1Nc2ncc(Cl)c(n2)c3cnc4cc(C)ccn34)N5CCN(CC5)C(=O)C,pubchem_failed
COc1cnc(nc1N2CCOCC2)c3ccccn3,pubchem_failed
C[C@@H]1CN(CCN1c2ncc(OCc3ccc(cn3)S(=O)(=O)C)cn2)C(=O)OC(C)(C)C,pubchem_failed
Nc1nccc(n1)c2cc3C(=O)NC[C@H](CCF)c3[nH]2,pubchem_failed
COc1ccc(cc1)c2nc3c(NCC4CCNCC4)c(Br)cnc3[nH]2,pubchem_failed
CCCSc1nc(Oc2ccc(CC(=O)O)cc2)ccc1C(=O)NC3CCCCC3,pubchem_failed
O=C(Nc1ccc(cc1)N2CCOCC2)c3oc(Nc4ccccc4)nn3,pubchem_failed
CNC(=O)c1[nH]cnc1C(=O)Nc2ccc(OC)cc2,pubchem_failed
Cc1ccc([nH]1)C(=O)NC2CCN(CC2)c3cc(cc(Cl)n3)C(=O)N,pubchem_failed
Fc1ccc(CC2=NNC(=O)c3ccccc23)cc1C(=O)N4CCN(CC4)C(=O)C5CCCO5,pubchem_failed
O=C(Nc1ccccc1)c2ccc(OCCCN3CCCC3)cc2OCc4ccccc4C#N,pubchem_failed
CN1CCN(CC1)c2ccc3N=CN(C(=O)c3c2)c4cc(NC(=O)c5cocc5)ccc4C,pubchem_failed
COc1cccc(c1)C(=O)Nc2ccc(C)c(c2)N3C=Nc4ccc(cc4C3=O)N5CCN(C)CC5,pubchem_failed
COc1ccc(CNC(=O)c2ccc(Oc3ccc(cc3)C#C[C@]4(O)CN5CCC4CC5)cc2)nc1,pubchem_failed
Cn1cc(cc1c2c3C(=O)N(CC#CCn4cncn4)C(=O)N(CC5CC5)c3nn2Cc6ccnc7ccc(Cl)cc67)C#N,pubchem_failed
CCNCc1cncc(n1)c2ccc(F)cc2OC,pubchem_failed
CCCNC(=O)c1nnc2c(c(F)ccc2c1N)c3ccc(OC)cc3OC,pubchem_failed
CCO\N=C(\C1CCN(CC1)C2(C)CCN(CC2)C(=O)c3c(Cl)cncc3Cl)/c4ccc(Br)cc4,pubchem_failed
C[C@H]1O[C@H]([C@H](O)[C@@H]1O)n2cnc3c(N)nc(OCC4CC45CC5)nc23,pubchem_failed
CCN(C1CCN(CCC(N2CCN(CC2)c3cccc(F)c3)c4ccccc4)CC1)C(=O)Cc5ccc(cc5)S(=O)(=O)C,pubchem_failed
FC(F)(F)c1cccc(c1)S(=O)(=O)NC(=O)N2CCC(CC2)N3CCC(CC3)Oc4ccc(Cl)c(Cl)c4,pubchem_failed
OC(=O)CCC(=O)N1CCC(CC1)c2onc(n2)c3cccs3,pubchem_failed
Oc1ccc2C(=O)N(C(=O)c2c1)c3ccccc3,pubchem_failed
COc1ccc2C=CC(=O)N(CCN3CCC(CC3)NCc4cc5OCCOc5cn4)c2n1,pubchem_failed
Cc1cc(C)nc(SCC(=O)N)n1,pubchem_failed
Cc1oc(CN2NC(=O)C3=C(C2=O)C(=O)c4ccc(Cl)cc4N3)cc1C,pubchem_failed
O[C@@H](CNCCCSCCNCCc1cccc(Cl)c1)c2ccc(O)c3NC(=O)Sc23,pubchem_failed
C[C@H]1CN(Cc2cc(Cl)ccc2CC(=O)O)CCN1C(=O)Cc3ccc(Cl)cc3,pubchem_failed
C[C@@](N)(Cc1ccccc1)c2ccccc2,pubchem_failed
Cc1cc(CN2Cc3ccccc3C2C(=O)Nc4cc(Cl)ccc4Cl)ccc1OCC(=O)O,pubchem_failed
CCC(CC)NC(=O)c1c(C)nn(C(C)C)c1NS(=O)(=O)c2ccc(C)cc2,pubchem_failed
Cc1ccc(cc1NC(=O)c2ccc(OCc3ccccn3)cc2)c4cc(n[nH]4)C(F)(F)F,pubchem_failed
ONC(=O)Cc1ccc(OCc2ccccc2)cc1,pubchem_failed
CS(=O)(=O)c1cccc(Nc2nccc(n2)N(CC#N)c3c(Cl)ccc4OCOc34)c1,pubchem_failed
CN(CCOc1ccccc1c2cc(C(=O)N)c(NC(=O)N)s2)Cc3ccccc3,pubchem_failed
Nc1nc(N)c2nc(CO)cnc2n1,pubchem_failed
OC(=O)c1ccccc1NC(=O)Nc2ccccc2,pubchem_failed
CC(NC(=O)C1(N)CCN(CC1)c2ncnc3[nH]ccc23)c4ccccn4,pubchem_failed
Cc1nc(NC(=N)N)nc2ccccc12,pubchem_failed
CNC(=O)c1ccc(Nc2nccc(n2)c3cnc(C)n3C(C)C)cc1,pubchem_failed
OCCN1C(=O)C(Cc2ccccc12)NC(=O)c3cc4cc(Cl)sc4[nH]3,pubchem_failed
NC(=O)c1ccc(O[C@H]2C[C@H]3CC[C@@H](C2)N3Cc4ccccc4)nc1,pubchem_failed
NC(=O)c1cnc(N[C@H]2CCCNC2)c3cc(Br)sc13,pubchem_failed
CCC(CC)NC(=O)c1c(C)nn(c1NS(=O)(=O)c2ccc(C)cc2)c3ccccc3,pubchem_failed
OC(=O)C[C@@H]1CC[C@H](CC1)c2ccc(NC(=O)c3oc(Nc4ccccc4F)nn3)cc2,pubchem_failed
NCC[C@@H](Sc1cc(Cl)ccc1C#N)c2ccccc2,pubchem_failed
FC(F)(F)Oc1cccc2c3CN(CCc3[nH]c12)C(=O)[C@@H]4CCCC[C@H]4C(=O)NC5(CC5)C#N,pubchem_failed
Clc1ccc(NC(=O)N2CCN(C[C@@H]3CCCN(CC4CC4)C3)CC2)cc1Cl,pubchem_failed
CN1CCN(CC1)c2ccc3N=CN(C(=O)c3c2)c4cc(NC(=O)c5cccc(c5)N6CCOCC6)ccc4C,pubchem_failed
OC(=O)c1cncc(c1)c2ccc(Cl)c(c2)C(=O)NCC34CC5CC(CC(C5)C3)C4,pubchem_failed
COc1cncc(NC(=O)c2cc(NC(=O)c3cccc(c3)C(C)(C)C#N)ccc2C)c1,pubchem_failed
Nc1nc(nc2c1nc(O)n2Cc3ccccc3)c4ccccc4,pubchem_failed
[O-][N+](=O)c1ccc2c(c1)C(=O)C(=O)c3ccccc23,pubchem_failed
CC(C)Nc1ccc2cnn(c3cncc(n3)n4ccc(CC(=O)O)c4)c2c1,pubchem_failed
NC1=NC(c2cccc(c2)c3cncnc3)(c4ccnc(c4)C(F)(F)F)c5cccc(F)c15,pubchem_failed
Cc1sc(nc1C(F)(F)F)N2CCN(CC2)C(=O)[C@@H]3CCCC[C@H]3C(=O)NC4(CC4)C#N,pubchem_failed
COc1cc2ncnc(Nc3cccc(Cl)c3F)c2cc1CN(C)C4(CCN(C)CC4)C(=O)N,pubchem_failed
COC(=O)c1c(C)[nH]c(C)c1C(=O)c2ccccc2Cl,pubchem_failed
CNc1c(Br)cnc2[nH]c(nc12)c3ccc(O)cc3,pubchem_failed
CCNC(=O)c1ccc(CN2CCC(CC2)c3ccc(cc3)C(=O)Nc4ccccc4N)cc1,pubchem_failed
COCCOc1cc(Nc2nccc(n2)N(C)c3cc(CO)ccc3C)cc(c1)N4CCOCC4,pubchem_failed
COc1cc(Nc2cc(Oc3cccnc3)ccn2)cc(OC)c1OC,pubchem_failed
CC[C@H](NC(=O)c1c([S+](C)[O-])c(nc2c(F)cccc12)c3ccccc3)c4ccccc4,pubchem_failed
Cc1ccc2cc(C)c3nnc(SCC(=O)N4CCN(CC4)C(=O)c5occc5)n3c2c1,pubchem_failed
Nc1ccc2cccc(Nc3ncccn3)c2n1,pubchem_failed
O=C1C=C(N=C2C=CC=CN12)N3CCOCC3,pubchem_failed
Clc1ccc(cc1Cl)C2CNCC=CC2,pubchem_failed
N(c1ccccc1)c2ncnc3ccccc23,pubchem_failed
FC(F)(F)Oc1ccc2OCC(=O)N(CCN3CCC(CC3)NCc4ccc5OCC(=O)Nc5n4)c2c1,pubchem_failed
Nc1c(NC2CCCCC2)nc(nc1N3CCOCC3)C#N,pubchem_failed
COc1cc(F)ccc1c2cncc(CNC(=O)c3cnccn3)c2,pubchem_failed
COc1cc(cc(OC)c1OC)c2nnc(S)n2c3cccc(c3)C(F)(F)F,pubchem_failed
COCCOc1ccc(cc1)c2cc(C(=O)N)c(NC(=O)N)s2,pubchem_failed
C[C@H](NC1=NC(=O)[C@](C)(S1)C(F)(F)F)c2ccccc2F,pubchem_failed
Fc1ccc(NC(=S)N2CCC(CC2)C(=O)c3ccc(F)cc3)cc1,pubchem_failed
COc1cc(F)ccc1c2cccc(CNC3CCCC3)n2,pubchem_failed
CC(C)n1c(C)ncc1c2ccnc(Nc3ccc(cc3)C(=O)NC4CCN(C)CC4)n2,pubchem_failed
Nc1c(nc(nc1N2CCOCC2)C#N)N3CCCCC3,pubchem_failed
COc1ccc(COc2nc(Br)cnc2NS(=O)(=O)c3ccc(C)cc3)cc1OCCN(C)C,pubchem_failed
CCN(C1CCN(CC[C@H](c2ccc(cc2)S(=O)(=O)C)c3cccc(F)c3)CC1)C(=O)Cc4ccc(cc4)S(=O)(=O)C,pubchem_failed
COc1ccc(cc1OC)C(=O)Nc2cccc(NC(=O)c3cccc(c3)N(C)C)c2,pubchem_failed
OC(=O)COc1ccc(Cl)cc1CN2CCC(CC2)S(=O)(=O)c3ccccc3,pubchem_failed
COc1cc(OC2CCN(C)CC2)c3c(Nc4cccc5OCOc45)ncnc3c1,pubchem_failed
CC[C@H](N)C(=O)N[C@@H](Cc1ccc(cc1)c2ccccc2)C#N,pubchem_failed
OC(=O)CCc1ccc(OCc2cccc(Oc3ccccc3)c2)cc1,pubchem_failed
COc1cc(ccc1Nc2ncc(Cl)c(n2)c3cnc4ccccn34)C(CO)CO,pubchem_failed
CNS(=O)(=O)c1ccc(Nc2nccc(n2)c3cnc4cccnn34)cc1,pubchem_failed
NC(=O)C(NC(=O)C1(N)CCN(CC1)c2ncnc3[nH]ccc23)c4ccc(Cl)cc4,pubchem_failed
COCCN(c1ccnc(Nc2cc(cc(c2)N3CCOCC3)N4CCOCC4)n1)c5cc(CO)ccc5C,pubchem_failed
Cc1ccc(NC(=O)[C@@H]2CCCN2S(=O)(=O)c3cccc4cccnc34)c(C)c1,pubchem_failed
OCCCNc1ccc2c(NC(=O)CC3CCCCC3)c(Cl)ccc2n1,pubchem_failed
O=C(Nc1ccncc1)c2cccc3ccccc23,pubchem_failed
O[C@@H]1CN(CCN2C(=O)C=Cc3ccc(cc23)C#N)CC[C@@H]1NCc4cc5OCCOc5cn4,pubchem_failed
CNc1ncnc2c(CNc3cc(NC(=O)c4ccc5OCCOc5c4)ccc3C)cccc12,pubchem_failed
Oc1cccc2nc(cc(O)c12)c3ccccc3,pubchem_failed
CC(C)Oc1cc(OCCN2CCN(CC2)C(=O)C)cc3ncnc(Nc4c(F)ccc5OCOc45)c13,pubchem_failed
NC(=O)Cc1nc(cs1)c2ccccc2,pubchem_failed
COC(=O)N1CCN(C(CC(=O)NCc2ccc3OCOc3c2)C1)c4ccnc(n4)n5ccnc5,pubchem_failed
CN(C1CCN(CCC(c2ccccc2)c3ccccc3)CC1)C(=O)Cc4ccc(O)cc4,pubchem_failed
OC(=O)c1cc2cc(ccc2n1Cc3ccc(Cl)c(Cl)c3)[N+](=O)[O-],pubchem_failed
Cc1cc(F)ccc1OC2CCN(CC3CCN(CC3)[C@@](C)(Cc4ccc(F)cc4)C(=O)O)CC2,pubchem_failed
CCN1CCC[C@H](CN2CCN(CC2)C(=O)Nc3ccc(Cl)c(Cl)c3)C1,pubchem_failed
COCC(C)n1nc(C)c(C(=O)N[C@@H](C)C(C)(C)C)c1NS(=O)(=O)c2ccc(C)cc2,pubchem_failed
COc1ccc(N(C(C(=O)NC2CCCC2)c3ccccc3F)C(=O)C)c(OC)c1,pubchem_failed
CCC[C@H](N1CCC[C@@H](C1)N2C=C(C)C(=O)NC2=O)c3ccc(C(=O)O)c(Oc4cccc(Cl)c4)c3,pubchem_failed
CC1=CN([C@H]2CCCN(C2)S(=O)(=O)c3ccc(O)c(Oc4ccc(Cl)c(C)c4)c3)C(=O)NC1=O,pubchem_failed
C[C@H](NC(=O)\C=C\c1ccccc1)c2cccc(c2)N3CCOCC3,pubchem_failed
CC(C)CN1C(=O)N(C)C(=O)c2c1nn(Cc3cccc4ccccc34)c2c5cncn5C,pubchem_failed
COCCNc1nc(nc(NCC(C)C)c1N)C#N,pubchem_failed
CC(C)n1c(C)ncc1c2nc(Nc3ccc(cc3)C(=O)N4CCN(C)CC4)ncc2F,pubchem_failed
CO[C@@H]1C[C@@H](N(Cc2cc3c(Nc4cccc(Cl)c4F)ncnc3cc2OC)C1)C(=O)N,pubchem_failed
CN[C@@H](C)C(=O)N[C@H](C(=O)N[C@H]1CCCN(CCc2ccccc2OC)C1)C(C)(C)C,pubchem_failed
Nc1ncc(cc1c2oc3ccccc3n2)c4cnn(c4)C5CCOCC5,pubchem_failed
CCN(C1CCN(CC[C@H](C2CCN(CC2)S(=O)(=O)C)c3ccccc3)CC1)C(=O)Cc4ccc(cc4)S(=O)(=O)C,pubchem_failed
CN(c1ccnc(Nc2cc(nc(n2)N3CCOCC3)N4CCOCC4)n1)c5cc(CO)ccc5C,pubchem_failed
CCCNC(=O)c1nnc2c(c(F)ccc2c1N)c3ncccn3,pubchem_failed
CCC(N(CCCN)C(=O)c1ccc(C)cc1)C2=Nc3ccn(C)c3C(=O)N2Cc4ccccc4,pubchem_failed
COC(=O)c1cccc(CN2NC(=O)C3=C(C2=O)C(=O)c4ccc(Cl)cc4N3)c1,pubchem_failed
CCN1CCN(CC1)C(=O)c2cc3ccccc3[nH]2,pubchem_failed
C[C@H]1O[C@H]([C@H](O)[C@@H]1O)n2cnc3c(N)nc(Oc4ccccc4)nc23,pubchem_failed
Cc1ccc(NC(=O)N2CCN(C[C@@H]3CCCN(C3)C4CC4)CC2)cc1Cl,pubchem_failed
COc1cc(Nc2ncc(C)s2)nc(N[C@@H](C)c3ncc(F)cn3)n1,pubchem_failed
OC(=O)c1[nH]c2ccccc2c1CC(=O)Nc3cccc(c3)C(F)(F)F,pubchem_failed
CC(C)(C)c1ccc(cc1)C2=NC(=O)C(CC(=O)O)S2,pubchem_failed
C[C@H]1CN(Cc2cc(Cl)ccc2OCC(=O)O)CCN1C(=O)Cc3cccc(Cl)c3,pubchem_failed
O=C(Oc1ccc2C(=O)CCOc2c1)c3ccccc3,pubchem_failed
COc1ccc2c(Oc3ccc(CC(=O)Nc4cn(C)nc4C)c(OC)c3)ccnc2c1,pubchem_failed
O=C(Nc1cc(ccn1)c2ccnc(Nc3ccccc3)c2)C4CCOCC4,pubchem_failed
COc1ccc(cc1)c2nc3c(NCCCNC(=O)C4(CN)CC4)c(Br)cnc3[nH]2,pubchem_failed
COc1cccc(OC)c1c2ccc(C[C@H](NC(=O)c3c(Cl)cccc3Cl)C(=O)O)cc2,pubchem_failed
COc1cc(OC)c(cc1NC(=O)\C=C\C(=O)O)S(=O)(=O)N2c3ccccc3Oc4ccccc24,pubchem_failed
C[C@H](Nc1nc(Nc2cc([nH]n2)C3CC3)cnc1C#N)c4ccc(F)cn4,pubchem_failed
NC1(CCC1)c2ccc(cc2)C3=Nc4ccccc4C(=O)N3c5ccccc5,pubchem_failed
CC(=O)Nc1ccc(O)cc1OC[C@@H](O)CN2CCC3(CC2)Cc4cc(F)ccc4O3,pubchem_failed
COc1cccc(Nc2ncnc3cc(OC)c(OC)cc23)c1,pubchem_failed
COc1cc2ncc(C(=O)N)c(Nc3ccc(C)cc3F)c2cc1OC,pubchem_failed
CN(c1ccc(c(Cl)c1)c2cc(F)ccc2OCC(=O)O)S(=O)(=O)C,pubchem_failed
Nc1cc(nc2c(cnn12)C#N)c3ccccc3,pubchem_failed
Brc1ccc(cc1)C2NC(=O)c3ccccc3N2,pubchem_failed
COc1cc(nc2c(cc(F)cc12)N3CCN(C)CC3)C(=O)Nc4ccc(cc4)N5CCOCC5,pubchem_failed
CN(C1CCN(CCC(c2ccccc2)c3ccccc3)CC1)C(=O)Cc4ccc(cc4)C#N,pubchem_failed
Cc1c(Cl)ccc(OC2CCN(CC3CCN(CC3)[C@@H](Cc4ccc(F)cc4)C(=O)O)CC2)c1Cl,pubchem_failed
C[C@@H]1CN(CCN1c2ncc(OCc3ccncc3C#N)cn2)c4noc(n4)C(F)(F)F,pubchem_failed
NC(=O)Nc1sc(cc1C(=O)N)c2ccc(CN3CCCCC3)cc2,pubchem_failed
Cc1oc(CN2CCNCC2)cc1C(=O)NCC34CC5CC(CC(C5)C3)C4,pubchem_failed
C[C@H](CO)Nc1nc(SCc2ccccc2F)nc3NC(=O)Sc13,pubchem_failed
OC(=O)COc1ccc(Br)cc1c2ccccc2,pubchem_failed
CCC(=O)N1CCN(CC1)C(=O)c2cc(CC3=NNC(=O)c4ccccc34)ccc2F,pubchem_failed
CCCOc1cc(OCCCN2CCCC2)ccc1C(=O)Nc3cccc(O)c3,pubchem_failed
CC(=O)N1CCOc2cc(COc3ccccc3)cnc12,pubchem_failed
Cc1sc(N)nc1c2ccccc2,pubchem_failed
CN(C)C(=O)c1ccc(cc1)C(=C2CCN(Cc3cscn3)CC2)c4cccc5cccnc45,pubchem_failed
Cc1ccc(\C=C(/C#N)\C(=O)N)cc1,pubchem_failed
CC1=CC2=NNC(=O)N2c3cc(ccc13)c4cccnc4,pubchem_failed
C1CN2CCC1C(=C2)c3oc4ccccc4c3,pubchem_failed
OCC1=CC2=NNC(=O)N2c3cc(ccc13)c4ccc[nH]4,pubchem_failed
Nc1ccc2c3ccccc3C(=O)c2c1,pubchem_failed
Nc1ncnc2sc(nc12)c3c(ncn3Cc4ccccc4N5CCOCC5)c6ccccc6,pubchem_failed
CC1=CN([C@H]2CCCN(C2)[C@H](CC3CCCCC3)c4ccc(C(=O)O)c(Oc5cccc(Cl)c5)c4)C(=O)NC1=O,pubchem_failed
CN1CCN(CCOc2n[nH]c3ncnc(Nc4ccc(OCc5ccccn5)c(Cl)c4)c23)CC1,pubchem_failed
COc1nc(Br)cnc1NS(=O)(=O)c2ccc(Cl)s2,pubchem_failed
CC(C)NC(=O)c1ccc2c(Nc3ccc(Cl)cc3)nc(nc2c1)N4CCOCC4,pubchem_failed
Oc1ncnc2scc(c3ccccc3)c12,pubchem_failed
NC1(CCN(CC1)c2ncnc3[nH]ccc23)C(=O)NC(CCCN4CCOCC4)c5ccc(Cl)cc5,pubchem_failed
COc1cc(ccc1Nc2nccc(n2)c3cnc4ccccn34)N5CCN(CC5)C(=O)C,pubchem_failed
O=C1NC(=O)C(Cc2cccc(Oc3ccccc3)c2)S1,pubchem_failed
CCCc1c(cnn1c2ccccc2)C(=O)Nc3ccc(F)cc3C,pubchem_failed
OCCNC(=O)CN1C(=O)C(Cc2ccccc12)NC(=O)c3cc4cc(Cl)sc4[nH]3,pubchem_failed
O[C@@H](CNCCOc1cccc(CNCCc2ccccc2F)c1)c3ccc(O)c4NC(=O)Sc34,pubchem_failed
Clc1ccc2OCOc2c1Nc3ncnc4cc(OCCCN5CCCC5)cc(OC6CCOCC6)c34,pubchem_failed
O=C(NCC#N)[C@@H]1CCCC[C@H]1C(=O)N2CCN(CC2)c3ccccc3,pubchem_failed
CC1=CN([C@H]2CCCN(C2)S(=O)(=O)c3ccc(C(=O)O)c(Oc4ccc(Cl)c(Cl)c4)c3)C(=O)NC1=O,pubchem_failed
CC(C)C(NC(=O)CN1C(=O)C2=C(C=C1c3ccccc3)C(=O)N(CCN4CCOCC4)C(=O)N2)C(=O)C(F)(F)F,pubchem_failed
Clc1cccc(c1)S(=O)(=O)NCC(N2CCCCCC2)c3ccccc3,pubchem_failed
C[C@H](Oc1nc(Nc2cc(C)[nH]n2)c(C)nc1C#N)c3ccc(F)cn3,pubchem_failed
CO[C@@H]1CC[C@@]2(CC1)Cc3ccc(cc3C24N=C(C)C(=N4)N)c5cc(Cl)cc(c5)C#N,pubchem_failed
Cn1cnc2c(c3ccc(cc3)C4(N)CCC4)c(ccc12)c5ccccc5,pubchem_failed
CC(C)NC(=O)c1cc2c(c(cnc2[nH]1)c3cncc(c3)C(=O)O)n4ccc(n4)C(F)(F)F,pubchem_failed
Cc1[nH]c(C(=O)NC2CCN(CC2)c3ncc(s3)C(=O)O)c(Cl)c1Cl,pubchem_failed
COc1cc(OC2CCNCC2)ccc1Nc3ncc(Cl)c(n3)c4cnc5ccccn45,pubchem_failed
CC(C)c1ccc(Sc2cnc(O)c(c2)C(=O)NCc3ccccc3)cc1,pubchem_failed
Cc1ccc2c(c1)c(c(C)n2CC(=O)O)c3ccnc4c(C)cccc34,pubchem_failed
Fc1ccccc1Nc2oc(nn2)C(=O)Nc3ccc(Oc4cccnc4)nc3,pubchem_failed
Cc1ccc(cc1)c2nnc(N3CCN(CC3)C(=O)c4occc4)c5ccccc25,pubchem_failed
CC(=O)Nc1ccc(CNc2[nH]nc3cccc(Oc4ccc(cc4)S(=O)(=O)C)c23)cc1,pubchem_failed
CCS(=O)(=O)c1ccc(c(C)c1)c2cc(ccc2CCC(=O)O)C(F)(F)F,pubchem_failed
COc1ccc(OC)c(CNc2n[nH]c3ccnc(Oc4ccccc4)c23)c1,pubchem_failed
CC(C)Cc1ccc(cc1)[C@H](C)C(=O)NS(=O)(=O)C,pubchem_failed
COCCC(NC(=O)C1(N)CCN(CC1)c2ncnc3[nH]ccc23)c4ccc(Cl)cc4,pubchem_failed
COc1cc(OC)c(cc1NC(=O)NCC(=O)O)S(=O)(=O)N2C(C)CCc3ccccc23,pubchem_failed
NC(=O)Nc1cc(sc1C(=O)N)c2ccsc2,pubchem_failed
COc1cc(F)ccc1c2cncc(CNCC3CC3)n2,pubchem_failed
CCCNC(=O)c1cc2c(c(cnc2[nH]1)c3cncc(c3)C(=O)O)n4ccc(n4)C(F)(F)F,pubchem_failed
COc1cc(OC2CCN(C)CC2)c3c(Nc4cccc5OCCOc45)ncnc3c1,pubchem_failed
FC(F)(F)Oc1ccccc1S(=O)(=O)NCC(N2CCCCCC2)c3ccccc3,pubchem_failed
CC(C)COc1cc(ccc1NC(=O)CN2CCOCC2)c3cccc4C(=O)C=C(Oc34)N5CCOCC5,pubchem_failed
CN1CCOc2cc(OC(=O)c3ccccc3)cnc12,pubchem_failed
Nc1sc2CCCCc2c1C(=O)NCc3ccccc3,pubchem_failed
CN1CCC(CC1)Oc2cccc3ncnc(Nc4ccc(OCc5cnccn5)c(Cl)c4)c23,pubchem_failed
CC(C)CNc1nc(nc(N2CCN(CC2)C(=O)C)c1N)C#N,pubchem_failed
CC1=CC2=NNC(=O)N2c3cc(ccc13)c4cccc(CO)c4,pubchem_failed
Nc1cccc2c3ccccc3C(=O)C(=O)c12,pubchem_failed
CC(C)(C)OC(=O)N1CCN(CC1)c2ncc(OCc3ccncc3S(=O)(=O)C)cn2,pubchem_failed
CNc1cccc(CCCc2ccc(C[C@H](NC(=O)c3c(Cl)cccc3Cl)C(=O)O)cc2)n1,pubchem_failed
O=C(NCc1ccncc1)c2ccc(Oc3ccccc3)cc2,pubchem_failed
OC(=O)COc1ccc(Cl)cc1CN2CCN(CC2)S(=O)(=O)Cc3ccccc3,pubchem_failed
C[C@@H](NC(=O)C1CCNCC1)c2ccc(Nc3ncc4cc(ccc4n3)c5ccncc5)cc2,pubchem_failed
CN(C)C[C@H](O)Cc1ccc(Cl)c(c1)C(=O)NCC23CC4CC(CC(C4)C2)C3,pubchem_failed
COc1cc(Nc2cc(Oc3ccc(C)nc3)ccn2)cc(OC)c1OC,pubchem_failed
CC1=NC(C)(N=C1N)c2cccc(c2)c3cccnc3,pubchem_failed
COc1cc(F)ccc1c2cc(CNC3CCCC3)ccn2,pubchem_failed
NC(=N)Nc1oc2ccccc2n1,pubchem_failed
Cc1nc2nc(NC(=O)c3ccc(F)cc3)nn2c(O)c1Cc4ccccc4,pubchem_failed
CN(C)CCCOc1nccc(Nc2cc(NC(=O)c3ccnc(c3)N4CCOCC4)ccc2C)n1,pubchem_failed
CCS(=O)(=O)c1ccc(cc1)c2cc(Cl)ccc2OCC(=O)O,pubchem_failed
Cn1cc(cc1c2c3C(=O)N(CC#C)C(=O)N(CC4CC4)c3nn2Cc5ccnc6ccc(Cl)cc56)C#N,pubchem_failed
COc1cc(Nc2nc(N[C@@H](C)c3ncc(F)cn3)nc(N4CCOCC4)c2F)n[nH]1,pubchem_failed
Cc1cccc(Nc2ncnc3ccccc23)c1,pubchem_failed
OCCCNCCCOc1ccc(Cl)c(c1)C(=O)NCC23CC4CC(CC(C4)C2)C3,pubchem_failed
CCOC(=O)c1ccc(OCCC2(CCN(CC2)c3ccc(C)nn3)C#N)cc1,pubchem_failed
Fc1ccc(cc1)C(=O)C2CCN(CC2)C(=O)N3CCOCC3,pubchem_failed
Cc1cc(Cl)ccc1N2CCN(CC2)C(=O)COCc3ccncc3,pubchem_failed
CC1CN(CCN1)C(=O)c2cc3ccccc3[nH]2,pubchem_failed
Cc1cc(C)cc(c1)c2c(O)nc3cc(Cl)c(cc3c2OCCC4CCCCN4)C(=O)Nc5ccncn5,pubchem_failed
Clc1cccc(C(=O)NCC23CC4CC(CC(C4)C2)C3)c1Cl,pubchem_failed
CCOc1ccc(cc1)c2cnc3CCCCCn23,pubchem_failed
CNc1c(Br)cnc2[nH]c(nc12)c3ccnc(N)c3,pubchem_failed
COc1cc(ccc1Nc2ncc(Cl)c(n2)c3cnc4ccccn34)N5CCN(CC5)C(=O)C,pubchem_failed
FC(F)(F)c1ccc(NC(=O)N2CCN(C[C@@H]3CCCN(C3)C4CC4)CC2)cc1Cl,pubchem_failed
CN[C@@H](C)C(=O)N[C@H](C(=O)N1CC[C@H]2CC[C@H](NC(=O)c3cccc4ccccc34)[C@@H]12)C(C)(C)C,pubchem_failed
COc1cc(F)ccc1c2cccc(CNC3CCCC3)c2,pubchem_failed
COc1cc(ccc1NC(=O)CN2CCOCC2)c3cccc4C(=O)C=C(Oc34)N5CCOCC5,pubchem_failed
CCOc1cc(ccc1NC(=O)CN2CCOCC2)c3cccc4C(=O)C=C(Oc34)N5CCOCC5,pubchem_failed
C1CN2CCC1C(C2)c3ccc(cc3)c4ccccc4,pubchem_failed
Cc1cc(NC(=O)c2oc(Nc3ccccc3F)nn2)ccc1N4CCOCC4,pubchem_failed
Fc1ccc(CC2=NNC(=O)c3ccccc23)cc1C(=O)N4CCN(CC4)C(=O)C5CCOC5,pubchem_failed
CCNC(=O)c1cc2c(c(cnc2[nH]1)c3cnc(OC)c(c3)C4=NNC(=O)O4)n5ccc(n5)C(F)(F)F,pubchem_failed
Clc1cc(Cl)c2c3C(=O)NNC(=O)c3[nH]c2c1,pubchem_failed
CCCCC(NC(=O)CC1CCN(Cc2ccn(c2)c3ccc(cc3)C(F)(F)F)CC1)C4=CNC(=O)C=C4,pubchem_failed
Fc1cccc(Nc2oc(nn2)C(=O)Nc3ccc(nc3)N4CCOCC4)c1,pubchem_failed
CN(C)CC(O)COc1ccc(Nc2nccc(Nc3cc(C)ccc3F)n2)cc1,pubchem_failed
CCOc1ccc(NC(=O)CCc2c(C)nc3nc(C)nn3c2C)cc1,pubchem_failed
CNc1c(Br)cnc2[nH]c(nc12)c3cccc(N)c3,pubchem_failed
Nc1nc(N)nc(n1)c2ccc(Cl)cc2,pubchem_failed
COc1cc(c2nc(cc(n2)C3(CC3)S(=O)(=O)C)N4CCOCC4)c5cc[nH]c5c1,pubchem_failed
CN(C1CCCCC1)C(=O)c2c(C)nn(c2NS(=O)(=O)c3ccc(C)cc3)c4ccccc4,pubchem_failed
COc1ccc(Nc2cc(Nc3ccc(OCC(O)CN(C)C)cc3)ncn2)cc1,pubchem_failed
CC(C)S(=O)(=O)NCC(C)c1ccc(cc1)c2ccc(cc2)C#N,pubchem_failed
O=C(CSc1ccccc1)N2CCN(CC2)C(=O)c3occc3,pubchem_failed
NC1=NC2(CCN(CC2)C(=O)c3ccc(cc3)C#N)Nc4c(F)ccc(F)c14,pubchem_failed
CN(C)C(=O)[C@H](Cc1ccccc1)NC(=O)c2cc3ccsc3[nH]2,pubchem_failed
CC(C)C(NC(=O)CN1C(=O)C(=CN=C1c2cc(F)cc(F)c2)N)C(=O)C(F)(F)F,pubchem_failed
CC(C)N(C(C)C)c1nnc(N)s1,pubchem_failed
CS(=O)(=O)c1ccc(CC(=O)N(C2CC2)C3CCN(CCC(c4ccccc4)c5ccccc5)CC3)cc1,pubchem_failed
Nc1ccc(OCc2ccccc2)cc1,pubchem_failed
CCN(C1CCN(CCC(c2ccccc2)c3ccccc3)CC1)C(=O)NCc4ccc(F)cc4,pubchem_failed
Nc1n[nH]c2ncc3CCCCCCc3c12,pubchem_failed
C[C@@H](NC(=O)[C@H]1CCCNC1)c2ccc(Nc3ncc4cc(ccc4n3)c5ccncc5)cc2,pubchem_failed
Cc1c(Sc2ccc(Cl)cc2)c3c(C#N)c(Cl)ccc3n1CC(=O)O,pubchem_failed
NS(=O)(=O)c1ccc2NC(C3CC=CC3c2c1)c4cccc5ccccc45,pubchem_failed
CC[C@H](NC(=O)c1c([S+](C)[O-])c(nc2ccccc12)c3ccccc3)c4ccccc4,pubchem_failed
Cc1ccnc(NCc2ccccc2O)c1,pubchem_failed
O[C@@H](CNCCCSCCOCCc1cccc2ccccc12)c3ccc(O)c4NC(=O)Sc34,pubchem_failed
COc1cc(ccc1Nc2ncc(Cl)c(n2)c3cnc4ccccn34)N5CCN(CCS(=O)(=O)C)CC5,pubchem_failed
COc1ccc(cc1)c2nc(N)s[n+]2c3ccccc3,pubchem_failed
O=C1NC(=O)C(Cc2ccc3ccccc3c2)S1,pubchem_failed
Cc1ccc(cc1NC(=O)c2ccc(OCc3ccccn3)cc2)c4cn(C)cn4,pubchem_failed
O=C(CN1CCOCC1)Nc2ccc(cc2OCC3CC3)c4cccc5C(=O)C=C(Oc45)N6CCOCC6,pubchem_failed
c1ccc(cc1)c2[nH]nc3ccccc23,pubchem_failed
CCCCC(N1NC(=O)c2nc3cc(Cl)ccc3c(O)c2C1=O)c4ccncc4,pubchem_failed
CCOc1ccccc1N2CCN(Cc3c[nH]nc3c4ccc(F)cc4)CC2,pubchem_failed
Fc1cc(ccc1C2=CCS(=O)(=O)CC2)N3C[C@H](Cn4nncc4F)OC3=O,pubchem_failed
C[C@@H]1CC[C@H](CC1)Oc2nc(N)c3ncn([C@@H]4O[C@H](C)[C@@H](O)[C@H]4O)c3n2,pubchem_failed
CC(C)CN1C(=O)N(C)C(=O)c2c1sc(Cc3ccnc4ccccc34)c2C(=O)N5CC[C@@H](O)C5,pubchem_failed
CC(=O)C1=Cc2ccc(O)cc2OC1=O,pubchem_failed
C[C@@](O)(C(=O)Nc1ccc(cc1Cl)S(=O)(=O)NCCN2CCOCC2)C(F)(F)F,pubchem_failed
[O-][N+](=O)c1cccc2C(=O)C(=O)c3ccccc3c12,pubchem_failed
CC(=O)N[C@@H]1CC2(CCN(Cc3ccc4[nH]c5ccccc5c4c3)CC2)c6ccccc16,pubchem_failed
CC(C)(C)C(=O)N[C@H]1CCCCNC1=O,pubchem_failed
Oc1cc(ccc1NC(=O)CN2CCOCC2)c3cccc4C(=O)C=C(Oc34)N5CCOCC5,pubchem_failed
CCCSc1c(cnn1c2ccc(cc2)C(=O)O)C(=O)NC3CCCCC3,pubchem_failed
Cc1ccc(cc1)c2c[nH]nn2,pubchem_failed
CCCCOc1nc(N)c2NC(=O)N(Cc3cccc(CC(=O)O)c3)c2n1,pubchem_failed
O=S(=O)(Nc1cccc2[nH]ncc12)c3cccs3,pubchem_failed
COc1cc(OC)c(cc1NC(=O)C)S(=O)(=O)NCc2ccccc2N3CCC(CO)CC3,pubchem_failed
COCCNCc1ccc(cc1)c2cc(C(=O)N)c(NC(=O)N)s2,pubchem_failed
C[C@H](NC(=O)c1c(C)nn(C2CCCCC2)c1NS(=O)(=O)c3ccc(C)cc3)C(C)(C)C,pubchem_failed
Cc1cc(n[nH]1)c2ccc(Cl)c(c2)C(=O)NCC3(O)CCCCCC3,pubchem_failed
Fc1ccc(CNC(=O)CCS(=O)(=O)c2ccc(Br)cc2)cc1,pubchem_failed
CC1(CC(=O)NC(=N1)N)c2ccccc2,pubchem_failed
CN(C)C(=O)[C@H](Cc1ccccc1)NC(=O)c2cc3ccccc3[nH]2,pubchem_failed
C[C@H](Nc1cncc(Nc2ncc(C)s2)n1)c3ncc(F)cn3,pubchem_failed
Cc1ccc(Oc2ccc(Nc3ncnc4[nH]nc(OCCN5CCC(O)CC5)c34)cc2Cl)cn1,pubchem_failed
OC(=O)c1ccc(cc1)N2CCC(CN3CCC(CC3)Oc4ccc(Cl)c(Cl)c4)CC2,pubchem_failed
COc1ccc(cc1N2CC(=O)NS2(=O)=O)c3ccccc3,pubchem_failed
CCOc1ccccc1CNCc2cccc(CCNC[C@H](O)c3ccc(O)c4NC(=O)Sc34)c2,pubchem_failed
OC(=O)COc1ccc(cc1c2ccccc2c3ccccc3)C(F)(F)F,pubchem_failed
Cc1nc(cs1)C(=O)N2CCCC3(CCN(Cc4ccc(Cl)cc4)CC3)C2,pubchem_failed
COc1cc(Nc2nc3c(cc2F)ncn3[C@@H](CO)c4ccc(F)cn4)n[nH]1,pubchem_failed
CC1(CCN(CC1)C(=O)COCc2ccncc2)c3ccc(Cl)cc3,pubchem_failed
NC1(CCN(CC1)c2ncnc3[nH]ccc23)C(=O)NC(CO)c4ccc(Cl)cc4,pubchem_failed
CNC(=O)c1cccc(c1c2ccc(CC(C)C)cc2)S(=O)(=O)Nc3ncc(C)nc3OC,pubchem_failed
CCC(CC)NC(=O)c1cnn(Cc2ccccc2)c1NS(=O)(=O)c3ccc(C)cc3,pubchem_failed
COc1cc2c(Nc3cc(CC(=O)Nc4cccc(F)c4F)[nH]n3)ncnc2cc1OCCCN(CCO)CC(C)C,pubchem_failed
COc1cc2c(Nc3c(Cl)ccc4OCOc34)ncnc2cc1OCCCN5CCCCC5,pubchem_failed
COc1cc2ncnc(Oc3cnn(CC(=O)Nc4ccc(cn4)N(C)C)c3)c2cc1OC,pubchem_failed
C(Cn1c2CCCCc2c3c(nc(nc13)N4CCCC4)N5CCCC5)N6CCOCC6,pubchem_failed
CC(C)(C)OC(=O)N1CCN(CC1)c2ncc(OCc3ccc(cc3)S(=O)(=O)C)nn2,pubchem_failed
CC(C)C(NC(=O)CN1C(=O)C(=CN=C1c2cccs2)N)C(=O)C(F)(F)F,pubchem_failed
Cc1ccnc2nc(nn12)C(=O)Nc3nccs3,pubchem_failed
OC(=O)[C@H](Cc1ccc(cc1)N2CCN(CC2)c3ccccc3)NC(=O)c4c(Cl)cccc4Cl,pubchem_failed
CCNC(=O)Nc1nc2cc(ccc2[nH]1)c3cccnc3,pubchem_failed
CN1CCCC1CCOC(C)(c2ccccc2)c3ccc(Cl)cc3,pubchem_failed
NC1=NC(CC(=O)N1)c2ccc(Cl)c(Cl)c2,pubchem_failed
Oc1c(C#N)c(nc2ccncc12)c3ccc(cc3)c4ccccc4OC(F)(F)F,pubchem_failed
NCC(O)(c1ccc(Cl)cc1)c2ccc(Cl)cc2,pubchem_failed
O[C@@H](CNCCOCCCNCCc1cccc(Cl)c1)c2ccc(O)c3NC(=O)Sc23,pubchem_failed
CN1CCC[C@@H]([C@H]1C(=O)Nc2ccc(OCc3cc(C)nc4ccccc34)cc2)C(=O)NO,pubchem_failed
COC(=O)COc1ccc(cn1)C(=O)Nc2ccc(F)cc2,pubchem_failed
CCC(N1NC(=O)c2nc3cc(Cl)ccc3c(O)c2C1=O)c4ccccn4,pubchem_failed
Cc1cccc(Nc2oc(nn2)C(=O)Nc3ccc(nc3)N4CCOCC4)c1,pubchem_failed
CCOC(=O)c1ccc(OCC2CN(C2)c3ccc(C)nn3)cc1,pubchem_failed
COc1cc(F)ccc1c2cncc(CNC3CCCCC3)c2,pubchem_failed
Oc1cccc(NC(=O)c2ccc(OCCCN3CCCC3)cc2OCc4ccccn4)c1,pubchem_failed
CC1CC(N(C(=O)C)c2ccccc2)c3ccccc3N1S(=O)(=O)c4ccccc4,pubchem_failed
OCCc1ccc(NC(=O)c2cc3cc(Cl)ccc3[nH]2)cc1,pubchem_failed
CCN(C1CCN(CCC(c2ccc(F)cc2)c3ccc(F)cc3)CC1)C(=O)Cc4ccc(cc4)S(=O)(=O)C,pubchem_failed
COc1cccc2[nH]ncc12,pubchem_failed
Clc1ccc2ncccc2c1C(=O)NCC3CCCCC3,pubchem_failed
CN1C(=O)C=C(CCc2ccc3ccccc3c2)N=C1N,pubchem_failed
